video_id,url_id
0,7441204604273986842
1,7441231919775304998
2,7441247771501399315
3,7441157441477250339
4,7441171880955923724
5,7441128361688173858
6,7441172031166614843
7,7441246528737479993
8,7441225815032892722
9,7441167189404683558
10,7441211212093721914
11,7441174568577928508
12,7441160638602284314
13,7441307051533356323
14,7441307521970720009
15,7441249633109675279
16,7441143368844873018
17,7441558830837747001
18,7441547773725445413
19,7441407772018674980
20,7441452304856894783
21,7441833599042620710
22,7441988011564338441
23,7442139764310002984
24,7442138669110070565
25,7441114347667082537
26,7441133813889010978
27,7441216111363804456
28,7441363954112204095
29,7441121463886728511
30,7441195365677731099
31,7441243392949996841
32,7441070519790669092
33,7441227295962025242
34,7441140501337607458
35,7441116879126646067
36,7441002544421244212
37,7441056275657461030
38,7441067085091933478
39,7441209542853037350
40,7441129477028973858
41,7441133350762319130
42,7441175572664896780
43,7441061541090184488
44,7441112215421324581
45,7441146432763088166
46,7441378997092633866
47,7441392331816701203
48,7441365421825002788
49,7441588312378248483
50,7441435247729839372
51,7441228625992764682
52,7441435170571341107
53,7441526059159407922
54,7441404694318107941
55,7441587607391309107
56,7441524292300541242
57,7441414951933168907
58,7441402572776230195
59,7441487948287167756
60,7441788261539892518
61,7442161394994154809
62,7442551279479557403
63,7442586712242392378
64,7441163791917714747
65,7441181876196297984
66,7442923164801256739
67,7440632837205806393
68,7440665236580961576
69,7440862932671499555
70,7440728694232042791
71,7440676809823358235
72,7440654013936307467
73,7442962051862957346
74,7440857571285552424
75,7440827473639525682
76,7440844828268612876
77,7440985770078375205
78,7440891672008953107
79,7440974811020446995
80,7440982339649326394
81,7440789211709541669
82,7440777815030517011
83,7440849904223784207
84,7440872122228034873
85,7440849910393474313
86,7440606312284638491
87,7440801035410492699
88,7440838634523200804
89,7440772710508055866
90,7440832607601937724
91,7440766453717945626
92,7440774446945668386
93,7440942365361098036
94,7440980185689640219
95,7440995569591504128
96,7440891533643009291
97,7441003200565529914
98,7441127179188047161
99,7441151643321732402
100,7441085636586556682
101,7441431262696410394
102,7441602530397801779
103,7441414437103226124
104,7441393379868429604
105,7442283572393790778
106,7442356916883344699
107,7440868130139721017
108,7440707997459877130
109,7440632060760329498
110,7440350337183042856
111,7440409913211276544
112,7440735097055153420
113,7440632326507285798
114,7441131268923739430
115,7441080617229356340
116,7441235721983233315
117,7441057432203267367
118,7440113303705128251
119,7440769535516429578
120,7440964735878565180
121,7440960969515207963
122,7440317442070498569
123,7440883722343222569
124,7440823435283975461
125,7440892435850431759
126,7441163368901184794
127,7441226562680180019
128,7441161146997951780
129,7441196392678247691
130,7441168773022846249
131,7441126198555512121
132,7441070660463381779
133,7441049167008468239
134,7441057696775720252
135,7441146447375977778
136,7441321711695351097
137,7440690831335378210
138,7440683311208467751
139,7440791963969916223
140,7440769430482717963
141,7440684000856886540
142,7440988990431350051
143,7440710480093564170
144,7440613003365535036
145,7440630885919001866
146,7440628340358122788
147,7440515039561289001
148,7440617354146450699
149,7440721600493686073
150,7440746193979755827
151,7440632024630562058
152,7440731741700115749
153,7440668025147215167
154,7440788751208533298
155,7440615526285577510
156,7440786058909879591
157,7440745707029482793
158,7441179392383929660
159,7441535205883661619
160,7440779784096861449
161,7442939183804534073
162,7442924974307904820
163,7440705333187693864
164,7440766702897417523
165,7440684253081275659
166,7440759631112113443
167,7440820683879304506
168,7440767695320042810
169,7440803011397471546
170,7440755258294308130
171,7440775663121878283
172,7440710451605916940
173,7441080070006967609
174,7440819074059324735
175,7440742060472274187
176,7440812756300827942
177,7440764764403322172
178,7440724383611587855
179,7440741352310164770
180,7440722053960895796
181,7440793391585185033
182,7440691543926721827
183,7440791359407017231
184,7440762478327287099
185,7440754152185007369
186,7440726732836998454
187,7440849409723665674
188,7440699991728868608
189,7440752532634373439
190,7440780880479604022
191,7440738282721365263
192,7440749350944378123
193,7440688162814381351
194,7440768960879938866
195,7440793767805766970
196,7440760144859876646
197,7440727891052203283
198,7440860885540785465
199,7440737927958695226
200,7440804065249922358
201,7441062536759282971
202,7441084243800821004
203,7440948280189652276
204,7441101323497508137
205,7441089341197143332
206,7440982365003943202
207,7440997548233329971
208,7441143815785745676
209,7440992811723328822
210,7441000212740607258
211,7441340199881280826
212,7442163466636430601
213,7443207056649227580
214,7443417620071648539
215,7438891410654252328
216,7439286375557500197
217,7441168118627536138
218,7441132724124945698
219,7442295349626080512
220,7443799368655703311
221,7440498054324636979
222,7440475416600579387
223,7440470299994377531
224,7440627056053849396
225,7440617560661314866
226,7440638077598469439
227,7441100135725059386
228,7441165177199873337
229,7440363719101631778
230,7440415604273728806
231,7440392190053977403
232,7440371366496423195
233,7440495473925819688
234,7440396265155759420
235,7440838411029712191
236,7440775028901154111
237,7440838832372583695
238,7440462216329006393
239,7440465340582087994
240,7440366029433228554
241,7440448961153895689
242,7440401122516323623
243,7440416039243943227
244,7440765598545497378
245,7440642161130933563
246,7440834076904426790
247,7440634124043357499
248,7440510119969885490
249,7440873961224670476
250,7440628429453528377
251,7440876837720329513
252,7441173755226852619
253,7441220336558837052
254,7441214007526149433
255,7441135118837632314
256,7441110606058425650
257,7441062537573010714
258,7441343743258643775
259,7441274684437433612
260,7441608064517639483
261,7441535752690781497
262,7441483517147532554
263,7441441726285368634
264,7441544914434821386
265,7441366545554623754
266,7441771664490237219
267,7441725480312655141
268,7441950177872694591
269,7441933159500926245
270,7441945516323228965
271,7441666590707436860
272,7441832855249915147
273,7441951790175669554
274,7441748368105213236
275,7441625097561001273
276,7442256099895725327
277,7442447909586472203
278,7442797244966800659
279,7442790652598865188
280,7443189024262458663
281,7443262354055367974
282,7444085478829182266
283,7441061773874072832
284,7441101704394804490
285,7441036731945635130
286,7440715788769627426
287,7441064435134876963
288,7441207883791977743
289,7440647971772976434
290,7441126227978571027
291,7441356515304377658
292,7440235971452423481
293,7441125869961170236
294,7441118066643062073
295,7441206366049439036
296,7441143178654158107
297,7441105801290321192
298,7441384566717156667
299,7441330187549068594
300,7441389807357431050
301,7441393825395871036
302,7441045486447906074
303,7441231714053066041
304,7441211760167718201
305,7441218642533977359
306,7441143557810818323
307,7441221482212052276
308,7441113946041355579
309,7441157647438482740
310,7441134244891479355
311,7441112951622274314
312,7441141184417860924
313,7441057130532195624
314,7441200096261262611
315,7441141968492645695
316,7441130272365481275
317,7441220784275721530
318,7441065056680414524
319,7441254747585269051
320,7441397638513184060
321,7441343633367797030
322,7441367595699178810
323,7441385316944055593
324,7441257844126518585
325,7441386902487305511
326,7441325498464079161
327,7441347052128292130
328,7441367876214246714
329,7441468651598794020
330,7441611062429977866
331,7441436135764577563
332,7441486668512759078
333,7441603236965944634
334,7441429824255593754
335,7441557389607783695
336,7441466640488729913
337,7441557572026404154
338,7441421081233083688
339,7441404828397391130
340,7441835932036205864
341,7441871011823275322
342,7441929784671735100
343,7441862464934923557
344,7441900005880810792
345,7442261834226306355
346,7442530108608367932
347,7443015703948430592
348,7443781217511574822
349,7440772087905635647
350,7440686868389170472
351,7440714761462926602
352,7440796302838943036
353,7440771078147870012
354,7440688676042018108
355,7440695236168355107
356,7440743889994075451
357,7440790499159461178
358,7440819427081194804
359,7440738175565172027
360,7440516275832360244
361,7440705329085599016
362,7440678450798611721
363,7440369294652771594
364,7440421729542868282
365,7440697807352237339
366,7440685133167988018
367,7440731682254097679
368,7440813532305689914
369,7440544909808962835
370,7440855190334360895
371,7440670317359516939
372,7440723774384672000
373,7440757424656583973
374,7440734680221011252
375,7440794247034391860
376,7440784817890856244
377,7440775273143864615
378,7440690963393154314
379,7440785753644240154
380,7440675584948079924
381,7440700422190288180
382,7440675682037861670
383,7440658643214732544
384,7440709174650064162
385,7440670781157248283
386,7440626646643756288
387,7440756353922092346
388,7440695144581483788
389,7440669833064172852
390,7440731382726348089
391,7440660671685086515
392,7440824227814559034
393,7440782359969942841
394,7440780653219597602
395,7440790673063709991
396,7440688737975078183
397,7440685339317931314
398,7440676281794022668
399,7440795503345831178
400,7440694664090422578
401,7440781953256688931
402,7440773209743559951
403,7440787211252993319
404,7440819235447721243
405,7440702509242387769
406,7440869555175427340
407,7440754350588316969
408,7440774984538033435
409,7440665877462273315
410,7440658122278063418
411,7440673429704953126
412,7440725328332410121
413,7440678081083264307
414,7440656137923349797
415,7440808702178790719
416,7440704574370909459
417,7440749070135659811
418,7440775683002862885
419,7440796043828088083
420,7440713410112802085
421,7440787027240570124
422,7440852059546455322
423,7440691653054074169
424,7440743448967171347
425,7440811485498002700
426,7440773153174965556
427,7440811421782347045
428,7440757791230315813
429,7440749240164338981
430,7440700346017631548
431,7440842605002329403
432,7440805391006534971
433,7440627153202384139
434,7440811260570062089
435,7440708780620369171
436,7440752579933506854
437,7440758494371777843
438,7440678723965291810
439,7440653364242681099
440,7440733646727761162
441,7440833275846806803
442,7440833591778610441
443,7441052339479416116
444,7440891785766882611
445,7441131968894389561
446,7441114765952322873
447,7440886529964264745
448,7441016732526972212
449,7441029580913249562
450,7441133158134844712
451,7441146184800111887
452,7441063016822492466
453,7441145880327113999
454,7441152450976877882
455,7441076996496575779
456,7440821331215666491
457,7441141441461636411
458,7441109574599396671
459,7440993208500374794
460,7441106760510819621
461,7441142794372025609
462,7441015207364807999
463,7441105167656783145
464,7441185940812467513
465,7441232599785245961
466,7441547109918117155
467,7441510906263096636
468,7441252880729820475
469,7441387046431739172
470,7441270296956374298
471,7441839651230321977
472,7441899169628851497
473,7441901475225193779
474,7441782819480735003
475,7442216326401117478
476,7442214045085715747
477,7442265991805013248
478,7443701413496098099
479,7443345168960458025
480,7441528021879770426
481,7441289029649173794
482,7443045312085773609
483,7443648165141630268
484,7443686658416921915
485,7443800760371989797
486,7443778910170467642
487,7443495073708379450
488,7443809775340539196
489,7443806105949523240
490,7443775789847350586
491,7443787194512264507
492,7441422692131163450
493,7440865827122842892
494,7441538313967783228
495,7441860076257824038
496,7441927140213263653
497,7441997258167586089
498,7442669371136249098
499,7441572849174760761
500,7440871027090984244
501,7442646943316200744
502,7441059472178531593
503,7441095992771923234
504,7441105341506456847
505,7441054066882465059
506,7441490202385747210
507,7440862057567702322
508,7441018440938245426
509,7441192374467972361
510,7441560254749461794
511,7441560134087675170
512,7441779960462740736
513,7441559037218524428
514,7443656703037426963
515,7441402776548085001
516,7441425805080644918
517,7441398735323548980
518,7441507447220505910
519,7441558402943323442
520,7441835350244199714
521,7441215002507332921
522,7441551984836037948
523,7441416347017415971
524,7441422254308691236
525,7441620648473939258
526,7442163942157258043
527,7441220577311903017
528,7441219764346801468
529,7441119030083210505
530,7441102618325175604
531,7441115742528998690
532,7441385925877288227
533,7441429520390950180
534,7441459965325266226
535,7441379868178287924
536,7441533386717449481
537,7441473221163093259
538,7441399135992909068
539,7441593224998833467
540,7441456206767541514
541,7441511985486843146
542,7441402981569858851
543,7441488207629389095
544,7441544615896845620
545,7441357191098928442
546,7441405109206093094
547,7441488337669573938
548,7441437684465257767
549,7441249089997524282
550,7441466966931524916
551,7441541945152818443
552,7441430527044832521
553,7441532376833953063
554,7441473868612586788
555,7441427977633680666
556,7441411502197706021
557,7441493798900763955
558,7441477702948752679
559,7441448558336822563
560,7441744035133312265
561,7441917019697532212
562,7441906772278840586
563,7441816101102701836
564,7441929822319775033
565,7441875876955950388
566,7442214755424587017
567,7442670024491289907
568,7443654565238443300
569,7441910001796418868
570,7442291556746382646
571,7442089788548631847
572,7442165506741751066
573,7442172654313901322
574,7442006663600557352
575,7442175493987667251
576,7442261252904193292
577,7442339887157742883
578,7442613651036589362
579,7443665618945051913
580,7441416443373079871
581,7441509534432087296
582,7441412252936178985
583,7441382737807723815
584,7441792311857646857
585,7441241198217399609
586,7441444055881485608
587,7441422204702625039
588,7441430329061133628
589,7441263400556055846
590,7441380842946972980
591,7441366357846871347
592,7441385291325181223
593,7441377561147411770
594,7441387456898878779
595,7441256595469651260
596,7441418956679679289
597,7441384892065238306
598,7441605264639298868
599,7441292302720568614
600,7441286010710838579
601,7441463655905922356
602,7441549758683942202
603,7441429168635661606
604,7441570206297771316
605,7441352258039663935
606,7441256510497279289
607,7441593471791680825
608,7441404953005985075
609,7441373227198303498
610,7441381625914576163
611,7441524441932139810
612,7441740465302555945
613,7441791056758246715
614,7441824078312295730
615,7441912649031421194
616,7441975142512725298
617,7441958542430539048
618,7441920684391009545
619,7441963318048263465
620,7441909280346869052
621,7441822377245232403
622,7441923424093539638
623,7441823962679561491
624,7441966369823935782
625,7441974500654206246
626,7441823932312767756
627,7441944858773703994
628,7441994515386322215
629,7443345238858468608
630,7441888011148643635
631,7442099433044528436
632,7441911506079337766
633,7441935959639248179
634,7441974057655962937
635,7441967609907612978
636,7442116941461900578
637,7442093935926824251
638,7442127343851687204
639,7442009863527468323
640,7442106397497593145
641,7441541379580251430
642,7441724606131490085
643,7441766879271701786
644,7441932001025756425
645,7441740763932708156
646,7441976613186653497
647,7441962425399692559
648,7441904822044953910
649,7442109020984347915
650,7442116791238790454
651,7442098528123424058
652,7442184521723809059
653,7442152984131226892
654,7442929906364861754
655,7442104170934504730
656,7442191035293371705
657,7442311550200859962
658,7442021615560379675
659,7442104469371800841
660,7442152400946760994
661,7442502957205163301
662,7442507098795134260
663,7442433070877150521
664,7442571522658602290
665,7441835992501243190
666,7441945831424478504
667,7441875531433364751
668,7441957439743790396
669,7442666659032157476
670,7443019544299408692
671,7442866133847362853
672,7443403980987698482
673,7444500116930645257
674,7441381134480543011
675,7441522031218150690
676,7439155041195330835
677,7438819575854075136
678,7439759408395013387
679,7440109059677637948
680,7441774963771673865
681,7442295380408126778
682,7442459505981525305
683,7441899092738952458
684,7441598980477291833
685,7441603851624418600
686,7441732421319413029
687,7442124232814759202
688,7441591367303744820
689,7441562634941517068
690,7441553766471535898
691,7441769877750156555
692,7441717199296859419
693,7441768179002510642
694,7441652004377627961
695,7441926067742330163
696,7441753305216257331
697,7441724016995470630
698,7441752643753544975
699,7441918108874411274
700,7441628015269809466
701,7441721570491436298
702,7441880390240947494
703,7441723888595160330
704,7441703170524318987
705,7442169016573086985
706,7442833355252469051
707,7441505574040161596
708,7441953416986758415
709,7441848742409473307
710,7441931155957435648
711,7441146030172769551
712,7441167879699057978
713,7441140708859301161
714,7441164587820535094
715,7441176085292682556
716,7441188198006623498
717,7441145513426144539
718,7441119579901873418
719,7441145802522643769
720,7441198051420556559
721,7441128559097269543
722,7441243159025192203
723,7441122225333243194
724,7441157461744110905
725,7441200351065214242
726,7441263654256889140
727,7441392006875729209
728,7441388603189644604
729,7441452011423304969
730,7441238626991721782
731,7441600708673080586
732,7441796425765211449
733,7441772771983609123
734,7441740688376581376
735,7441884088568417577
736,7442130317164514614
737,7442351410676616457
738,7441151608379002148
739,7441987630377585978
740,7442092011831741754
741,7442296251284081946
742,7442089782093696271
743,7441978615262154043
744,7441982365745843494
745,7442011278417104168
746,7442275516712799547
747,7442236164637035835
748,7442097577262140732
749,7442117492366904602
750,7442094535989054778
751,7442200404424772898
752,7442092784770714906
753,7442063414123334947
754,7442082165501726015
755,7442477305127013673
756,7441925532284964111
757,7441972519558483263
758,7441846960220327178
759,7441889963068771624
760,7441893413370301754
761,7441856340231785766
762,7441863754335161615
763,7441967829085211961
764,7441942632093289779
765,7441890878152609024
766,7441928619921902905
767,7441933847371009331
768,7441879900748909887
769,7441912436111723834
770,7441898574117391670
771,7441934458162351417
772,7442093589884046629
773,7442113199639514407
774,7442168947799002409
775,7442159016567950592
776,7442083818133081404
777,7441991359138942223
778,7442137797856709923
779,7442088547915451688
780,7442130782308633907
781,7442103747129429307
782,7442072530145267001
783,7442070690318126351
784,7442107815084215606
785,7442111922939448634
786,7442065879384280347
787,7442100339639143716
788,7442138117550771493
789,7442297979970587945
790,7442218892946099516
791,7441993401899273498
792,7442088943627095333
793,7442217770906832179
794,7442116428041424140
795,7442059832313564473
796,7442146529655180580
797,7442085385355693346
798,7442103768566533436
799,7442158377372798267
800,7442103239551552828
801,7442191184073624869
802,7442075163207716153
803,7442096189509537060
804,7442104401503849785
805,7441999358297394489
806,7442110369302121787
807,7442145150031154491
808,7442111059768462619
809,7442099762427464969
810,7442174730972482876
811,7442162063704640795
812,7442531790142590268
813,7442544637912419623
814,7442589792384142649
815,7442502082076233012
816,7442860716312268051
817,7443040099748629817
818,7443585623388163386
819,7441496222248062262
820,7441499591956008229
821,7441489267471240484
822,7441491221781990713
823,7441585788145519882
824,7440105576589282572
825,7440792247823600936
826,7440825747599576357
827,7441373023367744826
828,7441825401896308020
829,7442524028851457295
830,7442236621686181155
831,7442281054947298596
832,7442274352118222090
833,7442316966322277695
834,7442294506952723712
835,7442311193630493979
836,7442306300165328169
837,7442465099400465704
838,7442412004222029106
839,7442486583263071523
840,7442255215568506131
841,7442466180251520275
842,7442468198936612122
843,7442412453750656316
844,7442468509503753523
845,7442512675273264438
846,7442463304095632700
847,7442550135826959676
848,7442498375640993083
849,7442515732270746899
850,7442445095946816809
851,7442570586229902652
852,7442485421902269734
853,7442486903636610342
854,7442533844579847464
855,7442482784314182970
856,7442344850374135067
857,7442243444040338739
858,7442353015610182972
859,7442335648373099795
860,7442605084980120884
861,7442727494219828516
862,7442498406980865332
863,7442538319596064057
864,7442517496722165043
865,7442503851283877130
866,7442627932679327034
867,7442870270517431590
868,7442915315828280627
869,7442733925740416271
870,7443318587680460059
871,7442292700847590716
872,7442320756932922651
873,7442285574712593722
874,7442316368155856164
875,7442335815260228879
876,7442245089822330124
877,7442620161863060762
878,7442541994544500002
879,7442535074169490722
880,7442544470710684980
881,7442924060243135784
882,7440691665838411017
883,7441174946832731401
884,7441118022363794729
885,7441140888883023123
886,7441206203469876539
887,7441539574666513718
888,7441565109991787834
889,7441737631114825020
890,7442132001836109095
891,7442119875297824039
892,7442106611834883368
893,7442161428145900836
894,7442175323074088252
895,7442299509465566473
896,7442295612369947941
897,7442295375437892879
898,7442356692244860218
899,7442207519038033178
900,7442215352316005670
901,7442166852031106355
902,7442181813830733113
903,7442210276126002442
904,7442302282722544956
905,7442184413779217724
906,7442263941322935552
907,7442173069541625127
908,7442200463140850981
909,7442201210813222178
910,7442163825639460131
911,7442172669891546427
912,7442457916763950345
913,7442175200847858954
914,7442174490571787577
915,7442174974334356794
916,7442208955880803622
917,7442166569154694459
918,7442195866665962786
919,7442174177399835962
920,7442190302934240552
921,7442179251106811147
922,7442173266560683301
923,7442186971679591734
924,7442193020876885285
925,7442200310770109748
926,7442189897240300859
927,7442171623978896666
928,7442181282680818998
929,7442226045991783740
930,7442272906089991478
931,7442222375384452362
932,7442212005429120316
933,7442172267460595002
934,7442460940093721896
935,7442465589429357833
936,7442465432646339894
937,7439271975878413583
938,7440633059071905084
939,7441157332366576922
940,7441513523546557750
941,7442153784513449226
942,7442278375101599028
943,7442167471299104063
944,7442185242569395490
945,7442235423033724220
946,7442191358586096948
947,7442176298270592266
948,7442321864334036262
949,7442203591848234291
950,7442372034274905407
951,7442470133517290809
952,7442393164800953650
953,7442446301037464844
954,7442394247979896121
955,7442485040577006911
956,7442457399232941349
957,7442460313691229494
958,7442415598975405362
959,7442235917764545842
960,7442207626785557820
961,7442198735737654564
962,7443043962425838863
963,7442528054246722851
964,7442168940584815922
965,7442719255226879247
966,7442846552311368997
967,7442950792811695386
968,7442927800694164796
969,7442839171435187491
970,7442562272121130276
971,7442511688479280438
972,7442510729867054373
973,7442544528399011132
974,7442669409912622373
975,7442621074375707961
976,7442659266579713289
977,7442532636754595091
978,7442670469414735113
979,7442548975858633984
980,7442652429184814396
981,7442544284106050868
982,7442547283947818240
983,7442530123766664511
984,7442761439741283622
985,7442739597240487179
986,7442834835791433018
987,7442931546039848202
988,7442963644616346932
989,7442984351416995087
990,7442863979644472610
991,7443060823888497959
992,7442906386746346788
993,7442242478461308218
994,7442291184870903103
995,7442178162366172476
996,7442177959105973555
997,7442198667353673000
998,7442196910837943589
999,7442233434488982810
1000,7442164629276462362
1001,7442166818690600249
1002,7442215301720116530
1003,7442221501132131622
1004,7442284781494160652
1005,7442172793480858892
1006,7442164979484134694
1007,7442190280821935420
1008,7442237181814525195
1009,7442173199124581672
1010,7442291168529943819
1011,7442186763998596404
1012,7442152734721068338
1013,7442155992441261369
1014,7442184654754434355
1015,7442190693927357708
1016,7442112630539504932
1017,7442200746323348772
1018,7442166689183059258
1019,7442166576519908667
1020,7442346258108402985
1021,7442195685736303906
1022,7442121810511957299
1023,7442215275514088741
1024,7442167163974176059
1025,7442152024805772571
1026,7443207768057695547
1027,7443416743864782091
1028,7443243317434830118
1029,7443678945490259258
1030,7444187955461229850
1031,7444527371056729354
1032,7441556613661478181
1033,7442172083628461375
1034,7442074089881161011
1035,7441766694965628170
1036,7441860593063185705
1037,7442007240527138058
1038,7441707768970513705
1039,7442082061696929081
1040,7441727174496767266
1041,7441719338597469494
1042,7441763997222718780
1043,7442299726768229682
1044,7442292227100921148
1045,7441978750440377651
1046,7441946168055188763
1047,7441881263952121129
1048,7441619290144410939
1049,7441543107813985574
1050,7441639688667925772
1051,7442301004961353017
1052,7442229866864397568
1053,7442295905568460058
1054,7442231930851986747
1055,7441931247951154484
1056,7441806228675775782
1057,7441869638968855834
1058,7441756298695298339
1059,7442111325402090792
1060,7442092484148170018
1061,7442101483325148454
1062,7441565797656350004
1063,7441613071027588391
1064,7441763142797004041
1065,7441748279345335562
1066,7441853344504712485
1067,7441793649634970938
1068,7441957009496280358
1069,7441736042555755835
1070,7441922810710134056
1071,7441755398983486777
1072,7441969232645999881
1073,7441922828426956059
1074,7441735911034916154
1075,7441925139152833811
1076,7441864445116108084
1077,7441953068037508403
1078,7441882555693010202
1079,7441777677301730597
1080,7441817184290082107
1081,7441831005268233491
1082,7441930072514186546
1083,7441748006031985961
1084,7441971917784894754
1085,7441946791953648946
1086,7441885099836198201
1087,7441781209824349475
1088,7441858556552367410
1089,7441790905578704162
1090,7441880300742921510
1091,7441948452184935690
1092,7441902323774934272
1093,7441946030700088633
1094,7441929936253848884
1095,7441943719126879545
1096,7441951689227226403
1097,7441968274407034131
1098,7441759147957226762
1099,7441731760297233673
1100,7441946626270268732
1101,7441960716875222329
1102,7441928079364181305
1103,7442006629240900924
1104,7442120863081598218
1105,7442110478207225151
1106,7442127425510575418
1107,7442157837201018169
1108,7442101721083432242
1109,7442267339149593915
1110,7442122547656690995
1111,7442002970130140442
1112,7442095895916727563
1113,7442085664323145000
1114,7442100053784677684
1115,7442121372685372691
1116,7442015719761481018
1117,7442118247639436581
1118,7442157245149842698
1119,7442142052516711720
1120,7442111914605301007
1121,7442135453077130531
1122,7442157724885880123
1123,7442136823956032820
1124,7442229765244767527
1125,7442147509775994152
1126,7442108446704504123
1127,7442358143071325497
1128,7442141245100657920
1129,7442133405975711035
1130,7441568603675151657
1131,7441601627552877875
1132,7441597647011450124
1133,7441900033223560460
1134,7442147810604027145
1135,7442200956344749369
1136,7442125090910637366
1137,7442156433476521225
1138,7442099679774493963
1139,7442236845187976511
1140,7442367298565950729
1141,7441831006115482916
1142,7441938257719332107
1143,7441790967637691675
1144,7441811017614544162
1145,7441900241307127050
1146,7441781732879109433
1147,7441821379068038463
1148,7441765060021603641
1149,7441965918768483621
1150,7441773323463216442
1151,7441741991869697295
1152,7441799906571881755
1153,7441808817089744162
1154,7441952078961937683
1155,7441762658858110260
1156,7441932439599041828
1157,7441795231839800628
1158,7441921876802293029
1159,7441941428462210319
1160,7441785844723141925
1161,7441755679288724775
1162,7441754624987548940
1163,7442124060923890982
1164,7442129496192372031
1165,7442025022719397180
1166,7442317634990804251
1167,7442141801412152628
1168,7442118723210677558
1169,7442194968262855972
1170,7442119032280501555
1171,7442074624046763314
1172,7442094066042441018
1173,7442009455899708699
1174,7442078157437504826
1175,7442101654398258447
1176,7442119212987977019
1177,7442178596241706249
1178,7442073457904422153
1179,7442162104422960447
1180,7442083293010414902
1181,7442160774904139059
1182,7441989086778297634
1183,7442219539477122358
1184,7442148130310671675
1185,7442100301911346472
1186,7442105437400468773
1187,7442132994934066451
1188,7442096782693174537
1189,7442273967861271849
1190,7442268874340322596
1191,7442087132853718284
1192,7442142861358812467
1193,7442128048234843427
1194,7442123539483757864
1195,7442149718911765811
1196,7442197606710709519
1197,7442477114844106036
1198,7442503266472054073
1199,7442557079400828201
1200,7442458804542786870
1201,7442707657120615718
1202,7442729918603038010
1203,7442539624141999419
1204,7442466711724461371
1205,7442615554206108980
1206,7442577269458996537
1207,7442484649072315706
1208,7442567484382743867
1209,7442630747384548617
1210,7442638885269654821
1211,7442481683502239028
1212,7442644215437315363
1213,7442430412057644288
1214,7442507516463844667
1215,7442702394611354937
1216,7442733939199937807
1217,7442763065755569417
1218,7442745010639998247
1219,7443050019260812603
1220,7443076880967699747
1221,7442733946133056783
1222,7443083494432967971
1223,7443073524685638971
1224,7443271022800850236
1225,7443223161388240185
1226,7443717112616471867
1227,7443574893112757561
1228,7443851127726017829
1229,7444506606638730531
1230,7441154525903211803
1231,7441169221721099530
1232,7441173451311828251
1233,7441156006350032155
1234,7441127587843230987
1235,7441163226064096564
1236,7441169871976598823
1237,7441395457714130214
1238,7441205617374645504
1239,7441433586760174905
1240,7441564610693483802
1241,7441752803338423612
1242,7441747068751859002
1243,7441871388022951220
1244,7441746571919658300
1245,7442132077681626387
1246,7440443161127750949
1247,7436979141657890085
1248,7440679949075303734
1249,7440445748660931878
1250,7441624901288611087
1251,7440299302594891047
1252,7437360391958646016
1253,7440460706752875826
1254,7437641932949572905
1255,7440454395700972859
1256,7440437746134502696
1257,7440460831004839226
1258,7440436956183416102
1259,7440448711618006307
1260,7440807111245843753
1261,7440659662912900364
1262,7440770488764337423
1263,7440695831646260507
1264,7440708495915109691
1265,7440661056051006772
1266,7440864993941277979
1267,7440688010955476258
1268,7440639466491972899
1269,7440800791755132220
1270,7440624438539717888
1271,7441614447833025803
1272,7441736074520464655
1273,7441807781188914491
1274,7440444721589177659
1275,7441852611998911778
1276,7441797113253580092
1277,7441760447369415987
1278,7442275583456742713
1279,7444030986385476902
1280,7437506667668933939
1281,7437453225017560372
1282,7442287802307398969
1283,7442305338751126834
1284,7442232821403389219
1285,7442301474912226619
1286,7442324422305860901
1287,7442286411211869491
1288,7442307247125843252
1289,7442327250076323081
1290,7442288318684925196
1291,7442322778163842319
1292,7442300015306951945
1293,7442309741243649338
1294,7442258628578512167
1295,7442346919214468389
1296,7442326724559359241
1297,7442288726467710266
1298,7442347572238470459
1299,7442350602195045692
1300,7442315076029173032
1301,7442352918172437823
1302,7442323622183570729
1303,7442281906999282978
1304,7442286155929832704
1305,7442356950899133746
1306,7442327864973856059
1307,7442280944528133416
1308,7442289803317611814
1309,7442312914989501706
1310,7442326020209888562
1311,7442271506979179830
1312,7442295102074113299
1313,7442280309380484364
1314,7442339558902992185
1315,7442329575289392423
1316,7442262464412060928
1317,7442281174170340665
1318,7442289330783145273
1319,7442293318223973670
1320,7442339250336566588
1321,7442296897374539049
1322,7442339388996013312
1323,7442345578475834659
1324,7442302037938687290
1325,7442308480209358092
1326,7442289424517369124
1327,7442260714863070502
1328,7442270152328105276
1329,7442309705147436347
1330,7442289467190185256
1331,7442329764548840731
1332,7442314393880235273
1333,7442305478715051304
1334,7442324557739953466
1335,7442287368192773433
1336,7442292511952882984
1337,7442300642690944266
1338,7442352842368666895
1339,7442325442847182140
1340,7442324004402105639
1341,7442285006959037711
1342,7442334355873074484
1343,7442317919075208498
1344,7442353745431760191
1345,7442360396469619995
1346,7442373144058318089
1347,7440646844654325018
1348,7442309234403937586
1349,7442308420478291234
1350,7442309598821829903
1351,7442302615506914612
1352,7442315982342851880
1353,7442359876958883112
1354,7442319823314423100
1355,7442315118739803446
1356,7442295927882190080
1357,7442296961635601722
1358,7442269975974300986
1359,7442270337200442662
1360,7442355467726196020
1361,7442326256852438309
1362,7442350313790655781
1363,7442263806295706940
1364,7442296438781955354
1365,7442279759976992019
1366,7442290253177638144
1367,7442303792806153531
1368,7442339111005965587
1369,7442342486229470502
1370,7442278496434490684
1371,7442266737019555130
1372,7442292154757696822
1373,7442275218447519016
1374,7442354353140256010
1375,7442296981046807847
1376,7442300421915331877
1377,7442303289162583335
1378,7442318985934277903
1379,7442257606661442867
1380,7442323945342192948
1381,7442352503716367657
1382,7442341302617804089
1383,7442272533115587879
1384,7442329223861243155
1385,7442335674109332796
1386,7442334474999827750
1387,7442321485156388156
1388,7442286611695471931
1389,7442359579444350260
1390,7442334146346618166
1391,7442294003107663123
1392,7442334992883092770
1393,7442318531003206971
1394,7442295975043026188
1395,7442349665502137663
1396,7442338405100342568
1397,7442299986206821689
1398,7442301574413552950
1399,7442269813122026811
1400,7442311115515759929
1401,7442305981876374819
1402,7442325886759619877
1403,7442285558061223204
1404,7442252842515107109
1405,7442335668384156947
1406,7442292371313741096
1407,7442297725435039033
1408,7442318010498518287
1409,7442292389793828155
1410,7442346731158850855
1411,7442289440162139404
1412,7442331967229562149
1413,7442364808445381948
1414,7442366497898450185
1415,7442368545285016872
1416,7442379884002856242
1417,7442362218634595595
1418,7442316921376230656
1419,7442513663963024677
1420,7442365480507133194
1421,7442563459222605093
1422,7442510620328611084
1423,7442522975477206332
1424,7442476573090909499
1425,7442476409076976954
1426,7442478835439865115
1427,7442715484023180553
1428,7442485420971068730
1429,7442596286718545212
1430,7442457124975676672
1431,7442475931966410025
1432,7442571834219826468
1433,7442727002857114892
1434,7442526091400564006
1435,7442476804998270244
1436,7442713427945983232
1437,7442523885402131775
1438,7442587447705259291
1439,7442660111534886154
1440,7442489879017032987
1441,7442537870729973033
1442,7442623591922912550
1443,7442610084066168118
1444,7442539911137267007
1445,7442545758282206474
1446,7442490336431164691
1447,7442562269294202138
1448,7442693858170867003
1449,7442647979212672319
1450,7442502441712536842
1451,7442487292557626634
1452,7442527380238863675
1453,7442466606174768403
1454,7442543965011823930
1455,7442561143131966755
1456,7442606329384013082
1457,7442577567665622323
1458,7442602867116002612
1459,7442652645208214838
1460,7442587967056629044
1461,7442541298470407461
1462,7442548695872146729
1463,7443041916574256421
1464,7442816738967702810
1465,7442863889873751346
1466,7442861725747039542
1467,7443082282417573160
1468,7442856711024561468
1469,7442876360126663974
1470,7442895576523345211
1471,7443437083894533415
1472,7443944491163077903
1473,7444546154894773555
1474,7441437644594105612
1475,7441409734256626944
1476,7441463761669475611
1477,7441496837472783666
1478,7441393481282555170
1479,7441404538193497370
1480,7441384356251307305
1481,7441567670002076978
1482,7441415911942245673
1483,7441762987636968742
1484,7441420845190253833
1485,7441953969217342757
1486,7441765313634405690
1487,7441764992971476261
1488,7441399264338545930
1489,7441501402616106274
1490,7442314392928013606
1491,7442309111607332159
1492,7443749727100833076
1493,7443748622878969146
1494,7443749899067346176
1495,7441198661498932490
1496,7441406736562507044
1497,7441393201501523258
1498,7441811658055355706
1499,7441763072911346981
1500,7442335577187405075
1501,7442207591427624202
1502,7442247812588244234
1503,7442604582028479807
1504,7442577724444527912
1505,7443547170344602937
1506,7440843186865540391
1507,7441030371933818175
1508,7441006894308773156
1509,7440984566761786687
1510,7441008687126170914
1511,7441005242990300435
1512,7440985520680766760
1513,7441002248030801190
1514,7440877404341521721
1515,7440996463263468863
1516,7441021640353336635
1517,7440833008032173324
1518,7440850417803726121
1519,7440863785503460666
1520,7440850356457803058
1521,7440847432583351571
1522,7441009084892974387
1523,7441025193109097791
1524,7441019500281089343
1525,7440985343945362729
1526,7440949640436010250
1527,7440900942993640704
1528,7440971528797179155
1529,7441015669103070503
1530,7440980466510990604
1531,7441024671463623988
1532,7441023185744678204
1533,7441012601808588090
1534,7441010496205081894
1535,7441003937936706879
1536,7441008136720354610
1537,7441012726463253786
1538,7441002684452261154
1539,7440897673944632613
1540,7440998446582041915
1541,7441013738724969763
1542,7441006651424918823
1543,7441012161767394571
1544,7441013802767748390
1545,7440981465963220258
1546,7440999660887526667
1547,7441013242618580276
1548,7441019637095009594
1549,7440978839330622730
1550,7440903033271241995
1551,7440923410651254074
1552,7440970585993153804
1553,7440961302488452379
1554,7440998494720068904
1555,7441097413084859686
1556,7441034171440516371
1557,7441096624891333938
1558,7441127974050581819
1559,7441143141849156924
1560,7441101115086687499
1561,7441036510436117770
1562,7441161080145055003
1563,7441126322321001785
1564,7441154427123272998
1565,7441063983492123954
1566,7441085155520924940
1567,7441145528961862948
1568,7441192395380772146
1569,7441125283131952418
1570,7441155152964291876
1571,7441107902883990794
1572,7441035780262317372
1573,7441178099674369331
1574,7441195205128162601
1575,7441046135784869139
1576,7441082655036165416
1577,7441086240394399013
1578,7441098937915739443
1579,7441055083539729721
1580,7441284826314968346
1581,7441481974574894348
1582,7441372616192953657
1583,7441576256878988602
1584,7441349816065592627
1585,7441373015901850939
1586,7441408224630197562
1587,7441260823101590834
1588,7441428249906859264
1589,7441380235418815803
1590,7441564335249296703
1591,7441506228544572730
1592,7441460483946810687
1593,7441588376483974451
1594,7441532081848536360
1595,7441307522834763065
1596,7441276554782559525
1597,7441253983563418907
1598,7441502152561790248
1599,7441357601536888127
1600,7441392530630954252
1601,7441249072268201253
1602,7441250649876090121
1603,7441537415946341644
1604,7441430490839551270
1605,7441386198578253097
1606,7441473328432336138
1607,7441795171131329819
1608,7441873757465087289
1609,7441864019624955195
1610,7441819439487634746
1611,7441786842158058792
1612,7441630555680148793
1613,7441970452529941810
1614,7441970997672152371
1615,7441806941246065961
1616,7441813836149050665
1617,7442125073261022476
1618,7441842350319537444
1619,7442010955212459273
1620,7442175197647605019
1621,7442311897099128098
1622,7442700883177082138
1623,7442640458003549503
1624,7442499943249481020
1625,7442569305952226596
1626,7442630196173360393
1627,7443065862682119463
1628,7442876294150360329
1629,7443798805725662476
1630,7444570831943896370
1631,7442272139337583923
1632,7442593635696217356
1633,7441151290752781595
1634,7439721461574602011
1635,7439673626388892943
1636,7441224470217362724
1637,7441119751008488739
1638,7441257179199311156
1639,7439672536767515923
1640,7439686594224737577
1641,7439706991905262883
1642,7439711502455639336
1643,7441077799458327871
1644,7441067636886211878
1645,7441212272803859724
1646,7441115546000608527
1647,7441212547186904329
1648,7441066849858637110
1649,7441174854268652826
1650,7441185629787934004
1651,7441152777876753727
1652,7441125562657033483
1653,7441050413962366247
1654,7441062489158061350
1655,7441393896199916812
1656,7441141352663878938
1657,7441158841603001636
1658,7441535981058018598
1659,7441579043490663706
1660,7441511003512212736
1661,7441533810384145691
1662,7441532696142023986
1663,7441733657884200249
1664,7441876542197746996
1665,7441795948059151625
1666,7441822908973862182
1667,7441952065817021723
1668,7441624824260201785
1669,7442206990748765481
1670,7442145636390161699
1671,7442368002567195962
1672,7441538918907956521
1673,7441504856344366363
1674,7441599766204583202
1675,7441383277593775370
1676,7441506146185235763
1677,7441483370569256244
1678,7441598659717909819
1679,7441802209618038031
1680,7441511110429166882
1681,7441825549124783410
1682,7441914911980145979
1683,7442499437886246178
1684,7442592352562138408
1685,7442710941189360935
1686,7442515757763677478
1687,7442614455529147702
1688,7441964644614360380
1689,7442667811660434697
1690,7442596354557332788
1691,7442527823903853824
1692,7442906922543631650
1693,7442740966135450899
1694,7441917351248923939
1695,7441859316203687177
1696,7442311201641532726
1697,7442534443698457910
1698,7442619307218963769
1699,7442649873616293174
1700,7442690594847214908
1701,7442607748031728955
1702,7442926983702433087
1703,7442866392384179516
1704,7442903746146815271
1705,7442910356550339875
1706,7442854864599682363
1707,7442630985377778980
1708,7442984084348898570
1709,7442711084248747273
1710,7443097280158158090
1711,7443067409222667583
1712,7442998929324641536
1713,7443061560848731430
1714,7443062027838344467
1715,7442943644560018725
1716,7442955711685938458
1717,7443074434753154361
1718,7443309633868959012
1719,7443333599174085947
1720,7443443683128560934
1721,7443125845608221992
1722,7443310302550052096
1723,7443704804481813800
1724,7443613571914747195
1725,7443589837694815546
1726,7443697038467829031
1727,7443799589985045800
1728,7444105748705021195
1729,7444028583946816803
1730,7440464599444475186
1731,7440656463955086611
1732,7440431602007543099
1733,7440660988094958900
1734,7440779212904009020
1735,7440530237412183330
1736,7440637342458596649
1737,7440661628611235135
1738,7441067016338820361
1739,7440447946799336704
1740,7440478569484094746
1741,7440802452477103412
1742,7440835602729274665
1743,7440759485745990947
1744,7440774054388321599
1745,7440511741047475456
1746,7440665084675804475
1747,7441046284812750139
1748,7441159134344400187
1749,7440460237900893498
1750,7440472710406294841
1751,7440487692850187547
1752,7440463709723462969
1753,7440439098109660474
1754,7440462761722793226
1755,7440480692896533775
1756,7440437469734112572
1757,7440498584841211145
1758,7440729586494655779
1759,7440711625834876170
1760,7440748684406541606
1761,7440862903235857679
1762,7440646273293684006
1763,7440845006065126706
1764,7440717092334226746
1765,7440737484713069884
1766,7440765673929821452
1767,7440633272784194851
1768,7440672305295936828
1769,7440798443691461923
1770,7440631688553598242
1771,7440722984056278335
1772,7440822330453970233
1773,7440536823203400987
1774,7440715256994778377
1775,7440745651303976201
1776,7440662881328221490
1777,7440617944150789427
1778,7440523182068518201
1779,7440757714025745721
1780,7440734570611248403
1781,7440633353759427877
1782,7440679963868663055
1783,7440640265804582159
1784,7440653187050212620
1785,7440799789224103168
1786,7440616979632819466
1787,7440515303194348810
1788,7440826780216200486
1789,7440974916578495778
1790,7441155899080658211
1791,7441155641978260788
1792,7441007505917922600
1793,7441162052439133455
1794,7441149423595293993
1795,7441074041898700066
1796,7441051576057302311
1797,7441026035170233657
1798,7440998486029421858
1799,7441065898519285033
1800,7441040782192086310
1801,7441150270882532645
1802,7441162297051073802
1803,7441160727714483490
1804,7441152287629741321
1805,7441054145441778996
1806,7441084974100499738
1807,7441155907511258420
1808,7440409573099425024
1809,7441206923254320410
1810,7441233192377437478
1811,7441225568835620137
1812,7441211656090307878
1813,7441187726017203493
1814,7441183431364496700
1815,7441228367703166268
1816,7441205653315636538
1817,7441339434928180516
1818,7441413496010509625
1819,7441443211400318268
1820,7441354441556495627
1821,7441446165385596160
1822,7441568672423890214
1823,7441388105908751656
1824,7441314964419235131
1825,7441379953062448399
1826,7441499729470475557
1827,7441360553815051580
1828,7441379269781048614
1829,7441521757183380795
1830,7441345021883813120
1831,7441440969758625065
1832,7441588610937228603
1833,7441512737609436475
1834,7441879031726738748
1835,7441851326113254692
1836,7441621789622521107
1837,7441876138265251083
1838,7442102005675478326
1839,7443081920272960805
1840,7443654050794442036
1841,7445203829202750771
1842,7442321611400793395
1843,7437371825371368715
1844,7442494205399698745
1845,7442591052235541796
1846,7437707865537662242
1847,7442225876021857595
1848,7442229118487301436
1849,7442437385314405692
1850,7442578381205441826
1851,7442367459916516618
1852,7442557423245724954
1853,7442625636117663010
1854,7442688463691861288
1855,7442649592115596555
1856,7442664598186003762
1857,7442936837716397346
1858,7442991727197080873
1859,7442867189771717915
1860,7442999581018803514
1861,7443068746081537290
1862,7443352403014929683
1863,7443112798982393126
1864,7443794346085846322
1865,7444044193758055707
1866,7440845573026057499
1867,7440855389635218688
1868,7440979849130396988
1869,7440864884910345530
1870,7441142003989040421
1871,7440846818881162535
1872,7440856956954348835
1873,7440869799711870217
1874,7441034505479114034
1875,7441043235641855232
1876,7441026823661604154
1877,7440974360979967242
1878,7441010064934178059
1879,7441085020569095436
1880,7441002032107900197
1881,7441013167787986202
1882,7441016218397576498
1883,7441049794266615091
1884,7440883179944185128
1885,7441120442389155123
1886,7441025881046256911
1887,7441061449595702547
1888,7440876625715006771
1889,7440813213593193737
1890,7440872700404419898
1891,7440843679327063347
1892,7441008316739800372
1893,7440808589146590491
1894,7440858042511428922
1895,7440839344287534374
1896,7440929048831872316
1897,7440876137552661817
1898,7441005116041219362
1899,7440975728713207092
1900,7440888043805887804
1901,7440827242252340521
1902,7441035698922114361
1903,7440884073549008143
1904,7441056847030734114
1905,7441029364457671963
1906,7441257759103864074
1907,7441250145724812602
1908,7441428143455391003
1909,7441429826226998586
1910,7441607203577941307
1911,7441577488234433818
1912,7441967541548862739
1913,7441835974989991194
1914,7441713696491048207
1915,7441946270077422898
1916,7442506917370498354
1917,7443039790175423795
1918,7443311279659437372
1919,7444790875986660668
1920,7441513778920918310
1921,7441547160107207963
1922,7441525057001622821
1923,7441512175405010227
1924,7441531621003595019
1925,7441594318923631898
1926,7441512907776462131
1927,7441527328213093692
1928,7441524264248937769
1929,7441548154777898249
1930,7441510694329109779
1931,7441510453500546313
1932,7441514314483174666
1933,7441510315939892499
1934,7441533356845567241
1935,7441567413243497743
1936,7441512029158001931
1937,7441522667804429577
1938,7441613407251434812
1939,7441509187802139955
1940,7441515210755558696
1941,7441577677519211835
1942,7441550009348230438
1943,7441542111385668879
1944,7441549575933938954
1945,7441549106826235176
1946,7441505876055215386
1947,7441572643159002408
1948,7441521144324214016
1949,7441534168279878972
1950,7441552285899050251
1951,7441716345978375439
1952,7441730183121374500
1953,7441639821736496384
1954,7441697933965217033
1955,7441700223358979380
1956,7441999809415744819
1957,7441510159458913548
1958,7441614290324409615
1959,7441588878839926052
1960,7441600519044451636
1961,7441618841584651578
1962,7441858315992206646
1963,7441978291516411174
1964,7441789077562608953
1965,7442289521686809875
1966,7442287737241079059
1967,7442287911682247994
1968,7442295202481524022
1969,7442231982450412857
1970,7442114484073696547
1971,7442268301822135579
1972,7442235562309848372
1973,7442268776218807578
1974,7442946411798301992
1975,7443018321995255090
1976,7443457490060086564
1977,7443198723544436027
1978,7443572815099432250
1979,7443777360911944970
1980,7443843123119148288
1981,7444038968477240586
1982,7444538160857615679
1983,7441558470815452451
1984,7442473231178534183
1985,7446394269021113637
1986,7441212273458171163
1987,7441160188326989114
1988,7441240540550614272
1989,7441213664511692071
1990,7441150514554866970
1991,7441208469153238311
1992,7441186840943643919
1993,7441203255381658937
1994,7441153342669196563
1995,7441183467225812284
1996,7441383281578216738
1997,7441147607788899620
1998,7441150183347424524
1999,7441216906318581032
2000,7441154704635170086
2001,7441227188604620059
2002,7441194103515188490
2003,7441168076005002554
2004,7441180433913564435
2005,7441189441441467657
2006,7441223238992039227
2007,7441182358818000167
2008,7441156886939979023
2009,7441161377508510995
2010,7441190627032812815
2011,7441188439887760674
2012,7441200443511917863
2013,7441349514931211529
2014,7441400882555669812
2015,7441388551511625010
2016,7441264499157388598
2017,7441372669125201171
2018,7441378580451331379
2019,7441369990751587595
2020,7441372091208846652
2021,7441356784368930111
2022,7441269289635613952
2023,7441351313964780819
2024,7441392042648882489
2025,7441418234894568742
2026,7441486639802649894
2027,7441408132733029686
2028,7441426912745983271
2029,7441485826434944282
2030,7441517076268764456
2031,7441431671091531065
2032,7441523671857909050
2033,7441421281150405947
2034,7441545797117709622
2035,7441430223654112551
2036,7441414063311064331
2037,7441531584680938752
2038,7441442059287842084
2039,7441479394847247657
2040,7441546386212015418
2041,7441601359884864794
2042,7441480716875058432
2043,7441988955337264411
2044,7441704245109263668
2045,7441713043769232680
2046,7441864815657766171
2047,7441862479816232233
2048,7441894213618339130
2049,7442273271451602226
2050,7442300734487497984
2051,7442291301145414953
2052,7441995857525853449
2053,7441908886023523641
2054,7442328190485269796
2055,7442128076185685286
2056,7442646977793248512
2057,7442680625284402491
2058,7442626921432648994
2059,7442680872400145701
2060,7442569170815814931
2061,7442550749608938767
2062,7442581598186327322
2063,7442256315495353610
2064,7442522308448750882
2065,7443002237409856777
2066,7443002773441940790
2067,7442891160290381107
2068,7443264048310816038
2069,7443756923201113382
2070,7443657373777923379
2071,7444437984105090356
2072,7444350609240657161
2073,7444399938445921595
2074,7440675373936954681
2075,7441016630093647139
2076,7440490756294348072
2077,7440719518864887051
2078,7440661821603859721
2079,7440861787127319808
2080,7441212565293665573
2081,7442907284549668105
2082,7442905188664364338
2083,7443786470898339124
2084,7444169446752652594
2085,7444716650470919439
2086,7440305711785053466
2087,7440702192626961673
2088,7440833039258619145
2089,7440003994212191523
2090,7440672799376592185
2091,7440667187666226442
2092,7440815913860975910
2093,7440659098548423962
2094,7440645069218041115
2095,7441111535436467494
2096,7441153071566130490
2097,7440485613876366650
2098,7440447615482809635
2099,7440458099888016694
2100,7440462724791799091
2101,7440476773197811004
2102,7440437804439588155
2103,7440365659948682496
2104,7440393261262408996
2105,7440493290186624265
2106,7440414726762302774
2107,7440330031861157156
2108,7440417904694168883
2109,7440470932822445347
2110,7440462049450200380
2111,7440641418848210203
2112,7440719142010785024
2113,7440630837516766503
2114,7440549720143023417
2115,7440676837287562530
2116,7440622133866188073
2117,7440855402356428082
2118,7440768385866140991
2119,7440767138299661568
2120,7440692809222409499
2121,7440814596379675943
2122,7440617948986838298
2123,7440838852920593718
2124,7440732361890860339
2125,7440754259752209722
2126,7440680024480451878
2127,7440780840088440104
2128,7440678758132010303
2129,7440719717532290356
2130,7440672415492951311
2131,7440643675710934283
2132,7440755484463828233
2133,7440702970670435635
2134,7440855125624737084
2135,7440744598625897766
2136,7440818903409823027
2137,7440789693781855488
2138,7440831720640744764
2139,7440655903956765992
2140,7440859187451530531
2141,7440559766591556902
2142,7440748946768596274
2143,7440792768454249782
2144,7440756508775828736
2145,7440686244889169190
2146,7440789517268733195
2147,7440752873740258570
2148,7441033296814853439
2149,7441038823271828773
2150,7441135848080280869
2151,7440977481458289931
2152,7441108073839611172
2153,7440993903815183653
2154,7440995197552561466
2155,7441030930954767643
2156,7440849901577080115
2157,7441163486652075305
2158,7440987109411933503
2159,7441058278987009306
2160,7440986576643018025
2161,7441047519292902710
2162,7440827472494464256
2163,7440667820284759333
2164,7441149215331470631
2165,7440975008941296931
2166,7441518726714838306
2167,7441476040796409114
2168,7441578854520524047
2169,7441504005534027065
2170,7441360635385941282
2171,7441525017327701285
2172,7441411321607851302
2173,7441449319963610428
2174,7441861965577800979
2175,7441876987817348390
2176,7441969310689496339
2177,7441573631487970571
2178,7442215960611802394
2179,7442232356854877459
2180,7442640857414520064
2181,7442508819369872651
2182,7442989994404334902
2183,7442981317467295034
2184,7443005032427015487
2185,7442908794734071090
2186,7443724966383586587
2187,7443782021937237257
2188,7443764028113046799
2189,7444103966587129098
2190,7444870240565021991
2191,7445143410727587132
2192,7445251115186244921
2193,7445567415716515098
2194,7441569530100436264
2195,7441550350252805402
2196,7441600125052439845
2197,7442221171971509514
2198,7441961053405056256
2199,7442253910712028416
2200,7442236058147900710
2201,7442573934203014452
2202,7441897649998925065
2203,7441773625708940595
2204,7442287353344920841
2205,7442271137339313418
2206,7442254321724509498
2207,7442211630504496434
2208,7442118709809876275
2209,7442101650375904539
2210,7442166631670795530
2211,7442181913458085172
2212,7442621614128188682
2213,7443055463157091644
2214,7443069396433603900
2215,7443292231869533450
2216,7441963268618325287
2217,7442151393005292800
2218,7441862668840914203
2219,7441887292035190028
2220,7441944935357631771
2221,7442188817827663131
2222,7442169560259726633
2223,7441985123056160041
2224,7442175820791156027
2225,7442217271537257738
2226,7441969742165839130
2227,7442159172663233819
2228,7441869615782841627
2229,7442192575810833721
2230,7442291136590253322
2231,7442224764187397439
2232,7442097500258979083
2233,7442113975522741561
2234,7442272421811473721
2235,7442394935195684096
2236,7442542745614355770
2237,7441858823523962138
2238,7441978428477214010
2239,7442534829909888306
2240,7442407129345969417
2241,7442529792693701898
2242,7442497628715142458
2243,7442365091640511801
2244,7441938472195083555
2245,7441969482039315772
2246,7441953907103911178
2247,7441975796392054079
2248,7441883215767358755
2249,7442118060200185139
2250,7442200576588385594
2251,7442284614695144742
2252,7442129394384080187
2253,7442722009907252489
2254,7442647576911891770
2255,7442589514167536948
2256,7442730837356924214
2257,7442645272850746635
2258,7442589105860513074
2259,7443032508662418726
2260,7443219340192648505
2261,7443424936590396710
2262,7443444754261544218
2263,7443649236454870272
2264,7444009606768020776
2265,7444513533703785788
2266,7445156399035714856
2267,7442323193861278986
2268,7442475820091706661
2269,7442566815135403321
2270,7442259118078856474
2271,7442245126006541595
2272,7442667337137835276
2273,7442509568623562018
2274,7442551746510998821
2275,7442617830765268284
2276,7442534557661842699
2277,7442456738969734436
2278,7443411732736773426
2279,7443299700112985353
2280,7443707752087670075
2281,7441534408605175079
2282,7441517254908431667
2283,7441549914980617531
2284,7441553928732347705
2285,7441557312046697779
2286,7441553613249432891
2287,7441555465034583347
2288,7441556769651936569
2289,7441696433679437067
2290,7441721870388301068
2291,7441877876930120998
2292,7441821882439044361
2293,7441555556046769444
2294,7441549285096770816
2295,7441532881924656396
2296,7441541900705795386
2297,7441559107661827385
2298,7441597904281734426
2299,7441557609624243494
2300,7441557292887133497
2301,7441583226864340275
2302,7441558463236427045
2303,7441519941444029755
2304,7441543671431925001
2305,7441562485443841337
2306,7441596658070195493
2307,7441767884235263270
2308,7441745279872765223
2309,7441817507314421019
2310,7441739723711794495
2311,7441875273655569704
2312,7441839389216443657
2313,7441763757509856569
2314,7441824137464581434
2315,7441845515987225866
2316,7441757559754657087
2317,7441842558214376745
2318,7441627490805665059
2319,7441879725565398313
2320,7441864564037209402
2321,7441858643496078650
2322,7441874687036083513
2323,7441852847739751714
2324,7441847709591407891
2325,7441709276571127099
2326,7441892570088705299
2327,7441861274587254028
2328,7441778253699763495
2329,7441716163366735145
2330,7441730653487500555
2331,7441731825027779850
2332,7441577584581807410
2333,7441570924190518555
2334,7441539573752106300
2335,7441557049940413696
2336,7441577189927144714
2337,7441586891113155849
2338,7441617585277340954
2339,7441607731431099659
2340,7441540609359269174
2341,7441574028516592955
2342,7441543593753316668
2343,7441541004001348905
2344,7441520265697201462
2345,7441592403682676006
2346,7441537198467353871
2347,7441559289858100521
2348,7441610718555786505
2349,7441573936246082826
2350,7441578804981599497
2351,7441504900766305570
2352,7441541198688292105
2353,7441546422798880040
2354,7441514852893379900
2355,7441610652315176250
2356,7441566422163131698
2357,7441577102375177522
2358,7441548162168409394
2359,7441565286613929266
2360,7441583250797104411
2361,7441513623035333951
2362,7441604933415144762
2363,7441594045844999460
2364,7441602194169711932
2365,7441586704902786315
2366,7441520322777484595
2367,7441585389690801435
2368,7441560832502140187
2369,7441512359916571939
2370,7441631611835206921
2371,7441653370781322508
2372,7441820948191333641
2373,7441778475586882853
2374,7441619574774189371
2375,7441638582994898235
2376,7441878846212689190
2377,7441887876104719655
2378,7441766163756993851
2379,7441729902421773605
2380,7441697329285008651
2381,7441833165041175865
2382,7441885252127051068
2383,7441740682542222650
2384,7441814015220763919
2385,7441819209992047930
2386,7441742176377244985
2387,7441818080109432123
2388,7441766021767220540
2389,7441898248865991951
2390,7441892104948747579
2391,7441833003430563122
2392,7441898303781948687
2393,7441813690149555516
2394,7441767151721008422
2395,7441625133728517427
2396,7441624707499052299
2397,7441754852432153907
2398,7441771925098990857
2399,7441891546212977977
2400,7441797181469625657
2401,7441855447595896101
2402,7441741122931641635
2403,7441761405432302899
2404,7441828848171339008
2405,7441841525643873577
2406,7441745208196255027
2407,7441810411344743739
2408,7441753532744731904
2409,7441781532911537445
2410,7441834231015230758
2411,7441899006957079858
2412,7441803827591777562
2413,7441778592083742010
2414,7441624160691834131
2415,7441825475531410725
2416,7441899147252337977
2417,7441768486675811643
2418,7441751135305747771
2419,7441811891841699129
2420,7441896389497326887
2421,7441780718599998779
2422,7441803725016026408
2423,7441800801250561307
2424,7441648809643494694
2425,7441776909748391183
2426,7441755172797205799
2427,7441622770041048339
2428,7441829489383902498
2429,7441708552298794297
2430,7441899508146982198
2431,7441747501792693554
2432,7441627212807146812
2433,7441759122669767987
2434,7441746538973465916
2435,7441774853079780619
2436,7441853624432577827
2437,7441906373866179881
2438,7441666141069659428
2439,7441877519537687858
2440,7441897194447179071
2441,7441623272241892620
2442,7441877720692247859
2443,7441886061397134630
2444,7441830071435939087
2445,7441897420847402276
2446,7441743049090288955
2447,7441701801151253817
2448,7441769662737599794
2449,7441881036901895483
2450,7441825964704795913
2451,7441821042361830706
2452,7441901279191797031
2453,7441739498725084451
2454,7441753175838821684
2455,7441787772924366130
2456,7441660838349425939
2457,7441815342625705231
2458,7441824823921184052
2459,7441719297514179877
2460,7441812850382802236
2461,7441881929017756987
2462,7441848632887807283
2463,7441631319571828019
2464,7441798625992232251
2465,7441682160764947747
2466,7441779779302477116
2467,7441729742815989019
2468,7441776472496377129
2469,7441868937786068263
2470,7441861951388519680
2471,7441839134173400380
2472,7441723330828307739
2473,7441748795001507072
2474,7441813961156103481
2475,7441850210197703999
2476,7441792244161531196
2477,7441930572080925978
2478,7441916715535027510
2479,7441936787229986089
2480,7441942416468249915
2481,7441949582260571452
2482,7441960784734719286
2483,7441961333081263395
2484,7441932172031773961
2485,7441958046848355647
2486,7441922276137749771
2487,7441946394631343375
2488,7441917000244366611
2489,7441917686503787787
2490,7441922883196144954
2491,7441966424450501945
2492,7441932172203707686
2493,7441960620884380987
2494,7441920459857317170
2495,7441925006956809498
2496,7442106937421974836
2497,7442094116642524454
2498,7442292012805655817
2499,7442293782294351143
2500,7442170082735770940
2501,7442293049117510952
2502,7442320294368283913
2503,7442228474938510619
2504,7442128239008451900
2505,7442164943853489468
2506,7442099192253648185
2507,7442287847450627385
2508,7442129271369289000
2509,7442142211803761978
2510,7442096389963779365
2511,7442176219585596699
2512,7442190476662377740
2513,7442091371013426451
2514,7442110141903670543
2515,7442103347823349049
2516,7442218920561347898
2517,7442253269826669850
2518,7442004896020303142
2519,7442206204211858740
2520,7442272159520558355
2521,7442146147205958975
2522,7442111627991846195
2523,7442173681477946634
2524,7442162536272743730
2525,7442176155169475897
2526,7442096685938953524
2527,7442112559559363855
2528,7442080847039106319
2529,7442242393987927346
2530,7442249953721863461
2531,7442182129536011570
2532,7442116166450941193
2533,7442173585113861410
2534,7442243956546538815
2535,7442230505321385251
2536,7442030209861258555
2537,7442087501436603705
2538,7442334069553204519
2539,7442011005271543066
2540,7442281114233867558
2541,7442288263487950091
2542,7442201014796668200
2543,7442082704373435682
2544,7442256375478013211
2545,7442124674072382756
2546,7442086313844542735
2547,7442078261099760946
2548,7442082421916339513
2549,7442270714549308708
2550,7442088574905847100
2551,7442244266203663635
2552,7442134585984535868
2553,7442191859549523251
2554,7442078971434503435
2555,7442105180658748709
2556,7442003689671281971
2557,7442373493586414848
2558,7442362242877689098
2559,7442577394101144884
2560,7442511429317561641
2561,7442620204904942888
2562,7442611953727491380
2563,7442577684523257148
2564,7442602568607386939
2565,7442195126987869500
2566,7442371818461138239
2567,7442544682279734563
2568,7442484096401509686
2569,7442540785821568267
2570,7442470597843569980
2571,7442475481275960639
2572,7442659653340777787
2573,7442705918728457507
2574,7442530096746974524
2575,7442698216069516584
2576,7442604086500871450
2577,7442384241708584244
2578,7442455800041196840
2579,7442489543212715322
2580,7442378656212602123
2581,7442692384703466788
2582,7442509246433938742
2583,7442916350428810537
2584,7442936160416009510
2585,7442882846483598649
2586,7442831068199177512
2587,7443019703372565760
2588,7442966132811762983
2589,7442864754206575913
2590,7442916351284399420
2591,7442887479964830986
2592,7442863635539447103
2593,7443469026065452339
2594,7443288644963536147
2595,7443206410848013606
2596,7443711526160141619
2597,7443782834579344659
2598,7443618262618885395
2599,7443591911224528128
2600,7443819761793912104
2601,7444036153067441445
2602,7443872032879660323
2603,7444190153876229410
2604,7444090921936850203
2605,7444379046135237939
2606,7444325978488327482
2607,7444358484054904123
2608,7445265135796587833
2609,7445092228021701899
2610,7445819193695456522
2611,7445815734191590714
2612,7441614627986869542
2613,7441573555797626122
2614,7441836062621682994
2615,7441857433179311412
2616,7442005479875775795
2617,7442147616302910772
2618,7442289812507200804
2619,7442290800664333602
2620,7442277298704895290
2621,7442342073258265915
2622,7442272660727336252
2623,7442344642911178038
2624,7442308043825630518
2625,7442105550529154363
2626,7442268681452735754
2627,7442277044106415360
2628,7442493659309804860
2629,7442674320192654629
2630,7442574747390512419
2631,7441850009424874767
2632,7442708418290322725
2633,7442654722785332514
2634,7442240664374431034
2635,7442561123796176179
2636,7442994359835905321
2637,7443078556906835252
2638,7442932340457835795
2639,7442912467765710117
2640,7443444952484302121
2641,7443475721160314162
2642,7443786973208186122
2643,7443709488735079717
2644,7443614750530981178
2645,7443812610228735289
2646,7443575676822621492
2647,7443689081097162020
2648,7444034425379212601
2649,7444014430553148682
2650,7443984290431520041
2651,7444004717199510825
2652,7444106462701292857
2653,7444041327303511332
2654,7444142258343005500
2655,7444506490691472699
2656,7444523367060868364
2657,7444853709336513844
2658,7444800560949251391
2659,7444825639489686842
2660,7444733160782449977
2661,7444934754333494580
2662,7445293879483485499
2663,7445096150547434812
2664,7445445660813364540
2665,7445652304826617123
2666,7445579154071899407
2667,7445887887461092668
2668,7445833324435623226
2669,7445894198974352699
2670,7445871646168141119
2671,7445928053143833915
2672,7446071923395611942
2673,7446277202078944569
2674,7446340256586108217
2675,7440798820159606031
2676,7440846716301085992
2677,7441093807904525595
2678,7440815460175662388
2679,7440813684315786533
2680,7440841820180925696
2681,7441158842206932224
2682,7441003896647994633
2683,7440004571746929972
2684,7440793707902766347
2685,7438789672656047395
2686,7440990691104214312
2687,7441010452437552424
2688,7441018396612873487
2689,7441024702195322124
2690,7441087241906162983
2691,7441063590360141106
2692,7440896140763057467
2693,7440895309896486153
2694,7440820700044201257
2695,7440831206733745435
2696,7441010335382883611
2697,7441006825488665892
2698,7441062164812647689
2699,7441080004517088571
2700,7440960044440522034
2701,7440995945212382505
2702,7441027755241770292
2703,7441065403696090402
2704,7441114715222183202
2705,7441024958454648091
2706,7440991812313009465
2707,7440992705355763001
2708,7441015005102738722
2709,7441086616015359241
2710,7441028802895039753
2711,7440992795621330216
2712,7440961320922500362
2713,7440894878109683003
2714,7441075242593783075
2715,7441064784457485577
2716,7440990869924187449
2717,7440848105425112371
2718,7440867270940740916
2719,7440824756187958587
2720,7440804549255875878
2721,7440873367596485926
2722,7440861286088461628
2723,7440849371593297190
2724,7440860857002724634
2725,7440863687084182811
2726,7441057718984510756
2727,7441156059454049555
2728,7440996822262369547
2729,7440994164357041471
2730,7441019765998570804
2731,7441097650608278838
2732,7441022880600673577
2733,7441028442813893914
2734,7441042232062315785
2735,7441077063802473791
2736,7441128682564930874
2737,7441016162105691451
2738,7441016672883887398
2739,7440893701443882276
2740,7441083853722242344
2741,7441012044964334859
2742,7441129923755986234
2743,7440995906624785714
2744,7441047419808222500
2745,7441051250227006772
2746,7440999969839910171
2747,7440902030312377600
2748,7441115956014861625
2749,7441106492729625914
2750,7441030093985631514
2751,7441012458090679602
2752,7441151819243408697
2753,7441016860981710132
2754,7441058118101929254
2755,7441147930548899130
2756,7441054810016730377
2757,7441053517168643338
2758,7441098760735739196
2759,7441020238688226619
2760,7441039018059402554
2761,7441009954372259126
2762,7441151797160398140
2763,7441023018442165538
2764,7441067944353729819
2765,7441054000809528602
2766,7441158047218535721
2767,7441046872065707264
2768,7440973401985912127
2769,7441159053868272935
2770,7441058668470160681
2771,7440996740968353084
2772,7440993415749291327
2773,7441114041625447738
2774,7441013512408665344
2775,7441116184449191179
2776,7441012183518989602
2777,7440977777471360266
2778,7441061811698404658
2779,7440998208324537627
2780,7441100001700351244
2781,7441065148162379027
2782,7440996229674323200
2783,7440987574518254889
2784,7440985515211394362
2785,7441158902013644068
2786,7441005530128125210
2787,7441065826377108745
2788,7441031896382836003
2789,7441146182660836665
2790,7441036401275194682
2791,7441022719354768697
2792,7440973199875116307
2793,7441010406664981801
2794,7440995261561801995
2795,7441032854466841856
2796,7441001691060784422
2797,7441021920994282803
2798,7441117381482597666
2799,7440992626855169317
2800,7441022520481877307
2801,7441134826347892020
2802,7441004320876776744
2803,7441032028214086972
2804,7441093132671782207
2805,7441055561325546809
2806,7441012466609294629
2807,7441041566225026314
2808,7440995485583756581
2809,7441043877630348553
2810,7440991925341031739
2811,7440811190814543104
2812,7440794633573027107
2813,7440852106371796264
2814,7440996575234575654
2815,7441237328644869436
2816,7441170360248208691
2817,7441596523189652777
2818,7441590806256815369
2819,7441505902097616169
2820,7441469389032967434
2821,7441389476905028864
2822,7441343830810430761
2823,7441412560269708580
2824,7441412507215990066
2825,7441593416401636658
2826,7441596852740410683
2827,7441411610385632539
2828,7441399782456741132
2829,7441314358564605244
2830,7441416012605525298
2831,7441532236974869786
2832,7441914861560319290
2833,7441647170580712755
2834,7441721510974278912
2835,7441797961266269491
2836,7441808799196843321
2837,7441516135897402658
2838,7441872197951475002
2839,7441749755002146057
2840,7441954168987847963
2841,7441755109970775308
2842,7441883731490524453
2843,7441639335486573864
2844,7441703572967902483
2845,7442094311417580851
2846,7442298307046624547
2847,7442222230643281210
2848,7442313702495309114
2849,7442045743357054266
2850,7442064428067032360
2851,7442131925348666633
2852,7442349868779130170
2853,7442120670244310281
2854,7442578828767137083
2855,7442479571561090338
2856,7442604590681361723
2857,7442697633933593893
2858,7442593915326270730
2859,7442557063424724236
2860,7442923071654087948
2861,7443388516417015055
2862,7442057619381996850
2863,7444157865339735334
2864,7444165748668386597
2865,7444396102276713737
2866,7444410219045621004
2867,7444857327632551204
2868,7444762765589302568
2869,7444790414692994315
2870,7444698417349037331
2871,7445102029371886898
2872,7445217670229773622
2873,7445489717900135731
2874,7446011698479172874
2875,7446025824995757370
2876,7445828470812265791
2877,7446351052892425522
2878,7441415654621678859
2879,7441415967684447538
2880,7441511377900014859
2881,7441750416703950131
2882,7441544536058318115
2883,7441594019802516777
2884,7441545314588265747
2885,7441527259204308284
2886,7441565330624859428
2887,7441515748805086504
2888,7441570631847644476
2889,7441502858220031269
2890,7441501701363862810
2891,7441559826917788978
2892,7441560339235212556
2893,7441509638442470693
2894,7441497593575656738
2895,7441559186971839763
2896,7441538719787519286
2897,7441547375493025039
2898,7441560176315862335
2899,7441520559390805299
2900,7441526756735044864
2901,7441415165611986216
2902,7441540922053119284
2903,7441568741474766143
2904,7441560954195676453
2905,7441530075222232377
2906,7441513547768581413
2907,7441531465491418394
2908,7441519628230118714
2909,7441533046936882483
2910,7441580866507181339
2911,7441502153224572170
2912,7441551958453931321
2913,7441575185502817536
2914,7441558557792734527
2915,7441528761989795099
2916,7441567639677226276
2917,7441528950259551488
2918,7441901054343613754
2919,7441933646275169576
2920,7442124058298273039
2921,7442194919801801984
2922,7442154010301238569
2923,7442573884966145331
2924,7442312751919222067
2925,7442528091546635539
2926,7442306907383041338
2927,7442288410854837538
2928,7442531305847278848
2929,7442302210991492404
2930,7442301804676730170
2931,7442342770162879744
2932,7442635982819577103
2933,7442306272227052840
2934,7442184344577363240
2935,7442528225529531702
2936,7442360145000025401
2937,7442324506175163648
2938,7442319569076735284
2939,7442629768685636879
2940,7442464910849690915
2941,7442538341330849081
2942,7442660966824725818
2943,7442724146997366043
2944,7442719782933155098
2945,7442502673028386100
2946,7442620906075196723
2947,7442251919667563816
2948,7442262591335927074
2949,7442200961893813541
2950,7442341732227845416
2951,7442317093355195675
2952,7442340852384451881
2953,7442162500142943545
2954,7442216342838660362
2955,7442328319963565312
2956,7442614035910053159
2957,7442493074330144019
2958,7442485863713443123
2959,7442356600192470312
2960,7442412111814266138
2961,7442636609813531904
2962,7442533665604767011
2963,7442539501999656233
2964,7442847985253272892
2965,7442703821836537140
2966,7442415168027462924
2967,7442492970026143010
2968,7442464833657703718
2969,7442501609071856956
2970,7442475420185906447
2971,7442496986894339379
2972,7442480329534737701
2973,7442498149039525180
2974,7442502455612411199
2975,7442473487341522176
2976,7442489183655955772
2977,7442446522135973160
2978,7442467844761062695
2979,7442336786464001340
2980,7442364410015812924
2981,7442462462340893988
2982,7442439596912430394
2983,7442465468318862643
2984,7442495751210470667
2985,7442424537406278964
2986,7442500262197054779
2987,7442489817134402852
2988,7442495067220200715
2989,7442470910671555903
2990,7442498557468364083
2991,7442310267477708095
2992,7442343298250935615
2993,7442306292355501370
2994,7442340487983271205
2995,7442249226827992374
2996,7442331643798473994
2997,7442346754101611827
2998,7442318998156430630
2999,7442276117915897145
3000,7442249380595322148
3001,7442626528162204943
3002,7442503533913443621
3003,7442655615467425084
3004,7442540355381169465
3005,7442545961785756947
3006,7442528099725561151
3007,7442536875308436746
3008,7442661953387892005
3009,7442527571587239227
3010,7442516734042459450
3011,7442584388099001636
3012,7442536382465199360
3013,7442548515642887439
3014,7442548669133507874
3015,7442990284490738944
3016,7443048597886700857
3017,7442936880531819786
3018,7442877570548337978
3019,7442908537187011867
3020,7442968790628896000
3021,7442949730818133299
3022,7442996853018430759
3023,7443365683364121896
3024,7443126319505755401
3025,7443207656212417807
3026,7442510663756434707
3027,7446114281218788666
3028,7442217060857285927
3029,7442303883294166323
3030,7442228652361714981
3031,7442253523858885907
3032,7442229679987166502
3033,7442319052162321723
3034,7442358003484970297
3035,7442218882858863923
3036,7442304759178087743
3037,7442287615816043795
3038,7442225091091434790
3039,7442219392517082394
3040,7442230881936329994
3041,7442235165151120650
3042,7442221253819190580
3043,7442596637265972506
3044,7442606607688600847
3045,7442570926727777587
3046,7442680544057363769
3047,7442514639742618943
3048,7442586636120001843
3049,7442168379911277881
3050,7442172875936632091
3051,7442140105894022451
3052,7442236131300691263
3053,7442315652523740443
3054,7442133406126705980
3055,7442240884604947738
3056,7442275114290384163
3057,7442143733665107215
3058,7442241116713258250
3059,7442551604886211898
3060,7442489413046652197
3061,7442454267832618255
3062,7442609140712721703
3063,7442660092173913378
3064,7442650101488667914
3065,7442719453848079668
3066,7442494587790265657
3067,7442496743016549683
3068,7442623046092983589
3069,7443066721113541948
3070,7443204753284189459
3071,7444450525254257946
3072,7444426229203111183
3073,7444475874751040803
3074,7444569784433347874
3075,7444499804937309490
3076,7444913755391151372
3077,7440033051322699023
3078,7440667520069127443
3079,7442158427809271090
3080,7440647718680284466
3081,7441610092799085863
3082,7441479997635743027
3083,7442172002686799143
3084,7442255310263242011
3085,7442326142721346874
3086,7441874397817785637
3087,7442185650956143887
3088,7440092176341683475
3089,7441777200321383717
3090,7442299645427993914
3091,7442190124831477003
3092,7442293291946642747
3093,7442305578233318714
3094,7442360081821273353
3095,7442167084185963788
3096,7442208988755741967
3097,7442167493054975272
3098,7442301134657637632
3099,7442307063356624164
3100,7442234058358279461
3101,7442293444933881146
3102,7442322472776650042
3103,7442351355223625014
3104,7442006236343635257
3105,7442314352272657674
3106,7442327719376899385
3107,7442326918797544745
3108,7441730750392618275
3109,7442163755573710107
3110,7442320229666983168
3111,7441522597814209833
3112,7441496445942910258
3113,7442091971394456872
3114,7442304187611745570
3115,7442216248785636648
3116,7442291209839709440
3117,7442192968997555515
3118,7442166984390806844
3119,7442462776800382266
3120,7442470088336248122
3121,7438855514185829690
3122,7440794745569398050
3123,7441604657945791803
3124,7441528208597486905
3125,7441545848825204028
3126,7441563022432275721
3127,7441501429883227452
3128,7441537525660896538
3129,7441549456723463484
3130,7441530100396330277
3131,7441364571480165643
3132,7441849855133224201
3133,7441794188003315004
3134,7441756269205130550
3135,7441840805544725817
3136,7441886141424454972
3137,7442144180157123898
3138,7442250932672351545
3139,7442153228621368633
3140,7442175559217597753
3141,7442178224534113573
3142,7442148918248361270
3143,7442299611672218939
3144,7442265511901138239
3145,7442174528962219322
3146,7442088629813382459
3147,7442244433807953210
3148,7442207820650433831
3149,7442291245889752380
3150,7442208815728168228
3151,7442186217220869436
3152,7442178002366074152
3153,7442196538148785418
3154,7442237329474915610
3155,7442216474950798644
3156,7442328469926661385
3157,7442165764523576635
3158,7442212465766681896
3159,7442204115616140603
3160,7442276003579284770
3161,7442286417130261814
3162,7442201016231038218
3163,7442212226515176745
3164,7442288952033234228
3165,7442135025560194361
3166,7442374725189274892
3167,7442485196370218299
3168,7439288279616310579
3169,7439164852817480969
3170,7440034781913550115
3171,7440007164590050571
3172,7440065594348539148
3173,7440034113530236219
3174,7440487943015369984
3175,7440111526821842212
3176,7440335787591470362
3177,7440407847160040715
3178,7440455630516735259
3179,7440417241247583540
3180,7440659035512196403
3181,7440814995945868601
3182,7440677619789548860
3183,7440758337873956153
3184,7441514558453206309
3185,7441539929814928678
3186,7441480757513637157
3187,7441250844974107904
3188,7441566474927344905
3189,7441543738272255286
3190,7441578838997421321
3191,7441346798255426831
3192,7441523421801876747
3193,7441540622420430134
3194,7441533009041395004
3195,7441593639748291851
3196,7441535376717548851
3197,7441605724599340300
3198,7441799322951306505
3199,7441856661213449510
3200,7441790600963214603
3201,7441968381793733928
3202,7441846012790000946
3203,7441794009451810102
3204,7441756594825678121
3205,7441829356516756793
3206,7441626469408705851
3207,7441835651491810571
3208,7441672405010910483
3209,7441839994416811302
3210,7441836285985131828
3211,7441856456300760372
3212,7441786808884579584
3213,7441881166904397090
3214,7441812661655899452
3215,7441725761775553828
3216,7441414736056683803
3217,7442454276934323515
3218,7442341687843720482
3219,7442473738014117179
3220,7442211948785126697
3221,7442196510743350568
3222,7442237935040171300
3223,7442233400246783289
3224,7442200198337547574
3225,7442197444877684028
3226,7442198098186718514
3227,7442135227352337704
3228,7442191888918039866
3229,7442175844639870227
3230,7442615618848787722
3231,7442479780060073252
3232,7442362640413805850
3233,7442706166330756378
3234,7442398453226818828
3235,7442711253262273827
3236,7442660402866998540
3237,7442611648587730210
3238,7442596353282297148
3239,7442546436937387322
3240,7442679575882042681
3241,7442595821356322085
3242,7442488797385772351
3243,7442632103281298742
3244,7442647642590498085
3245,7442675427430206783
3246,7442518992259910927
3247,7442684272483274025
3248,7442521134978845952
3249,7442576728926522634
3250,7442610891289382154
3251,7442629281013910835
3252,7442663157228637492
3253,7442580074768993595
3254,7442705616558230799
3255,7442553420617141545
3256,7442647770839797019
3257,7442506102996077884
3258,7442487205072751887
3259,7442632789393935627
3260,7442695430254710067
3261,7442634114152418617
3262,7442510373627923750
3263,7442527839011818812
3264,7442519894215658752
3265,7442647893091077385
3266,7442509384250330395
3267,7442593733977181503
3268,7442557378681163062
3269,7442670210148011324
3270,7442632568522001700
3271,7443090239574396198
3272,7442904468682837274
3273,7443024995493743922
3274,7442825834576006437
3275,7442890459736837417
3276,7442998564491365690
3277,7443060940200889659
3278,7443026481460170023
3279,7443392471117073673
3280,7443394109055733052
3281,7443105592870292777
3282,7443283018451553586
3283,7443455805313060107
3284,7443373798134385920
3285,7443797464123034891
3286,7443714829099011388
3287,7443594544270101796
3288,7444029202828905785
3289,7444065762584677692
3290,7444425996897373451
3291,7444340140597693711
3292,7444541795830222121
3293,7444239412063423778
3294,7442166025539439872
3295,7442193080293412131
3296,7444948970075344186
3297,7444915718883183931
3298,7444923400771882291
3299,7445179019001203983
3300,7445096791458041123
3301,7445236975398866186
3302,7445553695166696761
3303,7445843341956238643
3304,7446225947864370489
3305,7446785575929040138
3306,7446837885510110515
3307,7443442725237689635
3308,7443429168429272372
3309,7443414974707371299
3310,7443638468648946998
3311,7443722185992064266
3312,7443616246161001788
3313,7443741152718720314
3314,7443677014931852604
3315,7443517644478729530
3316,7443753016890510631
3317,7443729203570199845
3318,7443704125554019603
3319,7443736628314508570
3320,7443687213918932236
3321,7443716391888243983
3322,7443746020669787444
3323,7443636359425707324
3324,7444171054471318784
3325,7444494106157387042
3326,7441591613370993935
3327,7442364265106853177
3328,7441763321931500852
3329,7441590310796414223
3330,7441599483684588835
3331,7441609690766675200
3332,7441736506730876187
3333,7441770899511971091
3334,7442240856045751591
3335,7441739596267932980
3336,7442138118242798848
3337,7442127393034161448
3338,7442340681525366027
3339,7442585344807128330
3340,7442377481983757618
3341,7442341268274826522
3342,7442260806667865401
3343,7441588098519043365
3344,7441594343971999003
3345,7441589903051263290
3346,7442251188776537395
3347,7442261183844945215
3348,7442308933789797672
3349,7442135353881906490
3350,7442289486932790587
3351,7442633984456150309
3352,7443986956049993001
3353,7444105404612709692
3354,7442714660362554633
3355,7442705243269369123
3356,7442641564788182323
3357,7443040554339831050
3358,7442950256750234915
3359,7443022132121980210
3360,7442830843267009844
3361,7442837966172523812
3362,7442824879923137846
3363,7443040247891430706
3364,7443048798407970075
3365,7442998663787449651
3366,7443193508250324278
3367,7442670531469495562
3368,7442675382500773170
3369,7442629722191760694
3370,7442685965367348480
3371,7442711889794157887
3372,7442647825789308197
3373,7442672661630668042
3374,7442623955820678463
3375,7442661263538261308
3376,7442665943483878668
3377,7442672243483708681
3378,7443016399888387379
3379,7443058731216031036
3380,7443013131560848681
3381,7443019198839688482
3382,7442869426443029794
3383,7443045495318007103
3384,7443047432327351578
3385,7443033477823450420
3386,7442989766544526649
3387,7443020428483874107
3388,7443059336303201595
3389,7443030598861589794
3390,7443009253096312123
3391,7443201997144083751
3392,7443111066600607039
3393,7443194416052915471
3394,7443200663477177609
3395,7443201273098259751
3396,7443109778890444058
3397,7443108613968629026
3398,7442576114871962895
3399,7442597444124282123
3400,7442578608796831035
3401,7442514184371277092
3402,7442674045298019603
3403,7442586445987990836
3404,7442656367929806139
3405,7442616729198415155
3406,7442625738253143348
3407,7442967400699546895
3408,7442987933273033993
3409,7443074686956686603
3410,7443036801360596250
3411,7442773682226761001
3412,7442927871162584330
3413,7443013848229006646
3414,7443091184341323062
3415,7442995409120742696
3416,7443037232073592076
3417,7443047569216785679
3418,7443043364087401787
3419,7443067195250281780
3420,7443033835735944487
3421,7442902529534397735
3422,7443032178386046262
3423,7442864143150910758
3424,7443023222188117307
3425,7442899130743016763
3426,7443331259763297536
3427,7443355422200745235
3428,7443207728480177418
3429,7443299795650809107
3430,7443220545820232986
3431,7443333820012711177
3432,7443356638679010575
3433,7443387077779131682
3434,7443241813328121097
3435,7443111370242968841
3436,7443461577552006412
3437,7443329439590534460
3438,7443341653588413733
3439,7443291230529768744
3440,7443447485500001574
3441,7443274710298742055
3442,7443392121660345615
3443,7443274972757282083
3444,7443273010867473715
3445,7443428927466474788
3446,7443296720978447673
3447,7443234628405710117
3448,7443309170654285065
3449,7443264390545149218
3450,7443226775724887331
3451,7443397785182866746
3452,7443339156777946407
3453,7443215663029603593
3454,7443265666909605158
3455,7443266960617442619
3456,7443297435620838706
3457,7443261226630548755
3458,7443225868211588386
3459,7443225367701179705
3460,7443315607342304570
3461,7443298020705291574
3462,7443402571491953972
3463,7443290971854474559
3464,7443218188722081024
3465,7443211326639394106
3466,7443286306379025679
3467,7443425660049149222
3468,7443273567807999232
3469,7443318598694604089
3470,7443432796221148427
3471,7443210824241532170
3472,7443265434511478055
3473,7443277359362493723
3474,7443210994551196967
3475,7443282257541942562
3476,7443288240318205184
3477,7443317107384667449
3478,7443211646304111906
3479,7443295846134844712
3480,7443293118469885247
3481,7443264235703930121
3482,7443264931673165093
3483,7443330237066202428
3484,7443312422846336295
3485,7443276893148810556
3486,7443303796681231675
3487,7443601196817992996
3488,7443706324946275636
3489,7443482593103826187
3490,7443643651714043170
3491,7443584745750990131
3492,7443757744601009458
3493,7443683735762963750
3494,7443620783823310140
3495,7443945639278316852
3496,7444014581074152743
3497,7444145376816368911
3498,7443846626214464794
3499,7444090270636969275
3500,7444113519160610086
3501,7444174359113076009
3502,7444534673193127179
3503,7444013766917901604
3504,7444504983136996648
3505,7444902648760880436
3506,7444740944823405835
3507,7443023655413534009
3508,7442853597794045184
3509,7443065463711550739
3510,7443054921097776396
3511,7443043435864395068
3512,7443074785816382735
3513,7445249577826913548
3514,7444973033040710921
3515,7445227056746532130
3516,7445255507062885667
3517,7442878327917956387
3518,7443241866268642572
3519,7442992998658395402
3520,7443245233875307810
3521,7443613072138194191
3522,7443971085911018763
3523,7444025346615168306
3524,7444269394861051188
3525,7445470523779337530
3526,7445821373836053817
3527,7447034339419835689
3528,7442174481272982838
3529,7442623637393362186
3530,7442679337347714354
3531,7442646272038817082
3532,7442294636804066595
3533,7442349763153890612
3534,7442243615797054729
3535,7442621001348779327
3536,7442525363101633802
3537,7442678618372705590
3538,7442921774834109722
3539,7442565822721133858
3540,7442868466631101733
3541,7442870517792607507
3542,7442878314647145755
3543,7442851947822058792
3544,7442927075918351626
3545,7442261392805121318
3546,7442249139070438690
3547,7442499773795503401
3548,7442646918636916008
3549,7443083549114207526
3550,7442979276376378682
3551,7443037468305198396
3552,7442986752400248079
3553,7443463863783263551
3554,7442999158782430501
3555,7443320914290150656
3556,7443449511487327503
3557,7443627508848692532
3558,7444175991276178739
3559,7444154412022517052
3560,7443926148465069346
3561,7442848480512560435
3562,7442120432511192332
3563,7442102643956223290
3564,7442145222412356883
3565,7442293120382930230
3566,7442298891002826024
3567,7442171647387258172
3568,7442293294446513448
3569,7442130428602977548
3570,7442190531200929081
3571,7442236044210163003
3572,7442139364928261376
3573,7442112429082873140
3574,7442230125137005864
3575,7442186914423196954
3576,7442129653466238248
3577,7442484805683383571
3578,7442368114857233724
3579,7442490176544279867
3580,7442194225514532133
3581,7442338188405820706
3582,7442172981725400374
3583,7442331755161373992
3584,7442264229048061242
3585,7442111000632937738
3586,7442148040812678460
3587,7442315545392762127
3588,7442113793632537865
3589,7442124047686651195
3590,7442119888321219877
3591,7442448795654212924
3592,7442517130697788723
3593,7442514684411956520
3594,7442497022638230847
3595,7442672917990657332
3596,7442635269737647401
3597,7442514451145723171
3598,7442568813708709154
3599,7442715375910800649
3600,7442600202529262898
3601,7442565652432358697
3602,7443069070615825673
3603,7442844513342721332
3604,7443050421062487323
3605,7444782989164301578
3606,7444664342684994874
3607,7444671953161440572
3608,7445655221579058492
3609,7446345209127947583
3610,7442869640709016866
3611,7442520391609912595
3612,7442621060236758308
3613,7442520590583352615
3614,7442751247473544505
3615,7442623075931131199
3616,7442612183319514405
3617,7442593966022724901
3618,7442555980358913321
3619,7442531328366578994
3620,7442532239482555685
3621,7442917648310045990
3622,7442589883828342035
3623,7442605495908699402
3624,7442924546585414939
3625,7442871879326534966
3626,7442609836652563763
3627,7442526733942689024
3628,7442520089494179109
3629,7442910926296075580
3630,7442630962200055080
3631,7442592821531430180
3632,7442893975289187603
3633,7442620538490490152
3634,7442856492035788086
3635,7442558073962532146
3636,7442520091993984297
3637,7442531771243040059
3638,7442570418323606843
3639,7442667311347141898
3640,7442741633675840827
3641,7442852989347335458
3642,7443012483117272361
3643,7443080907071835450
3644,7443021822880156982
3645,7443014170213207306
3646,7443027732134432057
3647,7443024627191876864
3648,7442994472637451547
3649,7442959545036475663
3650,7442973774707739939
3651,7443099121956719881
3652,7443006349056740648
3653,7443021326694026505
3654,7443309588121652516
3655,7443281947075398931
3656,7443256047038516520
3657,7443386627675786530
3658,7443316475588267316
3659,7443271056426683688
3660,7443280136331349285
3661,7443667728906472714
3662,7443743343554596107
3663,7443791811157462330
3664,7443721859738127643
3665,7443701418235563283
3666,7443564457780972838
3667,7444208801567280418
3668,7444122471801965824
3669,7444120527435779387
3670,7444023238390205706
3671,7443856972002151737
3672,7444110865432890684
3673,7444455861843610906
3674,7444754761376632101
3675,7444464587971284262
3676,7442723478756773178
3677,7442728310452309305
3678,7442513272026303782
3679,7443027456329567546
3680,7442937969821912346
3681,7443031937356238138
3682,7442846980453305639
3683,7445104888805117194
3684,7442982143740874011
3685,7443008189500542220
3686,7444725898709962034
3687,7446613625810210102
3688,7442648093943745842
3689,7442715447813737782
3690,7442667969991232808
3691,7442970303183064339
3692,7442851272266435881
3693,7442890134959197481
3694,7442892115165596985
3695,7442903085040618771
3696,7442840134048828698
3697,7442836974936870170
3698,7442853792002886912
3699,7442885513041726780
3700,7442893199003225398
3701,7443356640293702971
3702,7443450189056118056
3703,7443665324362255653
3704,7443588658520673551
3705,7443705624917036342
3706,7443718557852077338
3707,7443624612434414874
3708,7443577439508335932
3709,7443755693917605120
3710,7443639984411774235
3711,7443630403484798220
3712,7443613190807751975
3713,7444119988249693491
3714,7442598195118509347
3715,7442641726591749413
3716,7442659047934938418
3717,7442623788111432998
3718,7442633096018562354
3719,7442748753041198336
3720,7442841866971729179
3721,7442608293509401890
3722,7442632438326627625
3723,7442633054251666688
3724,7442624391155830075
3725,7442639444760415546
3726,7442627498581544250
3727,7442626372838706451
3728,7442615397624450342
3729,7442619837030976818
3730,7442663089301916947
3731,7442622072800496915
3732,7442650141158296869
3733,7442633441138511155
3734,7442588562811391259
3735,7442651252875414784
3736,7442629265423748352
3737,7442644719009582393
3738,7442647088724184357
3739,7442630482770070842
3740,7442567509091306778
3741,7442666485350157608
3742,7442639063733062939
3743,7442635064279698748
3744,7442662866261511459
3745,7442625451224321299
3746,7442611396904226083
3747,7442691582106602779
3748,7442894927870151994
3749,7442880367129890083
3750,7442887735486025014
3751,7442602829761629503
3752,7442643649202064680
3753,7442599418978766131
3754,7442586538606710068
3755,7442613924438019363
3756,7442612350454205755
3757,7442707440967208218
3758,7442670992553528613
3759,7442628331578707252
3760,7442659952222620982
3761,7442700605942009097
3762,7442599699225333002
3763,7442630827902536994
3764,7442618298749029642
3765,7442630557227404596
3766,7442678418996481316
3767,7442640049008545074
3768,7442663276367842612
3769,7442646481724607779
3770,7442629592029924623
3771,7442639621319707944
3772,7442654958719208714
3773,7442631704486874427
3774,7442629479228329255
3775,7442643898930957583
3776,7442627938756955443
3777,7442653055947951417
3778,7442633269587250469
3779,7442629558165064960
3780,7442634801565142324
3781,7442620489387822396
3782,7442647856168570147
3783,7442624366157778213
3784,7442615686179982651
3785,7442643319907208511
3786,7442631102822452507
3787,7442634881491864889
3788,7442633733171170600
3789,7442684693260012827
3790,7442622282003975461
3791,7442741927637798153
3792,7442911651176664378
3793,7442743892623101218
3794,7442855090072915252
3795,7442910129915219257
3796,7442882683262340411
3797,7442865885125086514
3798,7442867224043474227
3799,7442848082645077259
3800,7442866627646967090
3801,7442859091061509433
3802,7442598312919797031
3803,7442630714647956771
3804,7442632646397644051
3805,7442593418800287015
3806,7442622122406546698
3807,7442639566151961907
3808,7442640981188447522
3809,7442625020993621288
3810,7442644610830044435
3811,7442593778256383244
3812,7442616336829779236
3813,7442634379643358490
3814,7442621479855869193
3815,7442631422889741625
3816,7442645965137268004
3817,7442643436861148455
3818,7442639188773686588
3819,7442619738460523827
3820,7442607942794267940
3821,7442602941011217673
3822,7442632402385587491
3823,7442626725680270618
3824,7442675272920386854
3825,7442641035492216064
3826,7442596649223982370
3827,7442619662237486362
3828,7442619349862534463
3829,7442599960849222951
3830,7442626625281314063
3831,7443033201716530458
3832,7442996681882357030
3833,7443026246499306787
3834,7443000786004512027
3835,7443013784370744586
3836,7443058167732276537
3837,7442999707674152246
3838,7442992620449680700
3839,7442990391567093026
3840,7443394072636656896
3841,7443382732215815487
3842,7443414644603063612
3843,7443391266387135801
3844,7443458664347733300
3845,7443367357201829171
3846,7443236919074426164
3847,7443146154214296890
3848,7443104111521713458
3849,7443377088977046784
3850,7443384376668245285
3851,7443446999178890531
3852,7443379501922323747
3853,7443444344482237722
3854,7443407625733147931
3855,7443385720154098979
3856,7443756690614373684
3857,7443665453571951935
3858,7443630668656971035
3859,7443657245587442982
3860,7443601294356417843
3861,7443658523457637669
3862,7443777202925194531
3863,7443619889937386767
3864,7443657625155194149
3865,7443804108928159003
3866,7443657022400105737
3867,7444080836565077285
3868,7444123044248931624
3869,7444073620868992265
3870,7444158097666411827
3871,7444155855739604251
3872,7443952626762304802
3873,7444189926473616692
3874,7444073235244731708
3875,7444139440303394106
3876,7443852570562514227
3877,7444559529334902053
3878,7444399366342708495
3879,7444472016561917199
3880,7444293390251887932
3881,7444503829837565218
3882,7444360659967413563
3883,7444398941858188602
3884,7444814067648253196
3885,7444813606488788287
3886,7444813664894324004
3887,7444812148250840331
3888,7444813015247097139
3889,7444812370255383817
3890,7444811821082578227
3891,7444813121262325043
3892,7444812599226666281
3893,7444813412703456562
3894,7445514458245369097
3895,7445514484199771442
3896,7445514705377971506
3897,7445515067149389066
3898,7446005667976006947
3899,7446354693854416137
3900,7446255932125990182
3901,7446256407503965466
3902,7446256963001863433
3903,7446354373900324134
3904,7446354127614905638
3905,7446256725180566793
3906,7446353788916485386
3907,7446628214429977882
3908,7446628545255804210
3909,7446629128478002482
3910,7446628009165163803
3911,7447098767213350153
3912,7447098225040919858
3913,7447099070646177075
3914,7447098486157266214
3915,7443244914877484338
3916,7443238657642745122
3917,7443308137194507546
3918,7443228802391543075
3919,7443246973051751734
3920,7443320308884360475
3921,7443297361868213561
3922,7443224739398552889
3923,7443234623317970186
3924,7443261738054618383
3925,7443289458058857779
3926,7443267341695126841
3927,7443226093475106089
3928,7443235640646421787
3929,7443296112674376996
3930,7443256328048479498
3931,7443395176673856825
3932,7443310183364742426
3933,7443376942826474804
3934,7443268955902446902
3935,7443416806083153192
3936,7443188689653501241
3937,7443259847694454016
3938,7443224867815705892
3939,7443288079965703476
3940,7443309718145109298
3941,7443234222992624933
3942,7443338425983438131
3943,7443259279412317498
3944,7443382917016964409
3945,7443228987075153202
3946,7443249905042214180
3947,7443234072714890531
3948,7443270510236044559
3949,7443636800926534951
3950,7443601646036225307
3951,7443623760369896719
3952,7443670430486957362
3953,7443569670679989519
3954,7443552200418200882
3955,7443660270188186890
3956,7443697419163847963
3957,7443759221516061990
3958,7443640688912108859
3959,7443734609935781154
3960,7443828993205308732
3961,7444155681281707316
3962,7443987119372111104
3963,7444182573061836066
3964,7444052626385292578
3965,7444004668256177460
3966,7444063211818683700
3967,7444140105318583561
3968,7444050968427203855
3969,7444168973903531264
3970,7444190292875545871
3971,7443941678232259879
3972,7444411329173064999
3973,7444473823107337483
3974,7444412503733439807
3975,7444437217826573619
3976,7444442235141098804
3977,7444325951967694137
3978,7444357029701012793
3979,7444424227677130034
3980,7444923883293019449
3981,7444732702277913867
3982,7444704059770096948
3983,7443375725752732968
3984,7443340446572580105
3985,7443241963375185179
3986,7443268105725414696
3987,7443406762885057852
3988,7443287299653192970
3989,7443232196200041764
3990,7443252783001718025
3991,7443303589197516091
3992,7443240103905873211
3993,7443270242459143483
3994,7443274062027083043
3995,7443243569357360441
3996,7443234285907201314
3997,7447078625024757004
3998,7446934271857675529
3999,7442620700701068594
4000,7442598296817863970
4001,7442650322218044724
4002,7442644933606968603
4003,7442655533779225919
4004,7442910407821364490
4005,7442678871196978441
4006,7442637483021536563
4007,7443009894158011675
4008,7442702920056851727
4009,7442897465038212412
4010,7442990544013298944
4011,7443009010489445673
4012,7443025046207040806
4013,7442969058066140468
4014,7442707865330126139
4015,7442660107281911100
4016,7442675845157719335
4017,7442719023701298483
4018,7442606322719149369
4019,7442843328325979449
4020,7442902336399297849
4021,7442941527887711507
4022,7442910376695549243
4023,7442832523299785995
4024,7442877907883592975
4025,7443069260257086729
4026,7442891975994461497
4027,7442902415721942330
4028,7442871656063831296
4029,7443100340724960571
4030,7443027021745196327
4031,7442963044411411749
4032,7443113392371518780
4033,7442704496268070201
4034,7443023880790297883
4035,7443205121871220028
4036,7443216721810328873
4037,7442931942883970343
4038,7442908097649102121
4039,7442811914629025035
4040,7442718784886033724
4041,7442717470458301706
4042,7442654923595975947
4043,7442645328072887562
4044,7442652581157031168
4045,7442973555970542902
4046,7442976134599281979
4047,7443391586764852518
4048,7442980729086151945
4049,7443270074011602233
4050,7443383027687836964
4051,7443389634404453651
4052,7443400758969601334
4053,7443376879341489465
4054,7443425740433001740
4055,7443266629099605283
4056,7443235205789404456
4057,7443368455669173544
4058,7443228285225405723
4059,7443292180866796858
4060,7443450046558866697
4061,7443299061744061753
4062,7443403412072418618
4063,7443349194741533986
4064,7443446441479097627
4065,7443249997941886234
4066,7443324381465513231
4067,7443382282099903771
4068,7443314274761444666
4069,7443387409842162959
4070,7443392121375067449
4071,7443227392136547594
4072,7443378492642839842
4073,7443283124303203638
4074,7443232792860691721
4075,7443327648064916793
4076,7443691395413511484
4077,7443652376176676111
4078,7443715826739350799
4079,7443679612669857063
4080,7443617358171720999
4081,7443812705871383842
4082,7443692480739937596
4083,7443667064587586857
4084,7443629597289221403
4085,7444053901050957116
4086,7444043373964528959
4087,7444199189468155196
4088,7444014656349392164
4089,7444167021190712585
4090,7444156967439977743
4091,7444040904832273704
4092,7443356509314108698
4093,7444001828569664826
4094,7444335253809925391
4095,7444361548425973026
4096,7444395946139471119
4097,7444360453729373449
4098,7444372540186692923
4099,7444426520799595836
4100,7444781534298606905
4101,7444836738930986294
4102,7444700856227827004
4103,7442675304285359418
4104,7442973812645285178
4105,7442849814187871546
4106,7442913680104164668
4107,7442733034408840505
4108,7442860214363131193
4109,7443020846844677433
4110,7442889395671256339
4111,7446042486650227968
4112,7440926062818626856
4113,7441183964338949430
4114,7441000122969820456
4115,7441056760183524620
4116,7441057199922761023
4117,7440785949438659891
4118,7440779647974984995
4119,7440762061921029403
4120,7440815904717294911
4121,7440839311617985829
4122,7440675783531597097
4123,7440769045026098451
4124,7440750994385800485
4125,7440781850395544858
4126,7441114107710901514
4127,7441176722558438682
4128,7441171036114078986
4129,7440929947402767652
4130,7441026901340212530
4131,7441214899008621883
4132,7441018278484413731
4133,7441172280136305957
4134,7440936982097775931
4135,7441001346037255474
4136,7441154835635850506
4137,7441166192213118260
4138,7441015322468945210
4139,7441539989395016969
4140,7441433493856439592
4141,7441192742333582592
4142,7441490235252296999
4143,7441464644994125083
4144,7441439452452375834
4145,7441793800785104155
4146,7441885224008486159
4147,7441905934277872947
4148,7441979699364007204
4149,7441928382692003132
4150,7442080290903788852
4151,7442253609355513122
4152,7442652494963985683
4153,7443317170831936807
4154,7443663168632655144
4155,7443703065699536180
4156,7443601487478983963
4157,7443742155232791860
4158,7444408087915678991
4159,7444529103425768745
4160,7441791578491849984
4161,7441857879054847242
4162,7441790695456689449
4163,7441787087419968783
4164,7441793342054173978
4165,7441784763599326501
4166,7442157859153956131
4167,7441784293359209769
4168,7441828851426086185
4169,7441803489291865359
4170,7442250943942380835
4171,7441830312855735586
4172,7441788898436582707
4173,7441786460983872778
4174,7441785335106882866
4175,7442473461349371193
4176,7441974860164681018
4177,7441779592030850355
4178,7442297435055000895
4179,7442096308132891961
4180,7441850793759755570
4181,7441956874569764150
4182,7442090570232696123
4183,7441813923210267939
4184,7441778782857383209
4185,7441828432003992892
4186,7442301439994613033
4187,7442314978989821193
4188,7442313234494901519
4189,7442024772369730843
4190,7442243591860194586
4191,7442197580269833499
4192,7442285402339380495
4193,7442339432981695779
4194,7441990858578169103
4195,7442057570971340092
4196,7442251252999753000
4197,7442250916843081020
4198,7442186089344847114
4199,7442283388389608758
4200,7442262349790170406
4201,7442560078915423528
4202,7442527351818292539
4203,7442388715202153791
4204,7442014518848277812
4205,7442054076205944116
4206,7442505439482252555
4207,7442495397433527602
4208,7442364767240572210
4209,7442390294852619577
4210,7442558749178481980
4211,7442460502791408907
4212,7442556843307584819
4213,7442477399796698368
4214,7442597806180797723
4215,7442528595559435580
4216,7442539350333623610
4217,7442602175617944892
4218,7442463119286324517
4219,7442520628067847481
4220,7442457539830140218
4221,7441900504071933195
4222,7441901082940329226
4223,7441980615651609867
4224,7442084785113140538
4225,7442176910743964955
4226,7442338095095123252
4227,7442246697868201266
4228,7442239588254371135
4229,7442224814745570570
4230,7442186882139557131
4231,7442146844999748905
4232,7442101652791790874
4233,7442237068044029193
4234,7442079024957951269
4235,7442126375097519396
4236,7441992485825547577
4237,7441928571171392802
4238,7441956187710426405
4239,7441967472258878761
4240,7441944413779119414
4241,7441938182641306891
4242,7441920619735764259
4243,7441923270217174299
4244,7441809692919123209
4245,7441984837516348684
4246,7441992498999840057
4247,7442084631131835659
4248,7442273219832270092
4249,7442108430199819532
4250,7442126900513803561
4251,7442700461729205558
4252,7442691048956022035
4253,7442716835025374464
4254,7442709801278229820
4255,7442714220489116980
4256,7442668779798138164
4257,7442665098377727292
4258,7442670692434267450
4259,7441908543172791610
4260,7442631438958300427
4261,7442638036665437467
4262,7442966551680060683
4263,7442638359400385842
4264,7442945456298003766
4265,7443065709145378048
4266,7443088096612076838
4267,7442866218710699279
4268,7443252689904913724
4269,7443355443503713551
4270,7443240179365596450
4271,7443419656624344358
4272,7443619890012982538
4273,7443721515972955403
4274,7443735566111247635
4275,7443730334006431039
4276,7443834133903723835
4277,7443622451298307391
4278,7443730536771685671
4279,7443707643648036107
4280,7443770839515925760
4281,7444159406788463911
4282,7443959695942913299
4283,7444196271587347766
4284,7444125346141605154
4285,7444023879862848795
4286,7443991318113586466
4287,7443851541682933030
4288,7444458481794469171
4289,7444397614868614450
4290,7444718962245520699
4291,7445225647896579380
4292,7443391709070904626
4293,7445491177597553974
4294,7445629677370232105
4295,7445874356548275475
4296,7446045213547580711
4297,7445797323168288034
4298,7446381239189130553
4299,7447011042233830707
4300,7446938416815689017
4301,7442772892745534770
4302,7442771904181587209
4303,7442773067736108314
4304,7443008864888360243
4305,7438199369809120546
4306,7440355303436062004
4307,7441428242327670043
4308,7442928064599756083
4309,7443023252978404660
4310,7442926479505100082
4311,7441428574176922918
4312,7440832211395431680
4313,7441429894703238419
4314,7442921275036650789
4315,7440732706083835199
4316,7442920844210244901
4317,7442959827883625778
4318,7442930755841445171
4319,7438234909740698940
4320,7438154329300684089
4321,7438577844625657146
4322,7438836061444295976
4323,7440812544748424482
4324,7441386011449412864
4325,7441774704215575835
4326,7441960313882283299
4327,7442500909759876361
4328,7442919730408688946
4329,7442915049179467017
4330,7442923523074592019
4331,7443030533698899259
4332,7443000913494576399
4333,7442957590461451571
4334,7443050094091308348
4335,7443025904197979392
4336,7442921346482441484
4337,7443103394614562088
4338,7438541707387342089
4339,7438420454693457202
4340,7438440108996480316
4341,7438618687638195496
4342,7438441588268764427
4343,7438977201753689402
4344,7438945960878820645
4345,7439748895313333563
4346,7439634065164143911
4347,7439597759260380457
4348,7439420279232662820
4349,7439636916762365238
4350,7440099856057716027
4351,7440719187489688895
4352,7440763076187557161
4353,7440786467963555132
4354,7440834341426433314
4355,7440719269844831542
4356,7440772147326373139
4357,7440779673409260810
4358,7441125586656840972
4359,7441237330020535589
4360,7441142779637435699
4361,7441130477492243748
4362,7441086054028823865
4363,7441493125924736266
4364,7441426369096977673
4365,7441796685216435493
4366,7442130344494648630
4367,7442210576769502521
4368,7442046228768099611
4369,7442493843053890873
4370,7442650887601786169
4371,7442583989266746681
4372,7442973456066530612
4373,7443002133399588123
4374,7443044370430889274
4375,7443087864369286427
4376,7443066973593898299
4377,7443116560488713510
4378,7443127544234118458
4379,7443104274315267328
4380,7443127127081372947
4381,7441595256799251723
4382,7441443589005036854
4383,7443028659432213798
4384,7442978743653649727
4385,7442955782821252352
4386,7443044364323917106
4387,7443082100091129099
4388,7443032804536945935
4389,7442958183297027328
4390,7443046219133324595
4391,7443040851414011162
4392,7443119480026238243
4393,7443358741136739641
4394,7443224822265466172
4395,7443263892144377123
4396,7443255803466747151
4397,7443240970025471266
4398,7443293149738372411
4399,7443478960555494708
4400,7443436838896815397
4401,7443766008667475238
4402,7443701046955871546
4403,7443739331719646505
4404,7443704785972333883
4405,7443829594555288859
4406,7443755767146106150
4407,7443636056953523513
4408,7443790328726867259
4409,7443853334634663180
4410,7444148113394126140
4411,7444138857236303164
4412,7444153172056116543
4413,7444041108222512443
4414,7444171774142483722
4415,7444165159163071801
4416,7444198068003540284
4417,7444102069939621135
4418,7444029387076390179
4419,7444076675844902207
4420,7444398182450154812
4421,7444557784286367012
4422,7444434353507044658
4423,7444350550579219731
4424,7444927580106460435
4425,7444596224512068918
4426,7444838072723819803
4427,7444747543776480538
4428,7444872776697138469
4429,7444756356185345292
4430,7444591551541480723
4431,7444716680124632339
4432,7442941425576070439
4433,7442965080582507785
4434,7443334594746682682
4435,7444940889706810651
4436,7445119040743329087
4437,7445252543065705780
4438,7445101839407746316
4439,7445126591522393403
4440,7445173934657522996
4441,7445342893360909622
4442,7445461445589994810
4443,7446018174216113467
4444,7445935249671949618
4445,7445962325644954920
4446,7446623981165120825
4447,7446723189809499455
4448,7446729528690363698
4449,7446696002297400633
4450,7446997506929462587
4451,7447158287973305657
4452,7441903275600776458
4453,7442523380152061247
4454,7441842868131630376
4455,7441941917362818314
4456,7442188990893051193
4457,7442359346312318266
4458,7442222269838986506
4459,7442285640625949971
4460,7442540045929598227
4461,7439938039343828259
4462,7440105464387341602
4463,7440087826017815860
4464,7441984115840257292
4465,7441879334622678330
4466,7441964260143549747
4467,7441937754381995323
4468,7441941009568730409
4469,7441944990458137919
4470,7441888531552718139
4471,7441982249148501258
4472,7441968814335495483
4473,7441979293548285184
4474,7441908751315078454
4475,7442245132855938340
4476,7442238941610118460
4477,7442263846158355775
4478,7442161913837980937
4479,7442187573117668620
4480,7442558932507184418
4481,7442131073015844111
4482,7442669616733752614
4483,7442481450340896009
4484,7442636318317808946
4485,7442698561512410395
4486,7442664199270042918
4487,7442639884168269114
4488,7442616608356437259
4489,7442690136732683579
4490,7442538736174304548
4491,7442553292711808310
4492,7442953664513215796
4493,7442952989859515675
4494,7443008011221732644
4495,7442916305784556815
4496,7442871272712752444
4497,7442867124562857274
4498,7442731598585335097
4499,7442681583590444348
4500,7443055556870294793
4501,7442909519841201423
4502,7443432907235986714
4503,7443129654535327027
4504,7444199711147298074
4505,7444392324940975371
4506,7444355353669619004
4507,7444669689134845225
4508,7446340159865392442
4509,7443050487886253375
4510,7443339520545688895
4511,7443445637531667721
4512,7444124806070537487
4513,7444493579361242420
4514,7444398609484795170
4515,7444502907044564251
4516,7445744838365957411
4517,7444022158566706473
4518,7444001900841684265
4519,7444166840361684281
4520,7444006362234768681
4521,7444177844315376955
4522,7444178063606205753
4523,7444024120179838265
4524,7444034422191476031
4525,7444080701651094820
4526,7444184141362384186
4527,7444203638458715449
4528,7444052463340031283
4529,7444024522308685108
4530,7444027934110666042
4531,7444080559468449078
4532,7444009245168733452
4533,7444026975590632758
4534,7444021671113002297
4535,7444006211202174249
4536,7444028071683919145
4537,7444050554633850146
4538,7444023053023005988
4539,7444109927284509989
4540,7444039716854402364
4541,7444013843723898162
4542,7444081176265903394
4543,7444009180970765578
4544,7444020274053270794
4545,7444012448589303050
4546,7444161256082132243
4547,7444179102115827004
4548,7444005275037617420
4549,7444024895291264308
4550,7444108644372778290
4551,7444013333264534810
4552,7444012638205431097
4553,7444014302501014795
4554,7444122203303447843
4555,7444001935801290018
4556,7444002027472014630
4557,7444016256916671807
4558,7444044855367453987
4559,7444017943253404991
4560,7444063897708973339
4561,7444300779952950582
4562,7444534158547750202
4563,7444311058807934242
4564,7444392312433593639
4565,7444357334299626790
4566,7444353607253773595
4567,7444446017312787770
4568,7444405041638771995
4569,7444368906480897307
4570,7444233421615795508
4571,7444500019123686716
4572,7444502971657751859
4573,7444420930228571430
4574,7444359322043256091
4575,7444953204330089728
4576,7444899762832166155
4577,7445277931833707803
4578,7445241164342643983
4579,7445698383408352539
4580,7443333495046425890
4581,7443317090099973439
4582,7443370026524101928
4583,7443357423911308604
4584,7443361882553011494
4585,7443447744678743354
4586,7443329136774450490
4587,7443406176370429244
4588,7443392854388657447
4589,7443432221551201548
4590,7443359320399514918
4591,7443429189631380771
4592,7443329310791961906
4593,7443377223324699930
4594,7443432373632404795
4595,7443449123203714315
4596,7443423178048818483
4597,7443339832518069544
4598,7443459912543292726
4599,7443452892855536930
4600,7443612797801368843
4601,7443511195371343113
4602,7443699953878306089
4603,7443643547061882131
4604,7443563350908276009
4605,7443591444155174170
4606,7443613742715194683
4607,7443736833457949992
4608,7443606393002806539
4609,7443502791747751207
4610,7443591412735642917
4611,7443599605188644131
4612,7443650332564950323
4613,7443476433130900747
4614,7443658454318812467
4615,7443711326062529842
4616,7443344777652768050
4617,7443770274299792698
4618,7443995595947232524
4619,7444066404455681306
4620,7445611591124405561
4621,7443821689621810472
4622,7444018703722745103
4623,7443826472558562570
4624,7443980333256641832
4625,7444122033564257595
4626,7444090547909774602
4627,7444590060160257289
4628,7445069476028091685
4629,7445159538237508899
4630,7443765836105534774
4631,7443830925873532194
4632,7443802190227066139
4633,7443871349208124687
4634,7444071643464355108
4635,7444185621771406642
4636,7444398984963099913
4637,7444406173777825078
4638,7444414131349769512
4639,7444395099351485722
4640,7444234519533669682
4641,7444468547784297791
4642,7444342786578566458
4643,7444939660926684416
4644,7444825648561999131
4645,7445257806065814838
4646,7445203233062063398
4647,7446421801028144435
4648,7446341218948091145
4649,7446339441674833211
4650,7446599198444686619
4651,7447447327230414114
4652,7444517403276348687
4653,7444381604165815602
4654,7444445953718848819
4655,7444406610484530471
4656,7444340655142210831
4657,7444464096226856211
4658,7444493313467616539
4659,7444466019873164594
4660,7444766196500679945
4661,7444734574757760271
4662,7444754168155295028
4663,7445098362585500980
4664,7444976626443488575
4665,7447096287947738387
4666,7443340226245741878
4667,7443368738130300195
4668,7443575476259507456
4669,7444053456790342952
4670,7446617966575176975
4671,7443393838196067636
4672,7443422981344218426
4673,7443428189113699599
4674,7443442051787607307
4675,7443425188080897292
4676,7443428821031832886
4677,7443422828164140348
4678,7443445258781756687
4679,7443426847561436455
4680,7443421008452816165
4681,7443423125234126118
4682,7443427462949702975
4683,7443423564105026825
4684,7443423135174544697
4685,7443425813971733800
4686,7443425295488634131
4687,7443422608982314299
4688,7443791293207170344
4689,7443656265194147132
4690,7443666934329036091
4691,7443568112261188874
4692,7443656488326941989
4693,7443494237284437260
4694,7443655028562218281
4695,7443761706385329448
4696,7443575658061499674
4697,7443775127252208906
4698,7443576240872639794
4699,7443657894828035337
4700,7443652917111852351
4701,7443693268044369203
4702,7443692944369995059
4703,7443653702075927847
4704,7443660552510983478
4705,7443590801042459943
4706,7443788999912688935
4707,7443692460347264294
4708,7444023766839086363
4709,7444056998007639330
4710,7444018471538674953
4711,7444070540307909946
4712,7444171493421960511
4713,7444070990532857145
4714,7444070202976914748
4715,7443978608604974355
4716,7444045965713083648
4717,7444106911798037800
4718,7444024967026609434
4719,7443897329775693115
4720,7444211225291951418
4721,7443992644398681395
4722,7444002167284976947
4723,7444481164368252175
4724,7444381521789685019
4725,7444303458372504890
4726,7444350617021123897
4727,7444396697708465466
4728,7444309985477004602
4729,7444543646067707136
4730,7444360235348790539
4731,7444070875340623130
4732,7444452536897096975
4733,7444334407051152681
4734,7444915092178734347
4735,7444867628763467066
4736,7444689398765030656
4737,7444664879732018490
4738,7444723529821572412
4739,7445056874531147060
4740,7445696458671672611
4741,7445874129653321018
4742,7445866121263058235
4743,7445865719792749884
4744,7445869466044468540
4745,7446813356775820556
4746,7444104220141161728
4747,7444069139599183143
4748,7444341837231410442
4749,7444448177870146868
4750,7444816241124035867
4751,7444784817893395750
4752,7445303093392084250
4753,7445354810183814457
4754,7445836859080510780
4755,7445763197862284570
4756,7447088499242700090
4757,7447349356413422859
4758,7444021220644769043
4759,7443995360638307636
4760,7444012253315173669
4761,7444085570420182299
4762,7444010127868415286
4763,7444038191746764041
4764,7444182909373697306
4765,7444051243292495123
4766,7444116962952744219
4767,7444025000874577192
4768,7444379542409481507
4769,7444406239016013110
4770,7444464120121838886
4771,7444356654428196131
4772,7444401367466118434
4773,7444105604039281954
4774,7444531037138455835
4775,7444336165194386723
4776,7444439149593103679
4777,7444876411795541306
4778,7444749876472122683
4779,7444895344988671284
4780,7444725545578925347
4781,7445693010836311308
4782,7445588634620775717
4783,7445936286470245641
4784,7445950657141525823
4785,7446169130094398779
4786,7447030273197215011
4787,7443719917595118857
4788,7443695506125049103
4789,7443742302004202762
4790,7443731454665821492
4791,7443728433365912871
4792,7443739775875517722
4793,7444010066950343975
4794,7443837125922950437
4795,7444004182434041097
4796,7444010217387445558
4797,7444033130819783948
4798,7444526637405736201
4799,7444386951295159586
4800,7444857162016345404
4801,7444785518841204019
4802,7445122631357041955
4803,7445297620538445094
4804,7445877050528910629
4805,7446551469622431014
4806,7444456567799418147
4807,7444467034945064244
4808,7444454915583397174
4809,7444548199500598539
4810,7444455791492435236
4811,7444453645841714444
4812,7444698852965240121
4813,7444687263084203323
4814,7444779751081790732
4815,7444835070776544570
4816,7444701995975380276
4817,7444699703373008188
4818,7444784252928953640
4819,7444884260562996543
4820,7445239632389885241
4821,7445283292716256521
4822,7445799958688681251
4823,7445740261554097408
4824,7445743294962847016
4825,7445739524350577972
4826,7443718787653750068
4827,7443746146821885210
4828,7443729209605836058
4829,7443722320423800127
4830,7443737585475767589
4831,7443744635639385355
4832,7443757288160070924
4833,7443752737696648500
4834,7443724334805437756
4835,7443724965259595049
4836,7443723964171537675
4837,7443784553468120377
4838,7443821454044466484
4839,7443727079855721740
4840,7443761961667546408
4841,7443755870774676771
4842,7443750807922674970
4843,7443725205567999268
4844,7443768378294029608
4845,7443815148894047529
4846,7443767201166888250
4847,7443740305649667362
4848,7443812584463043894
4849,7443752644302196020
4850,7443753743084047676
4851,7443824924000587067
4852,7443859371961961787
4853,7443851822235798819
4854,7443859973479746874
4855,7443858350095306043
4856,7443760112906390810
4857,7443841914807340288
4858,7443780888887856384
4859,7443897384733527336
4860,7444208633841225010
4861,7443935588283174195
4862,7443901611459480858
4863,7443900855780183346
4864,7443915143790005530
4865,7443935250729766156
4866,7444105142468644150
4867,7443979134335716660
4868,7444154377759149369
4869,7444013215983488290
4870,7443952555014556940
4871,7444073967456931110
4872,7443979538205265186
4873,7443969002335997236
4874,7444190910927211785
4875,7443948788189891849
4876,7444026753791642932
4877,7444111885030493451
4878,7443833430539881769
4879,7444111841493536039
4880,7443977035002694931
4881,7443944218885655847
4882,7444021388668603684
4883,7443958282143747380
4884,7444185026213809443
4885,7444004033053920570
4886,7444019950693502258
4887,7443996698977783055
4888,7444098202397052169
4889,7444062521151081786
4890,7443990720064572722
4891,7443956848459320613
4892,7444500610721877305
4893,7444441769342700838
4894,7444546350722714895
4895,7444575072007769396
4896,7444234962217323786
4897,7444508295315918140
4898,7444393357209554233
4899,7444395874865663286
4900,7444543245452905786
4901,7444488827718143243
4902,7444520847898955066
4903,7444771295021075772
4904,7445297484361960742
4905,7445566154019441957
4906,7445318597058104634
4907,7445320092113521959
4908,7445323064985881913
4909,7445312108037770550
4910,7445318326546402594
4911,7445573341571714340
4912,7445587976001719609
4913,7445567097826069796
4914,7445495242301689122
4915,7445614521646992690
4916,7445498782583770383
4917,7445535282339876123
4918,7445594988139826472
4919,7445642195522129210
4920,7445333318775639354
4921,7445455030498413864
4922,7445502099128847655
4923,7445367066435128614
4924,7445598011914194236
4925,7445591690519301395
4926,7445594135848881459
4927,7445589730965589285
4928,7445517242323717391
4929,7445517361483910435
4930,7445487797126974731
4931,7445676931334327604
4932,7445616149364034875
4933,7445599027929943347
4934,7445647640282352937
4935,7445574931061935410
4936,7445928384657460516
4937,7445947045032119571
4938,7446066411841047848
4939,7445907831347367179
4940,7445844511244258601
4941,7445887833585356090
4942,7445905342141140278
4943,7445828536767630643
4944,7445719570595220751
4945,7445708927796301082
4946,7446067520018058554
4947,7445850400659442978
4948,7445830287579188534
4949,7445890636739398972
4950,7445993301901069620
4951,7445934217864711475
4952,7445837161590525199
4953,7445809000056245562
4954,7445831735234825484
4955,7445928884148768050
4956,7445797897255406885
4957,7445833419818323250
4958,7446175702715616552
4959,7446408334959250698
4960,7446349008940829961
4961,7446279855680900412
4962,7446235760975564092
4963,7446261656025353511
4964,7446288993244679462
4965,7446804793651121419
4966,7447453557231602984
4967,7447841690792119609
4968,7447606599193021696
4969,7444711476587269388
4970,7444834586812632347
4971,7444912637189672244
4972,7444796986349604134
4973,7444712961312116025
4974,7444795928222977280
4975,7444868214561017148
4976,7445288932549414203
4977,7447379058024844582
4978,7444833723675135243
4979,7444728619320069385
4980,7444845207851519272
4981,7444811767911320869
4982,7444763759278558523
4983,7444856881106914620
4984,7445173812368362809
4985,7445075070831086859
4986,7443004449334889754
4987,7442995346394877199
4988,7443070295344303420
4989,7443052227801009460
4990,7443015412775701820
4991,7443062702584433954
4992,7443044583451249957
4993,7443053208261479740
4994,7443375474434133283
4995,7443463595058302246
4996,7443250006024342819
4997,7443229683455429948
4998,7443463929457691961
4999,7443201535686888758
5000,7443106585011866890
5001,7443256574530899252
5002,7443220277103775033
5003,7443643630432144679
5004,7443630965747993906
5005,7443555235458452796
5006,7443700862104390951
5007,7443664695422225716
5008,7443621260493327673
5009,7443642717168618815
5010,7443752232455015695
5011,7443576040779304192
5012,7443699041818512690
5013,7443713306956762425
5014,7443602613448314127
5015,7443651593112669478
5016,7443623667143167241
5017,7443431624164887868
5018,7443765732250225960
5019,7443580433893166362
5020,7443645629957459211
5021,7443671721707654463
5022,7443785064770456884
5023,7443665063023611177
5024,7443587141772283187
5025,7443591489445236026
5026,7443653412631088418
5027,7443609618061774120
5028,7443582009466719546
5029,7443738108077624635
5030,7443680603574226233
5031,7443686895776697609
5032,7439739743870536987
5033,7440998869753695527
5034,7440761630700473652
5035,7440807872423939368
5036,7440759533619793210
5037,7440731688818232611
5038,7439136273249373500
5039,7440796390474648858
5040,7440688996939861274
5041,7440703747770092837
5042,7441043281988848955
5043,7441141537242729769
5044,7440997325423627547
5045,7441214825314684219
5046,7440968559485881663
5047,7441141165275090187
5048,7441001032848608571
5049,7440992288228052258
5050,7439186640846851387
5051,7439314083834318140
5052,7440810270995352886
5053,7440684770159349026
5054,7440871605854686490
5055,7440852527643479353
5056,7440858605525421370
5057,7440765486515719433
5058,7440783039224941881
5059,7440756034802568488
5060,7441172841036254502
5061,7441059708464647433
5062,7441119894667562300
5063,7440952974123207994
5064,7441031248367095049
5065,7441055618875641122
5066,7441068352790940978
5067,7441082727887015226
5068,7441198536378649893
5069,7441136932479864099
5070,7441050310363122984
5071,7441081822378773775
5072,7441135319010807075
5073,7441125360386772239
5074,7441218595641625883
5075,7441192394738978088
5076,7441265113341939002
5077,7441569801505344806
5078,7441433546130001190
5079,7441610643909725497
5080,7441838909283224832
5081,7441832730175753506
5082,7441811292127612219
5083,7441751182118292794
5084,7441852924067728675
5085,7441820187181059382
5086,7441912559239777546
5087,7442172118424390946
5088,7442615072934956329
5089,7443420003338079539
5090,7443082483765234994
5091,7443083415479422234
5092,7443093193975024905
5093,7443637884961197312
5094,7443658438833458444
5095,7443742020394388777
5096,7443782811745570067
5097,7444149128327712060
5098,7443984305308683579
5099,7443249694702177572
5100,7443221061593779506
5101,7443226480156478739
5102,7443816547900034343
5103,7444171538108124456
5104,7444099624777944332
5105,7443963138342407436
5106,7443851262325574972
5107,7443940050808720655
5108,7443976474597657882
5109,7444113120315903289
5110,7444127394606222633
5111,7443981956284501288
5112,7444206271223319808
5113,7443988381362703657
5114,7443992193204899112
5115,7444031836759608635
5116,7443978807528181051
5117,7444026433594264890
5118,7443872792757472566
5119,7444515466510421260
5120,7444469172966346036
5121,7444288652391320895
5122,7444816508414332169
5123,7444758616474651941
5124,7443022594921581883
5125,7443048734851616059
5126,7442917814895267124
5127,7443029796629548346
5128,7443062670003080448
5129,7443069271413886266
5130,7443404580026731835
5131,7443217745245654307
5132,7443215696567356699
5133,7443448795695795466
5134,7443365682898685221
5135,7443233168469134619
5136,7443291923076386087
5137,7443415904890752313
5138,7443225525264338227
5139,7443431883687464242
5140,7443420834632437028
5141,7443328648498793768
5142,7443122657769442572
5143,7443242328237559055
5144,7443237836674829568
5145,7443341575058476347
5146,7443208368707145018
5147,7443339318736751891
5148,7445154095779843338
5149,7445656500648889652
5150,7445609731420441914
5151,7445586098782244134
5152,7445937886668606780
5153,7446163228012416292
5154,7447636963433254153
5155,7448249276762803475
5156,7447944746351250714
5157,7444382200516119819
5158,7444206856370801960
5159,7444205852950662434
5160,7444398274955595019
5161,7444220775843794191
5162,7444443071942544652
5163,7444211185542647099
5164,7444475252869975311
5165,7444215637968227593
5166,7444537760280497467
5167,7444327106848329000
5168,7444890568779517219
5169,7444859252797230377
5170,7444783358678207801
5171,7444753395321163042
5172,7444805185383320872
5173,7444784569502485811
5174,7444372771859107084
5175,7444447660532075830
5176,7444376454948851007
5177,7444398814796008719
5178,7444339931285163314
5179,7444408051949374758
5180,7444471490763902247
5181,7444438288686959924
5182,7444344803292237119
5183,7444488008885144867
5184,7444415732793773352
5185,7444791315776245043
5186,7444581145502600508
5187,7445227531713776906
5188,7445446278013586699
5189,7446704542403677497
5190,7446991440011431220
5191,7448161003981770024
5192,7443766438462082355
5193,7444004486915345715
5194,7443991261830270217
5195,7444148047719746870
5196,7443802379599809855
5197,7444138999100214540
5198,7444006394476498214
5199,7444041649883286796
5200,7444051052363599162
5201,7444062590432595236
5202,7444042438244699446
5203,7444011150687096105
5204,7444054196200017212
5205,7444559428642164009
5206,7444388378692324665
5207,7444383144658144550
5208,7444367860513688867
5209,7444220368606334235
5210,7444248767303388470
5211,7444356013471452426
5212,7444770609768205595
5213,7445607008213994811
5214,7446386503783075110
5215,7446592033726139706
5216,7440818834988158259
5217,7440815139877588274
5218,7440942046841490740
5219,7441100762484067625
5220,7441234953834089786
5221,7441221527346924811
5222,7441220517677387065
5223,7441220087769566524
5224,7441552161185516810
5225,7441424160598904118
5226,7441317779371740476
5227,7441728573628566844
5228,7441841378667089193
5229,7441744578484374834
5230,7442295292969487654
5231,7442287230716005692
5232,7442290757588897033
5233,7442319620784033081
5234,7442293908064800058
5235,7442214899293490470
5236,7442211245861735732
5237,7442287798343830822
5238,7442199761534373172
5239,7442108613860101433
5240,7442131143966706944
5241,7442717216509840681
5242,7442678788355378458
5243,7442692355536194856
5244,7442669675525295387
5245,7442670209925664010
5246,7442717094614961423
5247,7442691503564000571
5248,7442910501283188003
5249,7442882648680205587
5250,7443060098139737353
5251,7442979124597099834
5252,7442907932011924796
5253,7443008206776978700
5254,7442899263123721529
5255,7443018777098341641
5256,7442979324866678068
5257,7442987287085993242
5258,7443395579004079395
5259,7443111989745945919
5260,7443419386884443455
5261,7443156523418701107
5262,7443253910355201318
5263,7443332460265458979
5264,7443126596346596671
5265,7443253369466129702
5266,7443245782544796987
5267,7443420765988326713
5268,7443412702686367015
5269,7443229080641670426
5270,7443435196701101366
5271,7443413453332647228
5272,7443413887828921637
5273,7443413515672522025
5274,7443241841761193228
5275,7443344132879240486
5276,7443460126515727616
5277,7443304789984709946
5278,7443385400430824730
5279,7443272613025041718
5280,7443268685541674299
5281,7443305173188939062
5282,7443655470218267967
5283,7443458015791041852
5284,7443397666941193507
5285,7443562858706717961
5286,7443783209399094587
5287,7443771757292424459
5288,7443794158663355705
5289,7444034513283386682
5290,7444077988225797376
5291,7444046024718421308
5292,7443885007082360116
5293,7444021312298765595
5294,7443865992897350952
5295,7443988738595622170
5296,7444207665384852748
5297,7444000771630304552
5298,7444542573206670646
5299,7444443751969197347
5300,7444300217874255145
5301,7444288904045399305
5302,7444550595723234620
5303,7444500073289141561
5304,7444578051154808102
5305,7444770249016167720
5306,7444694497939754274
5307,7444950338450263332
5308,7444510408091782434
5309,7444945261832490299
5310,7444870001963683129
5311,7444623219782405412
5312,7445217577359527202
5313,7445282450822958347
5314,7445307923867159808
5315,7445061020130888994
5316,7445190612837502258
5317,7445287166114090281
5318,7445506126159826210
5319,7445525918610656564
5320,7445567467931372819
5321,7445578859220651301
5322,7445611836315061515
5323,7445612056071376185
5324,7445494851279392026
5325,7445568255227383051
5326,7445581772584144185
5327,7445611809756712243
5328,7445438547928108288
5329,7445366970653871400
5330,7445545008897330482
5331,7445551416120266022
5332,7445671760567045439
5333,7445604562343382322
5334,7445572164448685331
5335,7445667711813782818
5336,7445519201411943707
5337,7445482297849122111
5338,7445623416717151523
5339,7445573343073340683
5340,7445585023287168315
5341,7445698396322598159
5342,7445580007897877770
5343,7440455989469515066
5344,7440390816515820812
5345,7441953415384583435
5346,7441825459114888499
5347,7441911110732664101
5348,7442305155107720475
5349,7442226239819025698
5350,7442306000243215643
5351,7442279337342078260
5352,7442652703202757942
5353,7442520717901581595
5354,7442502302327442728
5355,7442688706835713307
5356,7442530238543777063
5357,7442663121346481467
5358,7442903400569752866
5359,7443093149775400252
5360,7443308011386359100
5361,7443311228631436603
5362,7443700237560040764
5363,7443795321278270778
5364,7444091071933451571
5365,7444069826336722195
5366,7444108571253427519
5367,7444082656104484133
5368,7443726701475024140
5369,7443769672396295460
5370,7443739726089178425
5371,7443609458921524490
5372,7439333610760572212
5373,7439329927419252019
5374,7439612565048593679
5375,7439851160028155145
5376,7441572009714208000
5377,7441782025519910184
5378,7442660233475788090
5379,7443073185999834407
5380,7442922717617179938
5381,7442922979945762106
5382,7443058415787592971
5383,7443020685955353865
5384,7443437746233920825
5385,7443203167866703154
5386,7443378436715973946
5387,7443372068483206452
5388,7443277386071788859
5389,7443306858774809891
5390,7443258574232423690
5391,7443307938103545115
5392,7443206540758093068
5393,7443791766412659978
5394,7443607033045093692
5395,7443642857962966331
5396,7443716751923137827
5397,7443624229846715698
5398,7443828087566978355
5399,7443603481010736436
5400,7443747401757658420
5401,7443799966096624896
5402,7443605361946283324
5403,7443765447931088138
5404,7443674530289110281
5405,7443619221059161379
5406,7443962123157245234
5407,7444159284369329462
5408,7444882629100326195
5409,7445269586846567699
5410,7445589266165435699
5411,7445960635285835058
5412,7445960964337437962
5413,7446042183922191635
5414,7446039832188505401
5415,7445991680089623818
5416,7446030276351905083
5417,7445988665874009404
5418,7446016897214106931
5419,7445974465529285915
5420,7445986782472195379
5421,7446006664328645925
5422,7445996661341474099
5423,7445984748201053491
5424,7445980787704466698
5425,7446007614002957605
5426,7446003792731966757
5427,7446017421477023027
5428,7445891822284541203
5429,7446008316385316133
5430,7445968464176549161
5431,7446015715724840219
5432,7446026342409178427
5433,7446042618171018523
5434,7444860603166117158
5435,7444926446910344484
5436,7444927201327353099
5437,7444910334168599846
5438,7444880139462118667
5439,7444948308503612711
5440,7444921196497440035
5441,7444925899608247567
5442,7445135109939907880
5443,7445104556444372278
5444,7445105681587342655
5445,7445114841003609383
5446,7445162980246850853
5447,7445133537495272767
5448,7445143829457554698
5449,7445231335175654682
5450,7445270480132508968
5451,7445057342506421562
5452,7445211037332294922
5453,7445531126740962617
5454,7445608557896158464
5455,7445657967522843916
5456,7445517866901703951
5457,7445444312223075643
5458,7445478525521480995
5459,7445485347854716220
5460,7445661393073868069
5461,7445528942477364520
5462,7445657931778903311
5463,7445639725886606655
5464,7445863559742950693
5465,7445998199673752889
5466,7445964124237942068
5467,7445796696925179171
5468,7445979938458586377
5469,7446292107439918396
5470,7446089694149872954
5471,7446727287539649850
5472,7446704287628987686
5473,7447551206441946395
5474,7447437755954498875
5475,7447441476319022377
5476,7441040012398824740
5477,7441199416570088763
5478,7441059220495093003
5479,7441169559190572303
5480,7441047874328087820
5481,7441555197136031027
5482,7441366860492246283
5483,7441473154851015975
5484,7441839650882194728
5485,7441739622499028262
5486,7442324100636347683
5487,7442300560230878483
5488,7442569500433681698
5489,7442606111091461434
5490,7442661897318534411
5491,7442416453841636666
5492,7442701593834769705
5493,7443004866609401127
5494,7443043563488709903
5495,7443018887135808768
5496,7442907694798834956
5497,7443000742408899898
5498,7443006235839843644
5499,7443076083546672411
5500,7442916574672997683
5501,7443049171138907449
5502,7442920606041001268
5503,7443133792572689727
5504,7443412235579346214
5505,7443210936653024569
5506,7443323891797216539
5507,7443209175313829177
5508,7443263218983685434
5509,7443249981227601203
5510,7443234693266394428
5511,7443203867740802341
5512,7443218866852908288
5513,7443251812578168127
5514,7443764912012266787
5515,7443776289342836004
5516,7443702346997075211
5517,7443820377345740032
5518,7443765654013873434
5519,7443928463741848851
5520,7444180301682724096
5521,7444149270464302348
5522,7444084328646085903
5523,7444183997212609826
5524,7444081718518140186
5525,7443932017814670652
5526,7444156435019124025
5527,7443961282228669731
5528,7444149918710729993
5529,7444102253482364186
5530,7444155543326838050
5531,7444431653419748618
5532,7444537946654461242
5533,7444415010647870739
5534,7444458329096621371
5535,7444853473658637626
5536,7444663193709874441
5537,7445091265034636571
5538,7445309253486660874
5539,7445248004321332540
5540,7445479877572168995
5541,7445521970713677108
5542,7445580630030568730
5543,7445569108634078479
5544,7445515045586341172
5545,7445817192026737980
5546,7446013800848837915
5547,7446014882203454779
5548,7446065476708486458
5549,7446056998329748771
5550,7446009789013855500
5551,7445909202901519651
5552,7446026723847687481
5553,7445827794925374774
5554,7446019094362459428
5555,7446052521015020857
5556,7445826210317356322
5557,7446053174068268327
5558,7446037680678374665
5559,7445849269988379956
5560,7446274327147711794
5561,7446390829515623690
5562,7446424454281841980
5563,7446405810952949004
5564,7446295817394179328
5565,7446308011003350329
5566,7446341815281749263
5567,7446329838484458812
5568,7446421299213126964
5569,7446278178902904124
5570,7446331918146178315
5571,7446385234125376768
5572,7446296248488922419
5573,7446268374939716874
5574,7446285397597949225
5575,7446413984229543205
5576,7446293804660919604
5577,7446344938155003195
5578,7446297385929575731
5579,7441190317308513593
5580,7441152763418922291
5581,7441519664267660578
5582,7441290421378092345
5583,7441598125938249000
5584,7441493570114178364
5585,7441457566023961897
5586,7441581437272345915
5587,7441277433237507364
5588,7441398650711838015
5589,7441584956805090620
5590,7441971290505809192
5591,7441660039472925992
5592,7441928047139261731
5593,7441772287918886194
5594,7441904713953545510
5595,7441941069719293244
5596,7441729394302815525
5597,7442328735988206888
5598,7442125833965178112
5599,7442286314524921147
5600,7442325811505450280
5601,7442218194628136229
5602,7442191792721775924
5603,7442334375049432372
5604,7442333455872052540
5605,7442330322533977379
5606,7442153243905477923
5607,7442356401722166537
5608,7442131863197601082
5609,7442168311405628729
5610,7442301624963337523
5611,7442374707728354560
5612,7442369679336721664
5613,7442375688126090548
5614,7442593995970202914
5615,7442471594972286218
5616,7442489157135519026
5617,7442566123981180195
5618,7442682603288694074
5619,7442515313226157352
5620,7442916331927719206
5621,7443094162280385832
5622,7443039421500263740
5623,7442951152217394467
5624,7443093953936674063
5625,7443012802547027259
5626,7442903993874943290
5627,7443059834171215156
5628,7443319548478065958
5629,7443311128119086336
5630,7443436808077053184
5631,7443298102963998011
5632,7443461022716841231
5633,7443253330924653839
5634,7443329455822507300
5635,7443126658535640371
5636,7443469673795964179
5637,7443367099256392979
5638,7443269471839522058
5639,7443685601225837860
5640,7443745831305481511
5641,7443595537292545339
5642,7443780582556962107
5643,7443826912272616704
5644,7443649883891977535
5645,7443677496886791451
5646,7443680247934913801
5647,7443640882374429988
5648,7443759539494604041
5649,7443818515150163239
5650,7443846354704633146
5651,7444072633756388660
5652,7444094421596949819
5653,7444021705627979017
5654,7444052780697865498
5655,7443982285583535420
5656,7444026704705801512
5657,7444044552794590503
5658,7444021301594869018
5659,7444195209916779834
5660,7444040784762146075
5661,7444127917308644662
5662,7443903035140607291
5663,7444162206280731904
5664,7444041158428216602
5665,7444073689408097551
5666,7443959778885373235
5667,7443987213592841506
5668,7444174796390239497
5669,7444066530263878971
5670,7444027027046354215
5671,7444152289029377338
5672,7444327854524992808
5673,7444395651112111418
5674,7444543935940136218
5675,7444436412327382332
5676,7444543745682459913
5677,7444524509241150778
5678,7444411596148870410
5679,7444434962268441890
5680,7444398777718295820
5681,7444396069301095737
5682,7444337235924634889
5683,7444477151329422644
5684,7444306894019104057
5685,7444268901011082553
5686,7444387331076869388
5687,7444576695249653001
5688,7444731076779543819
5689,7444819436491590949
5690,7444914720705875260
5691,7444846346353347851
5692,7444716288510872892
5693,7444770436577086754
5694,7444819577374002459
5695,7444958505305492763
5696,7445182991745223993
5697,7445169879197568267
5698,7445282279976439040
5699,7445302126890306856
5700,7445226267504430386
5701,7445136543473225001
5702,7445087215518108954
5703,7445686007581658402
5704,7445646669284248884
5705,7445590035811798335
5706,7445509518970146105
5707,7445643609308679476
5708,7445484473480776971
5709,7445532853045169408
5710,7445435434777316648
5711,7445697850652036410
5712,7445689341646490938
5713,7446046489794727177
5714,7445934900777078053
5715,7446023581710011705
5716,7445812380333903154
5717,7446015820636966184
5718,7445847068771470646
5719,7446044578802650402
5720,7445870372546678051
5721,7446033201262251321
5722,7445855527445318975
5723,7446022077896822066
5724,7445814152741850407
5725,7445842059216407866
5726,7445822651731348776
5727,7445700781547769148
5728,7446057082115214631
5729,7445196035363835177
5730,7445981967083932939
5731,7445946208083840283
5732,7445920764848557369
5733,7445999046277303563
5734,7443390129030401319
5735,7443381834601221427
5736,7443417309336587577
5737,7443390168112975156
5738,7443367647384702267
5739,7443401149467626812
5740,7443414631000984889
5741,7443455440022785317
5742,7443369171380882725
5743,7443353773902155017
5744,7443432210272734518
5745,7443427845554195748
5746,7443358955302128947
5747,7443396731741457702
5748,7443743764839009590
5749,7443653458256792890
5750,7443590231519005967
5751,7443575661588958522
5752,7443642816972049683
5753,7443575883367009593
5754,7443706478579436819
5755,7443759178910321954
5756,7443482213477387583
5757,7440097671743851791
5758,7440036025931631898
5759,7439776195396291874
5760,7440058307110472997
5761,7440099997074443570
5762,7440281045007731979
5763,7440449006209158419
5764,7440369828583591204
5765,7440776684657249536
5766,7440794141434367292
5767,7440779927005220096
5768,7440763683418017081
5769,7440639308903550246
5770,7440791528563412274
5771,7440832534432271635
5772,7440523912632470835
5773,7441091538291068220
5774,7441135317492485439
5775,7441039108761259322
5776,7441192588557831458
5777,7441011445296319794
5778,7441136527138229519
5779,7441155487367744806
5780,7441025286445059347
5781,7441013487695891723
5782,7441151476153552186
5783,7441119461115055397
5784,7441091581777644852
5785,7441008694206172427
5786,7440983605158956325
5787,7441083396316564794
5788,7440906931016863017
5789,7440978327831137576
5790,7440998100551929147
5791,7441151217834691859
5792,7441197834201877814
5793,7441212755417271552
5794,7441256040391396665
5795,7441577690240470326
5796,7441495470628719932
5797,7441539571281661224
5798,7441596619360980284
5799,7441410004759874851
5800,7441548092257602853
5801,7441582861393677577
5802,7441493460940492044
5803,7441446652994456832
5804,7441373861838392612
5805,7441406375374179611
5806,7441526350319537462
5807,7441605225355480370
5808,7441257479691849017
5809,7441830579294801152
5810,7441758741822786875
5811,7441932088711859507
5812,7441867017147125052
5813,7441933902375046438
5814,7441750942308928825
5815,7442167764418055459
5816,7442324363468180796
5817,7442282963443797308
5818,7442163728851668258
5819,7442148119770451235
5820,7442231629768117504
5821,7441864482239909129
5822,7442185735815384346
5823,7442271043051474227
5824,7442314322665049379
5825,7442704082327948544
5826,7442626524542536994
5827,7442380085757283596
5828,7442721812301057306
5829,7442612679023414578
5830,7442697753563565339
5831,7442767275905518857
5832,7443039416198712586
5833,7442795027174100258
5834,7443272179040390458
5835,7443452182109637945
5836,7443785199856504116
5837,7443732343619177765
5838,7443449439781489939
5839,7443380104094371126
5840,7443453315502918912
5841,7443369435768950035
5842,7443423351994928394
5843,7443443456929795379
5844,7443448716482170163
5845,7443437566709222715
5846,7443395729760029967
5847,7443385443036482827
5848,7443374243745697035
5849,7443394518189133107
5850,7443682182469618984
5851,7443786905814093114
5852,7443724066529266978
5853,7443427083977592098
5854,7443693061135224127
5855,7443944344362569018
5856,7444576746302704934
5857,7444497249180093737
5858,7444812762255035658
5859,7445153242281020687
5860,7445498129664822565
5861,7446365714480499977
5862,7446720687131102500
5863,7446622870140226826
5864,7447690811447282971
5865,7448908949195132187
5866,7441612811588947251
5867,7440284309249920256
5868,7438230726459411727
5869,7438193746988027146
5870,7441742795389373731
5871,7441794941023538472
5872,7440466394472320256
5873,7441905183006690594
5874,7441728565227294009
5875,7441897463625026852
5876,7441768525665963327
5877,7438117400039558409
5878,7440334014436707641
5879,7440622213117578507
5880,7441601889457687835
5881,7441598511369555200
5882,7441585256601292069
5883,7441616668775927081
5884,7441627845174021385
5885,7441795911681871114
5886,7441741751041199379
5887,7443015928788389146
5888,7443059620358245659
5889,7443060518669126962
5890,7443087068906982665
5891,7443051773897510153
5892,7443063125860961588
5893,7443041489543793958
5894,7443041347713469696
5895,7443021957651631369
5896,7443042317214240000
5897,7443077069426183439
5898,7443086493570059547
5899,7443048165529472315
5900,7443077489326312739
5901,7443275481492802854
5902,7443371209359772980
5903,7443367005119450428
5904,7443287749110648118
5905,7443314519302081801
5906,7443326578735516947
5907,7443455978420440331
5908,7443755768769301786
5909,7443615912973880591
5910,7443724884351470867
5911,7443562760287423771
5912,7443477557472726335
5913,7443693174628945209
5914,7443752093179071744
5915,7443634994041343251
5916,7443699690299837748
5917,7443723150052904252
5918,7443622582391180594
5919,7443487690537946428
5920,7443597044155010361
5921,7443557180676017435
5922,7443584274084711740
5923,7443705830018436371
5924,7443609672923237667
5925,7443612173483396361
5926,7443558995018763546
5927,7442497000072891657
5928,7443325577227930940
5929,7443404151310077243
5930,7443826084124151067
5931,7444003364356033855
5932,7443999290432752950
5933,7443985524760612154
5934,7443992110400818468
5935,7443850687571578123
5936,7444172287089200420
5937,7444121372411890983
5938,7444340076395416882
5939,7444105058922351913
5940,7444526090695085347
5941,7444778215094242587
5942,7444949494824750346
5943,7444920444123090235
5944,7444723094142438682
5945,7444662229930167586
5946,7443340636956216586
5947,7443272302181059878
5948,7443256626972314943
5949,7443274701549423884
5950,7443253304840277258
5951,7443238987789077772
5952,7443281479586630972
5953,7443249045298105640
5954,7443199127111994683
5955,7443300584955907343
5956,7443217693936864531
5957,7443345926762106124
5958,7443558452028312869
5959,7445303713981271333
5960,7445118161449454889
5961,7445182839953427721
5962,7445869800095632698
5963,7446008824944676137
5964,7446347578851036452
5965,7446183161299471666
5966,7446715178625879322
5967,7447380794324045065
5968,7440327396466658617
5969,7440259797850590479
5970,7440454031245315343
5971,7440362244111731994
5972,7440774708129189132
5973,7440731736914267444
5974,7440673227606609191
5975,7440506010231377187
5976,7440623155896536331
5977,7440860320999935241
5978,7441030589861481737
5979,7441209873066380554
5980,7441101011147705637
5981,7441153839367048483
5982,7441080338983456034
5983,7441031931766066459
5984,7441380145971072293
5985,7441725762127809850
5986,7441819259488980276
5987,7441935179221896474
5988,7442313902232243496
5989,7442326146940767551
5990,7442331396036693298
5991,7442563091902008610
5992,7442480931006385444
5993,7442493356652891451
5994,7442697454610337061
5995,7442667115221437748
5996,7442834736696839482
5997,7442891194885000448
5998,7443063342664584508
5999,7442971648803884303
6000,7442921614489963802
6001,7442823633291971897
6002,7442878696983252239
6003,7442929239084633344
6004,7443018513473719579
6005,7442733103782645042
6006,7442889134072433978
6007,7443452134995053862
6008,7443401143301983514
6009,7443240085924924681
6010,7443291206404082996
6011,7443384810623585572
6012,7443383506689953039
6013,7443273941222755644
6014,7443314056540261659
6015,7443434194866277692
6016,7443249588464602426
6017,7443348319939644729
6018,7443254276828253475
6019,7443204218518834484
6020,7443765838240304396
6021,7443643384218144057
6022,7443811328159927588
6023,7443601904791326006
6024,7443643886481788198
6025,7443697498515967295
6026,7443735406140558642
6027,7443784687807499556
6028,7443615471682735414
6029,7443738540858445095
6030,7443754419511938339
6031,7443750157922929972
6032,7443772564045958452
6033,7443798877070740770
6034,7443633912053648675
6035,7443751515711474981
6036,7443825879802793227
6037,7443817542457527578
6038,7443646828236655872
6039,7443629149631122724
6040,7443749775112949019
6041,7443759440081194276
6042,7443706138220137740
6043,7443639378192256315
6044,7443566474402254106
6045,7444149009872211250
6046,7444033402535251234
6047,7444095463684427027
6048,7444152532038946111
6049,7444210543520517435
6050,7443987270807375119
6051,7444045601160973595
6052,7444051826808229170
6053,7444001541503175951
6054,7444111861412400384
6055,7444113732248046887
6056,7444139098090130698
6057,7444075391246929167
6058,7444025813428702498
6059,7444444174323125515
6060,7444441918500605243
6061,7444532134364171570
6062,7444348509144272143
6063,7444352153981816074
6064,7444486625079414028
6065,7444553020429339904
6066,7444439884384849152
6067,7444419491942944052
6068,7444384722362469684
6069,7444266091406314811
6070,7444411266614988073
6071,7444528802467761467
6072,7444572277661797669
6073,7444350017218874650
6074,7444390040144252219
6075,7444294852914810150
6076,7444203166737911081
6077,7444472497552117051
6078,7444827626272804153
6079,7444886211044396329
6080,7444950720056528139
6081,7444761565397568819
6082,7444865038969556251
6083,7444685980948270395
6084,7444921536655396122
6085,7444591893163396412
6086,7444932406450097458
6087,7444949286112038154
6088,7444899128850664740
6089,7444937856180604198
6090,7444904684478876979
6091,7444930550738980136
6092,7445109370611944742
6093,7445259872179932476
6094,7445072718849920319
6095,7445136613950246201
6096,7445299264336465192
6097,7445322857879588156
6098,7445122771891309861
6099,7445240898062961930
6100,7445141876107169081
6101,7445168558683720979
6102,7445306297878089011
6103,7445299805120695609
6104,7445302525948857615
6105,7445116616750271794
6106,7445143961649384742
6107,7445308086237007164
6108,7445077003977444645
6109,7445240028235664700
6110,7444999118306430265
6111,7445169619519753513
6112,7444087770160712994
6113,7445678727297617178
6114,7445549741422742823
6115,7445405820797324544
6116,7445611732896189753
6117,7445671423764335924
6118,7445665310323019060
6119,7445572589369429308
6120,7445411233274121512
6121,7445479992240196902
6122,7445572234808282428
6123,7445632873173929251
6124,7445443964909473062
6125,7445483225885068556
6126,7445508727391702324
6127,7445939450510658868
6128,7445563882141224230
6129,7445992277836696841
6130,7445886566339267849
6131,7445999754934226233
6132,7446051052605934907
6133,7445939836554333503
6134,7446049958265965884
6135,7445748686614826280
6136,7445906300589853992
6137,7446023623179128118
6138,7445993527449881914
6139,7445793383685147916
6140,7446042101365624124
6141,7445853430540782863
6142,7446232454337269002
6143,7446273374776528147
6144,7446077633722420518
6145,7446308049108667689
6146,7446370422792162623
6147,7446078773717421321
6148,7446735915315236137
6149,7446777254618647862
6150,7446546610961665331
6151,7446646077471722764
6152,7446533948068433187
6153,7446637115963755811
6154,7446644071386336539
6155,7447094616110665010
6156,7446895280412216611
6157,7447062467051588915
6158,7447149838522715449
6159,7447422032339406137
6160,7447401331779718415
6161,7447327746876820762
6162,7447413773243092274
6163,7447878127407189258
6164,7447648422372379961
6165,7448051972508241171
6166,7448273444409593147
6167,7448266424943987979
6168,7448164165039967514
6169,7444205077486718248
6170,7444132391980911898
6171,7444137935965932852
6172,7444106263593602367
6173,7444132961164774719
6174,7444132106688646435
6175,7444152125535341859
6176,7444157135740538164
6177,7444164148289686835
6178,7444213158123785506
6179,7444159506990255420
6180,7444213347718892838
6181,7444204727853681932
6182,7444203953178348800
6183,7444211389385821451
6184,7444210961814244668
6185,7444155340309941514
6186,7444204286508125492
6187,7444147507984141594
6188,7444198696146816314
6189,7444129698637991222
6190,7444208668377140520
6191,7444204528108342585
6192,7444238199095921954
6193,7444417826066091321
6194,7444481766766693692
6195,7444373962865397027
6196,7444382682752060707
6197,7444295719277710618
6198,7444391035922369843
6199,7444441676665441595
6200,7444539944850230586
6201,7444329042536353061
6202,7444216225833536828
6203,7444394767145798921
6204,7444331066825051432
6205,7444594927268285735
6206,7444691183416200483
6207,7444707788099489024
6208,7444587060381388090
6209,7444798154328853811
6210,7444766161461447973
6211,7444908789687405834
6212,7445321291214638396
6213,7445089565355805986
6214,7444996864128077093
6215,7445302212017933594
6216,7445188932108635444
6217,7445675135572512034
6218,7445637203084021050
6219,7445422040548527370
6220,7445493320656145716
6221,7445204724455836965
6222,7445965490515758346
6223,7446043944464485695
6224,7446220681752169788
6225,7446591944320437539
6226,7446786445949390139
6227,7446701070312557834
6228,7446720008152993084
6229,7446667616820661545
6230,7447064219201080635
6231,7439235794885299466
6232,7441150066112449831
6233,7441180700369374518
6234,7441113699055668499
6235,7441107835859127591
6236,7441153530854919424
6237,7441148314042502434
6238,7441064464922823951
6239,7441163689090239783
6240,7441041365133315364
6241,7441075796061605178
6242,7441054992942828841
6243,7441090666777595171
6244,7441490768004500736
6245,7441446039107767562
6246,7441868614795267337
6247,7441818371722661180
6248,7441798734154927386
6249,7441771231411588406
6250,7441952819248254267
6251,7441741512301448508
6252,7442269628090420537
6253,7442279275484482843
6254,7442272884183027002
6255,7442266839926820148
6256,7442491056588918075
6257,7442630232957390132
6258,7442674046048668943
6259,7443757201174301963
6260,7444137646491766070
6261,7444157031839305012
6262,7444585925230857491
6263,7444585214711549219
6264,7444767998814047551
6265,7445173698551729466
6266,7445207031256075558
6267,7445606452095421711
6268,7445560560759983375
6269,7447769556749274383
6270,7442870844096826661
6271,7443003961222761779
6272,7442906427619872036
6273,7442983434022178060
6274,7443003907766373670
6275,7442963774400662811
6276,7442958274581826851
6277,7442878576510160138
6278,7442999512429333771
6279,7443027124426001715
6280,7442973918341696828
6281,7443017813058440506
6282,7443004963493661963
6283,7442910695630343435
6284,7443169172529368331
6285,7443057839301463334
6286,7442911008223481122
6287,7442926713622908171
6288,7442917665787710746
6289,7442975735100214582
6290,7442989702019321146
6291,7442910609563241728
6292,7443193341283470626
6293,7443193523890933018
6294,7443189494792080699
6295,7443202600582909194
6296,7443189214847552777
6297,7442651701175160122
6298,7442930931989531938
6299,7442886584057269542
6300,7442947300164439296
6301,7442960370878237979
6302,7442880054633172258
6303,7442956820332743999
6304,7443002615085993273
6305,7443044073260207395
6306,7442943314912890169
6307,7443010945158286642
6308,7442914785643072804
6309,7443062424749608232
6310,7443013104734194978
6311,7442938732551900456
6312,7443036881522003200
6313,7443046972723940660
6314,7443061770773613884
6315,7442912159757110579
6316,7443023221257014564
6317,7442915059086462262
6318,7443104260738288923
6319,7443195028060654857
6320,7442995050415541567
6321,7443019198307011850
6322,7443113323400383784
6323,7443113165065424166
6324,7443196276356730124
6325,7443204451201977660
6326,7443112357796023579
6327,7443102252740447523
6328,7443033494885829928
6329,7443198979547974971
6330,7443139309223382310
6331,7443184344996384060
6332,7442986799133150499
6333,7442826105574247720
6334,7442751423630150975
6335,7442868537921768739
6336,7443275922347674937
6337,7443415711436836096
6338,7443356823496756507
6339,7443270470880742667
6340,7443320333764939018
6341,7443334353096133926
6342,7443410331910589705
6343,7443276153902599483
6344,7443393992013761855
6345,7443420686535675177
6346,7443387475768249659
6347,7443283259041090873
6348,7443392658434805032
6349,7443261347879603468
6350,7443028385409879322
6351,7443358349707595065
6352,7443007214840712486
6353,7443020783246462245
6354,7442993663661051176
6355,7443402574868286731
6356,7443370405609377039
6357,7443442376170900775
6358,7443463742290922809
6359,7443451984528559412
6360,7443259137934314803
6361,7443384686409305395
6362,7443215035922451731
6363,7443450717727214884
6364,7443384750477282560
6365,7443280267273309490
6366,7443427441323855145
6367,7443397588042222885
6368,7443379663084293376
6369,7443368292254846227
6370,7443383096247979322
6371,7443440390000102714
6372,7443701989613079808
6373,7443491037378645260
6374,7443834003452398900
6375,7443583986577706276
6376,7443797280114691391
6377,7443619287081831680
6378,7443595517541616947
6379,7443704480891292985
6380,7443605888163761445
6381,7443676490673229107
6382,7443597407549558054
6383,7443631454740860169
6384,7443486673595305273
6385,7443828989862464768
6386,7443698403495660810
6387,7443604439820291362
6388,7443478261901856010
6389,7443521210056494396
6390,7443590272837045513
6391,7443747241094909235
6392,7443615818081946915
6393,7443787537404939561
6394,7443714154633923878
6395,7443494284583537978
6396,7443640949110017334
6397,7443562028058348815
6398,7443666022051253514
6399,7443826495648222514
6400,7444088081159834918
6401,7444128261799546164
6402,7444026805045972251
6403,7444018282287418651
6404,7443967712381996315
6405,7443902752012487995
6406,7444018567265258812
6407,7444155888132230400
6408,7443957877607271689
6409,7444134880335629626
6410,7444051878930894134
6411,7444155736751443234
6412,7443942400466111801
6413,7444071215754595623
6414,7444054555370753317
6415,7444216151879568667
6416,7444457117404204297
6417,7444330097408085305
6418,7444449953327385907
6419,7444564624176958758
6420,7444435921413426441
6421,7444397943257369890
6422,7444611531863559451
6423,7444807381537541416
6424,7442976127221550395
6425,7442960895619222842
6426,7443099995856719131
6427,7442916197466705179
6428,7443024374489222459
6429,7442861209470192954
6430,7442995353122524435
6431,7443092238281805095
6432,7442949395441601850
6433,7443032929950862651
6434,7442929133430000934
6435,7442931717377182976
6436,7442952360055278886
6437,7442895184595111227
6438,7443056957004467515
6439,7442981492092898617
6440,7442973555169447228
6441,7442914469992221987
6442,7442973695938727225
6443,7443034288754265380
6444,7443044771259501851
6445,7442928193008438587
6446,7442964062725573938
6447,7442964295589170458
6448,7442979047476350266
6449,7442931322466749708
6450,7442917775187741978
6451,7443007405006327090
6452,7442905632761482534
6453,7445153308278312249
6454,7445235859563040037
6455,7445002115996454156
6456,7444916477142060327
6457,7445252303168277775
6458,7444917720887495990
6459,7443377953011961148
6460,7443365275870809402
6461,7443285619217911074
6462,7443405719774268722
6463,7443226649652383003
6464,7443266363042385210
6465,7443371100408417547
6466,7443400907292806439
6467,7445619993204510009
6468,7445684560257453312
6469,7445728690996137253
6470,7446590158339689786
6471,7446606109990800692
6472,7447076995810348322
6473,7447536726714715404
6474,7447795878703779130
6475,7447668256887950651
6476,7444118831221574921
6477,7444038557217459497
6478,7444088551060327680
6479,7444142176231083316
6480,7444137600799067449
6481,7442348875396025600
6482,7443793232955329826
6483,7444187668415532326
6484,7444097620504595724
6485,7444167718607113535
6486,7444053455649459468
6487,7444074780484963636
6488,7444177756994243890
6489,7444061594784369956
6490,7444056215576907062
6491,7444044490446245157
6492,7444076696849927484
6493,7444153804712365346
6494,7444161707435445531
6495,7444042765811338496
6496,7444515053728025894
6497,7444496066445135154
6498,7444288247334767883
6499,7444294654830431500
6500,7444576868650454331
6501,7444399067574144266
6502,7444311195080740148
6503,7444390830686735643
6504,7444325896279919929
6505,7444389456657911099
6506,7444409738760080694
6507,7444486621853928755
6508,7444322140272250170
6509,7444357193832402212
6510,7444552214372273434
6511,7444480998017928460
6512,7444532843327294739
6513,7444591137635077411
6514,7444715917205966140
6515,7444820957216165156
6516,7444682987834297660
6517,7444876423552142629
6518,7444878407168429369
6519,7445184186886982969
6520,7445816885758676263
6521,7441403962651118882
6522,7441616836514319616
6523,7441434807113911571
6524,7441411001410456832
6525,7441476234640428307
6526,7441405921646972218
6527,7441417141888339237
6528,7441436796589788426
6529,7441442637560794404
6530,7441396932951526706
6531,7441574729846131977
6532,7441468143869906226
6533,7441553041301458187
6534,7441421192436763916
6535,7441508410761202985
6536,7441404399173242139
6537,7441413567674322186
6538,7441407075571256587
6539,7441557666297679116
6540,7441507730227072308
6541,7441512397971508532
6542,7441413553329835327
6543,7441502804092538166
6544,7441435090208460072
6545,7441447253610466569
6546,7441528387350301963
6547,7441426421618199860
6548,7441578403414756646
6549,7441538916282273050
6550,7441400679282904339
6551,7440628570940017961
6552,7441438884820536613
6553,7441470378410626313
6554,7441409757375712546
6555,7441401380243344691
6556,7441552765035302153
6557,7441418149989322010
6558,7441444895925062969
6559,7441556082448665906
6560,7441477268238617916
6561,7441425792837471523
6562,7441390239052074250
6563,7441700972415536442
6564,7439869837188287804
6565,7441502422993816866
6566,7441606743534112026
6567,7441410144518343975
6568,7441406535458114825
6569,7441535944253115667
6570,7441544262581292338
6571,7441952026847628554
6572,7441818346279963915
6573,7441884117949517115
6574,7441636671839325491
6575,7441894950880513332
6576,7439841962464726331
6577,7440382345095466277
6578,7440441885409201418
6579,7440676855864167717
6580,7440282906699828515
6581,7440113524308725004
6582,7441708839331777852
6583,7441706305762463036
6584,7441712979059461433
6585,7441765484527095099
6586,7440040645797924134
6587,7441563217660284211
6588,7441562044098235648
6589,7441558003502845184
6590,7441728095142382882
6591,7441707727866301723
6592,7441715862853242148
6593,7441846595810790692
6594,7441751885213912359
6595,7439970909739388160
6596,7440002976988581174
6597,7440087285414038842
6598,7440081513049279783
6599,7440025431492939046
6600,7440031626832235803
6601,7440088482430700858
6602,7440047879839911226
6603,7440020960725470527
6604,7440245541935598900
6605,7440275404104961307
6606,7440312422692326665
6607,7440376017849552143
6608,7440267439448853760
6609,7440763570314382592
6610,7440700600121036084
6611,7441146925233065270
6612,7440991621014932799
6613,7441087423112563968
6614,7441130004303416613
6615,7441605943793585443
6616,7441428590228475148
6617,7441489644643962139
6618,7441473150090546443
6619,7441608088618028351
6620,7441601234403986746
6621,7441482359871933731
6622,7441491200193924393
6623,7441462284205001994
6624,7441584687882964283
6625,7441733902831553829
6626,7441878090642443577
6627,7441723270128340224
6628,7441646683374619923
6629,7441734531247246603
6630,7441745150688218378
6631,7441745654960983353
6632,7441802166349696295
6633,7441825382623464723
6634,7441619379520982272
6635,7441764653740412201
6636,7441722679738060042
6637,7441460059219021056
6638,7441530639318404402
6639,7441500755426561314
6640,7441600785567305014
6641,7441407387585580348
6642,7441394305635323172
6643,7441392466256743739
6644,7441417833713585462
6645,7441483300490743081
6646,7441394780652784907
6647,7441431119469251874
6648,7441444516843900201
6649,7441421264884944186
6650,7441476894207282442
6651,7441420017800957193
6652,7441472626742054155
6653,7441409508540222739
6654,7441390167933406464
6655,7441431211903372544
6656,7441529305399659826
6657,7441485074962386226
6658,7441433061763370294
6659,7441560679523339554
6660,7441487653486333224
6661,7441522887728647482
6662,7441425521164012838
6663,7441411844960537910
6664,7441442521776999706
6665,7441582676114459941
6666,7441391483854277928
6667,7441418111951146251
6668,7441872762274155839
6669,7441887166894066978
6670,7441841126643895615
6671,7441903673388649764
6672,7441628037327736076
6673,7441748439806872884
6674,7441756327518522636
6675,7441896195984870710
6676,7441736457888320768
6677,7441845988442033462
6678,7441750570026798351
6679,7442165296699411766
6680,7442151326458400054
6681,7442183289009392947
6682,7442155728938306875
6683,7442092539135446299
6684,7442547112195231034
6685,7442536718076546361
6686,7443061803577281830
6687,7442567405160762662
6688,7442640278541896979
6689,7442994245058792715
6690,7442885257629535538
6691,7442883219508284731
6692,7443080700523318547
6693,7442506810826706185
6694,7442882966168112441
6695,7442891484145241401
6696,7443025415523913018
6697,7442934407826099497
6698,7442904025391058235
6699,7442915247846886682
6700,7443301324843699519
6701,7443356777178991882
6702,7443745525565918502
6703,7443727335255231783
6704,7443841326669401403
6705,7443587807496457510
6706,7443720595054890290
6707,7444096947071241482
6708,7444016253464743226
6709,7444102263930473762
6710,7443984289001213236
6711,7444117061275585830
6712,7444013170412244284
6713,7444447371649469735
6714,7444503758295354624
6715,7444584649399029050
6716,7444586556855274788
6717,7444501625273699622
6718,7444360946585292066
6719,7444369985863945512
6720,7444506033537453363
6721,7444480555581721882
6722,7444536565461814568
6723,7442986023325404426
6724,7443004142144048424
6725,7444867153578315042
6726,7444946615623896347
6727,7444929284906552611
6728,7444852818353196288
6729,7444944705764347186
6730,7444896314757844276
6731,7444841067586882842
6732,7444901139356683571
6733,7444939859569003811
6734,7444903452184038682
6735,7444870645361478962
6736,7444929695260429602
6737,7444932868385557798
6738,7444742189919309091
6739,7444855110473141538
6740,7444845220803382555
6741,7444849272996056354
6742,7444748241595272459
6743,7444726562538196282
6744,7444948861182807322
6745,7444909512986742067
6746,7444741080987307305
6747,7444903656584924474
6748,7444926846241705231
6749,7444743190420229435
6750,7444798578360372537
6751,7444853568009506083
6752,7444899647950228763
6753,7444863653788142848
6754,7444897245855485184
6755,7444757003731340582
6756,7444857241540316416
6757,7444884782024035621
6758,7444747328537333051
6759,7444741890014055707
6760,7445187897994579227
6761,7445328348072463667
6762,7444960037371448613
6763,7445268589575179574
6764,7445239046181326089
6765,7445175056373747001
6766,7445208750241189155
6767,7445261870006553908
6768,7445230710660549907
6769,7445286990599228735
6770,7445257866358885670
6771,7445186226145070348
6772,7445214525508324667
6773,7445187876217703731
6774,7445276443564641555
6775,7445199114142305595
6776,7445176946390027535
6777,7445204736850119995
6778,7445217607684312378
6779,7445261474324417833
6780,7445244542304931107
6781,7445197929922432267
6782,7445240633255660819
6783,7445183735022079267
6784,7445200463403683098
6785,7445182023905348864
6786,7445176346516458790
6787,7445247661327895843
6788,7445322602685500723
6789,7445180442677955840
6790,7445188185535139112
6791,7445298078225059132
6792,7445199344556346684
6793,7445292477172419880
6794,7445266350479658259
6795,7445223261929098536
6796,7445207901498658048
6797,7445211797931445544
6798,7445232632897539388
6799,7445313172057148730
6800,7445206771997691176
6801,7445191169480363283
6802,7445301899353492793
6803,7445213673687239986
6804,7445076160351882556
6805,7445312859212434714
6806,7445189521471229225
6807,7445210715591413011
6808,7445193749535214889
6809,7445285404242201867
6810,7445284716405706010
6811,7445281997326437695
6812,7445195519996988723
6813,7445217216896814346
6814,7445270721279888692
6815,7445187413388856634
6816,7445240979713559867
6817,7445180561062104377
6818,7445201098488548666
6819,7445177231963458876
6820,7445208402264886568
6821,7445263628279745852
6822,7445179743655202087
6823,7445195975058132281
6824,7445185037332532540
6825,7445180939031924022
6826,7445182806243822906
6827,7445188626826218767
6828,7445180415540841728
6829,7445187264591826234
6830,7445293023841242403
6831,7445192970510306572
6832,7445307667599330623
6833,7445319743956847929
6834,7445215707756809498
6835,7445208429221776676
6836,7445220381306129723
6837,7445179727737785658
6838,7445206019489238281
6839,7445211509703118140
6840,7445287084530732299
6841,7445208876904926522
6842,7445267008842648884
6843,7445193669293935931
6844,7445214111614455091
6845,7445194641646964019
6846,7445270981611916580
6847,7445210638869073167
6848,7445207044421864764
6849,7445219383871409449
6850,7445249379155414306
6851,7445240776822443327
6852,7445281845308067130
6853,7445276086117715259
6854,7445272575430659328
6855,7445275041127730492
6856,7445199620126346531
6857,7445186598251105587
6858,7445308845393480969
6859,7445240832434654474
6860,7445230154084846898
6861,7445272330986589481
6862,7445178096283684122
6863,7445299451872267577
6864,7445293638495620367
6865,7445254284356209930
6866,7445180714275966268
6867,7445207849430502708
6868,7445309045856144676
6869,7445314139804749082
6870,7445242767174929699
6871,7445190379957144890
6872,7445283803183975717
6873,7445187428668788003
6874,7445184500578979111
6875,7445273656227368219
6876,7445208820076268837
6877,7445200470827601189
6878,7445191971624308003
6879,7445316828076739866
6880,7445231464591019299
6881,7445247258251054386
6882,7445270891014982927
6883,7445179944558185768
6884,7445183579375684922
6885,7445286640819522852
6886,7445184033803324722
6887,7445195922327293244
6888,7445176664004283683
6889,7445222932235783483
6890,7445202230766079271
6891,7445187996296547643
6892,7445203342684392755
6893,7445195610912820539
6894,7445204067271429417
6895,7445181365617790248
6896,7445311275917233467
6897,7444961712446426402
6898,7445215333410999562
6899,7445204123055607100
6900,7445182969750310178
6901,7445182614568176930
6902,7445215723821059369
6903,7445195799689989414
6904,7445229480450313535
6905,7445306728071154979
6906,7445321889607666998
6907,7445251921167895819
6908,7445177094016945449
6909,7445191294927916323
6910,7445278841347542309
6911,7445238922545745203
6912,7445289102905331001
6913,7445183624749665586
6914,7445262529888062780
6915,7445257486342343945
6916,7445193390804847884
6917,7445269849678286095
6918,7445212499877580084
6919,7445230764632952118
6920,7445533464574610722
6921,7445526555561856290
6922,7445630101888175411
6923,7445561459402198281
6924,7445521556937231666
6925,7445555811192966438
6926,7445534464521882914
6927,7445549199040482570
6928,7445561786260032794
6929,7445533189365419291
6930,7445531138426227983
6931,7445338098491313459
6932,7445526740551666984
6933,7445535961368382777
6934,7445529448524369162
6935,7445557111280422178
6936,7445522638962707763
6937,7445517892961013028
6938,7445531331167046946
6939,7445654588885159187
6940,7445543710231727398
6941,7445556005737385243
6942,7445616151259811132
6943,7445330012523302182
6944,7445518524975516962
6945,7445559094376762651
6946,7445560273630481714
6947,7445547117109677351
6948,7445536003328052532
6949,7445562074131926309
6950,7445333938790337855
6951,7445536697997167882
6952,7445598279036980518
6953,7446295947866426650
6954,7446270028472782080
6955,7446323871604559142
6956,7446313676618861862
6957,7446289456061107514
6958,7446328352220155145
6959,7446322520808115494
6960,7446298484283591995
6961,7446296001301744956
6962,7446291501337824570
6963,7446282763684039993
6964,7446277111561719099
6965,7446274247640550714
6966,7446319317538344202
6967,7446374999293840667
6968,7446319783097814307
6969,7447023154033102089
6970,7447031376735407386
6971,7447042246194629903
6972,7447040131229355315
6973,7446991957651361084
6974,7447043118328909114
6975,7447047708931591436
6976,7446995138485816591
6977,7447044737107823909
6978,7447022101795491098
6979,7447003698061905209
6980,7447027993446305065
6981,7447031452056751411
6982,7447037800236551475
6983,7447069705896054075
6984,7447475750124539195
6985,7447410037284179259
6986,7446612745383939337
6987,7447477744348187958
6988,7447505753306402082
6989,7447848284216937743
6990,7447850567776390435
6991,7447842014353263912
6992,7448138237731704121
6993,7448213095324962088
6994,7448150159336279353
6995,7448144910139608330
6996,7448146153159412992
6997,7448154059992878362
6998,7448161613921652027
6999,7448151075082751283
7000,7448789818131139899
7001,7448958230492957952
7002,7438989279314890034
7003,7440682687825792319
7004,7442321095560072458
7005,7438931864343170340
7006,7441755668039683340
7007,7441767384907566394
7008,7442318587278232883
7009,7442517307546520892
7010,7440614849865862426
7011,7441191303255297315
7012,7441512842269822246
7013,7442525678508969257
7014,7441816549368909115
7015,7441944594264116518
7016,7441925439863541046
7017,7441851969540574499
7018,7442166300702559522
7019,7442262056352501028
7020,7442147717175921974
7021,7442184199752240396
7022,7442629388572675367
7023,7442599013397876018
7024,7442708486061919527
7025,7442668482627407142
7026,7442637209217420570
7027,7443011200520178955
7028,7443255556929801510
7029,7443296828549827877
7030,7443286684822703398
7031,7443788081699753216
7032,7443711068712537380
7033,7443749035233594624
7034,7444129891701869836
7035,7444488166150540583
7036,7444742750274080027
7037,7444747171389345087
7038,7445052517324541242
7039,7445161355063151929
7040,7445519604501237044
7041,7445508464643689788
7042,7446352126890102073
7043,7441854880853118248
7044,7442301958280564025
7045,7442321286388305171
7046,7441955226413698339
7047,7441888832737381692
7048,7441899746660289804
7049,7442293590543305996
7050,7441894508473634100
7051,7441924459235167526
7052,7441986233410063676
7053,7441938265126522162
7054,7441917217765133568
7055,7441918979142208783
7056,7441930444557290752
7057,7441910694804573491
7058,7441940484328623397
7059,7442242924554849590
7060,7442109458848763175
7061,7442258187752983844
7062,7442126227567054134
7063,7442462694206197030
7064,7442509575674137907
7065,7442534361456512295
7066,7442503331227946297
7067,7442283462083530038
7068,7442320333136268578
7069,7442325300806995250
7070,7442092793301929250
7071,7442570564515958074
7072,7442409732599549222
7073,7442613074294476068
7074,7442583052523506984
7075,7442624804978527547
7076,7442673859989458236
7077,7442829540709207350
7078,7442952657918004489
7079,7442917466944081190
7080,7442736018651876658
7081,7443330051711569186
7082,7443241241757682978
7083,7443219578240388386
7084,7443426564131294514
7085,7443413339633503551
7086,7443101578833169701
7087,7443577439084629275
7088,7444025931334683913
7089,7444014762561637643
7090,7444098750282272026
7091,7444564684210031932
7092,7444806789771660583
7093,7444834770338450698
7094,7444866345608432932
7095,7444840979909070119
7096,7444888820018990395
7097,7444893623268756793
7098,7444937062962236698
7099,7444866777433001227
7100,7444881016898030911
7101,7444890321332210984
7102,7444925243547766068
7103,7444891613698018619
7104,7444929756405042442
7105,7444945271739485500
7106,7444949827810528523
7107,7444896381510192393
7108,7444884327210536255
7109,7444905050327027003
7110,7444872237213076799
7111,7444868624713747738
7112,7444826656612568374
7113,7444828026459671808
7114,7444864989527035136
7115,7444804475384024357
7116,7444899278557891899
7117,7444902441327349043
7118,7444906229182369082
7119,7444856828099448121
7120,7444942195230002442
7121,7444845199559265588
7122,7444938909668134201
7123,7444871238045945099
7124,7444843637894090042
7125,7444816557110267151
7126,7444845801530232104
7127,7444933111479143690
7128,7444843973207690507
7129,7444892676358524179
7130,7444918649355390220
7131,7445187582520069410
7132,7445163970610171193
7133,7445181411994144060
7134,7445076912591932731
7135,7445237669765860620
7136,7445054066901699897
7137,7445172316927053067
7138,7445094401816202556
7139,7445229232403320124
7140,7445082129979002172
7141,7445084343539666187
7142,7445062509242977570
7143,7445102057448607017
7144,7445247028021562687
7145,7445177476394798393
7146,7445089897796390202
7147,7445218552447126820
7148,7445060845933038906
7149,7445061163248848186
7150,7445038509150276873
7151,7445159483602390332
7152,7445125407642307874
7153,7445068067249442105
7154,7445316026738216242
7155,7444943751014862115
7156,7445153455745928485
7157,7445589452866587962
7158,7445656654915325235
7159,7445549312299306274
7160,7445466117583228218
7161,7445524870416420155
7162,7445685498691046719
7163,7445456232283999507
7164,7445511901729099066
7165,7445331649622985995
7166,7445594289167469863
7167,7445488861184019721
7168,7445599463277645115
7169,7445478408009633059
7170,7445471890799381796
7171,7445682532873538853
7172,7445583764731759929
7173,7445482244770204954
7174,7445639546143804684
7175,7445515358003301642
7176,7445493924308815116
7177,7445656753817144615
7178,7445525065518664994
7179,7445418598165794048
7180,7445642761384021306
7181,7445418427965017402
7182,7445541029282893115
7183,7445331389114764603
7184,7445567826632445196
7185,7445475686044814643
7186,7445681372838071609
7187,7445539662141181199
7188,7445567488936430888
7189,7445544270569770299
7190,7446013627921927439
7191,7445764727503932732
7192,7445831257000381736
7193,7445844353509068089
7194,7445941966908509499
7195,7445961524385991995
7196,7446034697274035490
7197,7445910027665280271
7198,7445889142250065215
7199,7445814365183380777
7200,7445793617316285754
7201,7445935005542386983
7202,7445897612038835514
7203,7445882087908871481
7204,7445730930678893884
7205,7445886334092283174
7206,7446035920869920058
7207,7445935680275942691
7208,7445938256593620276
7209,7445898775148629284
7210,7446025014429764914
7211,7446089856700239116
7212,7446281877201243426
7213,7446195032761077043
7214,7446158550767766811
7215,7446281105512189241
7216,7446219008128322857
7217,7446419242011905315
7218,7446306751248420136
7219,7446343633613098250
7220,7446410802799693119
7221,7447153501945285925
7222,7447051227642301753
7223,7446901513395457291
7224,7445234896232090907
7225,7445054616770710820
7226,7445067743604346124
7227,7445240506507939111
7228,7445142856878067004
7229,7445067184121875764
7230,7444782561617808697
7231,7444906302452665652
7232,7444875738978864435
7233,7444927980788370726
7234,7444916646633868594
7235,7444888141539937595
7236,7444880470812265755
7237,7444915427668430139
7238,7444913283016035593
7239,7445143482517163264
7240,7445035446893120795
7241,7445088433208331560
7242,7445189781828406528
7243,7445140077346409780
7244,7445226650884672804
7245,7445171927943040295
7246,7445076279377907007
7247,7445154531018591488
7248,7445104799571348793
7249,7445159360684117258
7250,7445121517215665471
7251,7445127415136914727
7252,7445103555641347386
7253,7445061399568452864
7254,7445306377729264953
7255,7445132767471406399
7256,7445076583179734310
7257,7445049587632475429
7258,7444995423514774818
7259,7445193186449952035
7260,7445097137022504231
7261,7445111827727535411
7262,7445276134725422373
7263,7445051372266884393
7264,7445107965838839075
7265,7445108577062128959
7266,7444909600513527055
7267,7445125816851123490
7268,7445121008282979610
7269,7445327075570961722
7270,7445287898468928828
7271,7445143925158841651
7272,7445100180170378556
7273,7445232020793429282
7274,7447363030926511411
7275,7447435677005827391
7276,7447494694503812411
7277,7447902614202682658
7278,7447830086700633407
7279,7448055830886255931
7280,7448631090694163749
7281,7442309402788400395
7282,7442221328729394473
7283,7441971020262657290
7284,7442309066988195129
7285,7442290133073808651
7286,7441989878302231819
7287,7442287757721947444
7288,7442298621766143251
7289,7442261244704197922
7290,7441957185661259065
7291,7442129320350453011
7292,7442290002492427578
7293,7442337967479246137
7294,7442151541819100435
7295,7442329475800517948
7296,7442489292078812456
7297,7441908277178273087
7298,7441966792307739919
7299,7442417537494666496
7300,7442371771749109052
7301,7442474191082884362
7302,7442361759110810917
7303,7442285943463218486
7304,7442485906969349388
7305,7442457052779220234
7306,7445851492788997387
7307,7446433370243878184
7308,7442731900579401012
7309,7442732961138543922
7310,7442730714535071034
7311,7442709611158719796
7312,7442690578179050806
7313,7442707452367260965
7314,7442706527275765028
7315,7442714149206904079
7316,7442717315130527002
7317,7442697969507323195
7318,7442730167761521930
7319,7442705716281888054
7320,7442729608170048822
7321,7442728914381720832
7322,7442753154971716918
7323,7442748963217853734
7324,7442720225801407779
7325,7442701921045056822
7326,7442697488605187339
7327,7442698613974732089
7328,7442717815347416371
7329,7442714730826910985
7330,7442704081950461225
7331,7442692257867763003
7332,7442734239247813914
7333,7442735801785470268
7334,7442799685389110587
7335,7442748891121995019
7336,7442803530685058367
7337,7442746360715037990
7338,7442756107870670139
7339,7442736741859085580
7340,7442689910198324537
7341,7442689766912445756
7342,7442716260485336360
7343,7442716100460039443
7344,7442726577831431463
7345,7442689733177724212
7346,7442697712383954217
7347,7442715820599282981
7348,7442712449482067241
7349,7442857409456000266
7350,7442855545679187215
7351,7442958211923135802
7352,7443091475698552123
7353,7442941097166392586
7354,7443043432441842994
7355,7443050751754063161
7356,7443035468079320330
7357,7442904677156523301
7358,7442933189233921292
7359,7443020079685520678
7360,7442820535546858792
7361,7443053704690945295
7362,7442914079812963643
7363,7443095037380021562
7364,7443064260533554466
7365,7442856705089670459
7366,7442901866045820219
7367,7442835159268838694
7368,7442860418038582591
7369,7442864270611582219
7370,7443032488861043987
7371,7442926067863637257
7372,7442898695089048884
7373,7442838004101598521
7374,7443312282546736436
7375,7443402122403663116
7376,7443358172498218281
7377,7443431061498989881
7378,7443329079677422883
7379,7443259239360892214
7380,7443300181237337356
7381,7443290056577600778
7382,7443228757336329529
7383,7443345773149867323
7384,7443163743241981193
7385,7443292216396647680
7386,7443221274719014198
7387,7443266984101285154
7388,7443362791043403065
7389,7443585647794720052
7390,7443841566583557436
7391,7443690444422237449
7392,7443597757853469978
7393,7443834747685440819
7394,7443598882535263528
7395,7443777781781007655
7396,7443643187127651623
7397,7443558348655578402
7398,7443807712351161659
7399,7443608373334969615
7400,7443582731734240538
7401,7443652630666054971
7402,7443756736315510074
7403,7443630701917850906
7404,7443673389513968922
7405,7443486725692869924
7406,7443767873702481162
7407,7443678797913754907
7408,7443957251926199571
7409,7444182989958942009
7410,7443877530936888610
7411,7444193720460709157
7412,7443994537015479562
7413,7444163023289306395
7414,7444195693037653263
7415,7444114715317521675
7416,7444154798900858153
7417,7444021462991785266
7418,7444328009496055081
7419,7444478973997878578
7420,7444536410251513099
7421,7444584244917161255
7422,7444320107746184499
7423,7444522664045137212
7424,7444950201372036409
7425,7444734810444025139
7426,7442725090359348518
7427,7442876626683186484
7428,7442893774184893759
7429,7442821824041274643
7430,7443071856896265530
7431,7443040351566286089
7432,7442859321588796732
7433,7442835168080989477
7434,7443038759911804219
7435,7442846441862679865
7436,7442819722141306164
7437,7442932370489036082
7438,7442825301429669177
7439,7442878896929770792
7440,7442824022649277711
7441,7442887422095936828
7442,7442936580462890251
7443,7442855223854484770
7444,7442987583354735882
7445,7442866187769351481
7446,7442978901246135579
7447,7442846721996033340
7448,7442847623876201737
7449,7443080892500774154
7450,7442843929856249145
7451,7442878283756080403
7452,7442984648780631353
7453,7443041933636816137
7454,7443073913665391929
7455,7442882476671765799
7456,7445162282717400380
7457,7442939914448047396
7458,7443078658031455497
7459,7442831220251102491
7460,7443305221406690618
7461,7443276223288986889
7462,7443388591130037561
7463,7443377897584332071
7464,7443219313986653455
7465,7443431034554682659
7466,7443217521638919482
7467,7443245921623657743
7468,7443278931807014198
7469,7443280060498365759
7470,7443241641328069946
7471,7443329808295103778
7472,7445625007713127738
7473,7445684683003694390
7474,7445926308703423785
7475,7446314505715469627
7476,7447448853726367014
7477,7438575663952448802
7478,7438588809912126779
7479,7438544634936069439
7480,7438603080192527679
7481,7438529709597576463
7482,7438611860900810041
7483,7438502872729374006
7484,7438424004026797327
7485,7438647859601345855
7486,7438497246347267378
7487,7438363808227249448
7488,7438505994558115083
7489,7438912494657228067
7490,7438928209611083058
7491,7438858020160802107
7492,7438943807434919228
7493,7438851400349617462
7494,7438815586764803379
7495,7438953839258062143
7496,7438960745053736250
7497,7439331246565543187
7498,7439268854229961995
7499,7439318220026170687
7500,7439273559056305471
7501,7439667342218513727
7502,7439568698211339547
7503,7439567740324695323
7504,7439567559411682618
7505,7439849079481322778
7506,7439808824623533351
7507,7440034184002833714
7508,7439899216073231635
7509,7439913910108441866
7510,7440343500857560332
7511,7440344086885731636
7512,7440458451974737171
7513,7440305992555842853
7514,7440737626056936716
7515,7440688855730179379
7516,7441032309253491977
7517,7441139822963559739
7518,7441232929491062054
7519,7441173953667779859
7520,7441550067263163663
7521,7441507896896064778
7522,7441401247480991015
7523,7441543042361740604
7524,7441760362124414267
7525,7441809218878901545
7526,7441636203692051753
7527,7441886701196283199
7528,7441927971318942985
7529,7441950657805864249
7530,7441785101958057227
7531,7441741311171939642
7532,7441903751687900425
7533,7441621807477640500
7534,7441890732471848203
7535,7441796438381710651
7536,7441847022040124687
7537,7442284723801492787
7538,7442269656154377523
7539,7442271681785253156
7540,7442360180525862155
7541,7442301797017914665
7542,7442321933703580955
7543,7442311906657848633
7544,7442286537129184522
7545,7442292107626188067
7546,7442255103261691177
7547,7442206402392722729
7548,7442319899197820219
7549,7442283710453517620
7550,7442300472309878051
7551,7442278473382595897
7552,7442335034687737139
7553,7442139404401003802
7554,7442260968182123834
7555,7442330315021978892
7556,7442339045759290684
7557,7442333713322626343
7558,7442345127571393849
7559,7442691557112761626
7560,7442653797551230220
7561,7442654009313348883
7562,7442634206301261082
7563,7442514233989926182
7564,7442455762867195148
7565,7442681274155683107
7566,7442706388742196538
7567,7442625870742736188
7568,7442403812960193843
7569,7442492646033018147
7570,7442486504225508671
7571,7442668361961458979
7572,7442522283417144613
7573,7442503581254602011
7574,7442681787626589498
7575,7442538579601018166
7576,7442695184200109350
7577,7442568987319225635
7578,7442568259091598592
7579,7442408380427275578
7580,7442645361757326650
7581,7442494237096135976
7582,7443039079790284073
7583,7443000921946066202
7584,7443063668301909274
7585,7443009727350590754
7586,7442755843356904755
7587,7443027391192075580
7588,7442912543850368297
7589,7443023265943080232
7590,7442866652926070026
7591,7442979523508899130
7592,7443028694035090697
7593,7442930587381337402
7594,7443030651621674240
7595,7442940268065705276
7596,7443052521179974923
7597,7443047290652134714
7598,7443024558141050131
7599,7443002133311474983
7600,7443052230313397563
7601,7442991970164690235
7602,7442932545244630272
7603,7442923694801964345
7604,7442897202063756555
7605,7443003533894372662
7606,7442959211736141083
7607,7443071790965886259
7608,7443066189787548988
7609,7442901753328143627
7610,7442932896836472115
7611,7442904901048454426
7612,7443057017679318291
7613,7442882850078067978
7614,7442877660449099067
7615,7442912391035194651
7616,7442959382293253415
7617,7443013101185780992
7618,7442836971237412106
7619,7442879778027277568
7620,7442883443370773811
7621,7442903681407651107
7622,7442951596775869730
7623,7442905405283536140
7624,7443029440222825782
7625,7442842820777413938
7626,7443004636555922707
7627,7443071446022098239
7628,7443074266733481231
7629,7443291979796040996
7630,7443358780378664232
7631,7443312643928034572
7632,7443318994712530211
7633,7443305509161110820
7634,7443420463541259530
7635,7443289729669385482
7636,7443374050463829259
7637,7443276946148117771
7638,7443279226834406691
7639,7443291390965992739
7640,7443319719270173967
7641,7443318107587857700
7642,7443284204181409065
7643,7443382317545983291
7644,7443306434936245567
7645,7443368775530859834
7646,7443327288558603580
7647,7443432455706660132
7648,7443303516199816460
7649,7443384304530361660
7650,7443472510307339577
7651,7443290175679089974
7652,7443403002485968180
7653,7443396431068548390
7654,7443301340442316092
7655,7443466824437583130
7656,7443349389810158907
7657,7443345826736262457
7658,7443316929047170342
7659,7443271814312119612
7660,7443386884925050146
7661,7443434721150815546
7662,7443396703996169512
7663,7443428324740762917
7664,7443284727244573991
7665,7443284293398383884
7666,7443429304815471931
7667,7443393901861424393
7668,7443412344656416015
7669,7443376194755562764
7670,7443394305894452539
7671,7443346700174920969
7672,7443441235064294667
7673,7443391535820983603
7674,7443359783698124071
7675,7443388014241402123
7676,7443384410172345638
7677,7443360795087473979
7678,7443362390277770555
7679,7443444066651622668
7680,7443287125648297276
7681,7443287089178873140
7682,7443353049915002148
7683,7443306139988544827
7684,7443278583096708391
7685,7443276173016157466
7686,7443296776402128179
7687,7443296525767200010
7688,7443431598571244838
7689,7443330863577845051
7690,7443455601277013300
7691,7443283972794125594
7692,7443379360897207611
7693,7443378735899888955
7694,7443339029602454843
7695,7443278055637814543
7696,7443286789273537792
7697,7443344014599916834
7698,7443303737508089097
7699,7443304160159649081
7700,7443447096105028924
7701,7443427586396392767
7702,7443300997063118121
7703,7443395780544695562
7704,7443390656006884660
7705,7443222298401819963
7706,7443420995853061426
7707,7443232506784042255
7708,7443173362962124092
7709,7443325003396844859
7710,7443423711367122211
7711,7443302002026728744
7712,7443587903701142841
7713,7443759394136886563
7714,7443682703683112246
7715,7443580657395076410
7716,7443479461615488310
7717,7443670941957115173
7718,7443537897761869091
7719,7443624148783467826
7720,7443583214989430026
7721,7443544145517481253
7722,7443759753072807202
7723,7443651997884026172
7724,7443781031364218171
7725,7443798647688547647
7726,7443700249668914471
7727,7443099529060126010
7728,7443267458972126515
7729,7443389681619832127
7730,7443441143389408512
7731,7443400969938832667
7732,7443387540620447027
7733,7443345513950268730
7734,7443292387855666443
7735,7443227536475081995
7736,7443425079775579432
7737,7443395494979718441
7738,7443334687801494823
7739,7443245271384919356
7740,7443426061402000691
7741,7443761128477429031
7742,7443729103913635072
7743,7443665368700259584
7744,7443843218019454243
7745,7443974614637661500
7746,7444037180420410684
7747,7444042506024521012
7748,7444062869961919784
7749,7444179072000838950
7750,7443983971991489792
7751,7444519207699565861
7752,7444379228801404211
7753,7444915532161240354
7754,7444793594415811852
7755,7444935630376733967
7756,7444360483756428571
7757,7444604257833061659
7758,7442694027335535872
7759,7443022516542606627
7760,7442946036622052648
7761,7442819800771906875
7762,7442847785793129787
7763,7443054622203301180
7764,7442830124166253860
7765,7443056546780613907
7766,7442913054381083956
7767,7442976559557823794
7768,7442838780072971539
7769,7442843930976095539
7770,7442889373688909092
7771,7443319231925521704
7772,7443366057995177216
7773,7443218188512333056
7774,7443415946703686922
7775,7443320272096169250
7776,7443132777458912523
7777,7443377488346058019
7778,7443319063096429861
7779,7443353212398226728
7780,7443401935643790652
7781,7443355717559438602
7782,7443373919651761434
7783,7443373360286928188
7784,7443426828980702505
7785,7443462399878843660
7786,7443363165590637824
7787,7443388169837497637
7788,7443437145282448674
7789,7443303378584718649
7790,7443432741657447680
7791,7443307971368520970
7792,7443340977009446194
7793,7443327851442507008
7794,7443383266691878204
7795,7443374771636604217
7796,7443455901090073908
7797,7443190051296644406
7798,7443344648094993724
7799,7443407313555230011
7800,7443391732919602490
7801,7443349694522199353
7802,7443441409010535720
7803,7443435849519271227
7804,7443452730984779071
7805,7443180084917259520
7806,7443326068456525116
7807,7443388434762288442
7808,7443303879153913148
7809,7443397557415415090
7810,7443433044054150460
7811,7443412422993497407
7812,7443386818222902565
7813,7443362157443534107
7814,7443435855894564123
7815,7443462287609924900
7816,7443361694467755323
7817,7443312877634620683
7818,7443387296079940898
7819,7443282214504254777
7820,7443408186150817024
7821,7443281904775744831
7822,7443347739695451428
7823,7443386327074114842
7824,7443369337961909513
7825,7443385307854032163
7826,7443108634801753380
7827,7443616594858642748
7828,7443711106654145851
7829,7443637955731803427
7830,7443732977428843803
7831,7443627368154975523
7832,7443473841545809187
7833,7443489380531965211
7834,7443676575553391898
7835,7443554168633167162
7836,7443538034701782312
7837,7443945622899526950
7838,7443863456760991035
7839,7443897179376307513
7840,7443923549607300404
7841,7443987262074916135
7842,7443949765500423424
7843,7443931625701854499
7844,7443887302411078952
7845,7443866200800529716
7846,7443876459732585780
7847,7444118152335658300
7848,7443889941504953652
7849,7443888353096781108
7850,7443883569379806479
7851,7443873484264033545
7852,7443873575863471412
7853,7444116702629088569
7854,7444517875580161318
7855,7444216078370082100
7856,7444862154777414971
7857,7444758043373374778
7858,7445225530686704937
7859,7445258969909579027
7860,7445293291672833332
7861,7445226623156112650
7862,7445266211396406543
7863,7445057893646322995
7864,7445321124478520634
7865,7445310497437682996
7866,7445229303706471734
7867,7445286954310143232
7868,7445239301329243449
7869,7445513010736614707
7870,7444856482350304564
7871,7445490152186629434
7872,7445602542823787816
7873,7445483429602381096
7874,7445437588527254793
7875,7445498657316670780
7876,7445512430316277011
7877,7445593275374849307
7878,7445634665278344505
7879,7445488688001191231
7880,7445633011497913615
7881,7445529228554030370
7882,7445360024269983035
7883,7445546289246244146
7884,7445447864685301029
7885,7445521458794630459
7886,7445469068259282214
7887,7445470600237223179
7888,7445514047077846335
7889,7445539089731816716
7890,7445509242473205044
7891,7445448393104575778
7892,7445560453213719823
7893,7445618646665203007
7894,7445422683065519411
7895,7445350833421602058
7896,7445514420354141452
7897,7445515461707517234
7898,7445598906190253312
7899,7445605214943481148
7900,7445463021117394230
7901,7445441215039802662
7902,7445527733871988025
7903,7445445456940879115
7904,7445505590027128064
7905,7445443203702082874
7906,7445498169988795689
7907,7445847079513050377
7908,7445920707973795087
7909,7446005366317403401
7910,7445918527040638267
7911,7445912131289107750
7912,7446064081951313212
7913,7445967858057694516
7914,7446046964791184697
7915,7445903729489906978
7916,7446016456489307428
7917,7445977687484681532
7918,7445879897668472076
7919,7446047533178080553
7920,7446046554403671307
7921,7445895477314276618
7922,7445974886721310010
7923,7445997509173857587
7924,7446028714325855524
7925,7446058942297378086
7926,7445832762843467059
7927,7446000390342020409
7928,7445973654535556352
7929,7445931315033050418
7930,7445917347891776826
7931,7445745508410264895
7932,7445822272616566057
7933,7445939617381010729
7934,7445870797962448186
7935,7445973600378670376
7936,7445863661916179739
7937,7445995185504259378
7938,7446427605407976739
7939,7446114769548922169
7940,7446091318553627963
7941,7446262789754146088
7942,7446373339771227432
7943,7446237635439332649
7944,7446425488127528227
7945,7446349542187879740
7946,7446247880500727066
7947,7446301700475850038
7948,7446088191435607308
7949,7446425733892705536
7950,7446541035653598490
7951,7446574447680654649
7952,7446511988248710451
7953,7446553107611405628
7954,7446723436715560192
7955,7446585146658032923
7956,7446750496783764773
7957,7446711248164621583
7958,7446709376427101479
7959,7446639140105374991
7960,7446704685207112979
7961,7444722163908611387
7962,7447020332436835595
7963,7447175940066544907
7964,7447091576603413775
7965,7446956705000213819
7966,7447107864872733952
7967,7447079142731812133
7968,7447011698411572532
7969,7444602699514924323
7970,7444695163072499004
7971,7445327543005154618
7972,7445697921883983162
7973,7445513531681770763
7974,7445574699037297970
7975,7445402824613121337
7976,7445651004332182838
7977,7445450375945047348
7978,7445577069888589115
7979,7445436216452894002
7980,7445405398300986664
7981,7445528214321122611
7982,7445524244563299611
7983,7446004013721603380
7984,7445778461823700284
7985,7445737100952997160
7986,7446314080400362786
7987,7446294774602042676
7988,7446426068925418787
7989,7446131536174304546
7990,7447085898837036339
7991,7447191931576274202
7992,7447235645187149065
7993,7447284766203759912
7994,7447190634550660409
7995,7447249403863223562
7996,7447374850819149091
7997,7447391675716095269
7998,7447335718369725753
7999,7447438595217984802
8000,7447543514306448680
8001,7447309161924283687
8002,7447239968537218354
8003,7447458076703214906
8004,7447520604237974810
8005,7447351129639341372
8006,7447715092847725878
8007,7447698821481647371
8008,7447701310075424034
8009,7447727237735959808
8010,7447742111992040767
8011,7447730121609317684
8012,7447792364896242954
8013,7447734849567329594
8014,7447721387378232614
8015,7447777259890494735
8016,7447841686882946362
8017,7447716703347182906
8018,7447714531846999354
8019,7447786603226893618
8020,7447728009336900905
8021,7447858660702833929
8022,7447769713792372008
8023,7447738430492134682
8024,7447718247480266018
8025,7447882464288083260
8026,7447755419444972809
8027,7447847521440877884
8028,7447750450327096587
8029,7447905735679167801
8030,7447704961670024448
8031,7447710331905903926
8032,7447713002947742995
8033,7447730137526766898
8034,7447923939755445554
8035,7447919818109472012
8036,7447881700492774666
8037,7447871396765519164
8038,7447706917293673765
8039,7447733308475116826
8040,7447861380952198458
8041,7447761126848253203
8042,7447847272651525433
8043,7447855984229289231
8044,7448000885101235465
8045,7448045192579484947
8046,7448193539634203967
8047,7447915780953459980
8048,7448268500642188556
8049,7448178103567863078
8050,7448158706119789851
8051,7448234001162079523
8052,7448069182664559906
8053,7448254543302806835
8054,7448159910715542844
8055,7448184304435203363
8056,7448127987830033699
8057,7448258037036436777
8058,7448196104950254885
8059,7448059645165423907
8060,7448125231044005157
8061,7447857223096634643
8062,7448137562750848316
8063,7448278810186763570
8064,7448062660278570292
8065,7448224442569772340
8066,7448232389643406632
8067,7447982275003796745
8068,7448246273884343602
8069,7448183834224381241
8070,7448236726876654875
8071,7448089217638337832
8072,7448048173831998761
8073,7448270914233388303
8074,7448206661698817337
8075,7448230990419430719
8076,7448124791606889767
8077,7448203804572486972
8078,7448230710193704201
8079,7448037228346952970
8080,7448006735580646707
8081,7448178210853932338
8082,7448554471333858572
8083,7448467743759813939
8084,7448489572910026022
8085,7448483594558770469
8086,7448537413934222632
8087,7448452391839501627
8088,7448625584713878836
8089,7448624598809103651
8090,7448581147803634984
8091,7448628764998733097
8092,7448610073359830309
8093,7448587982715522331
8094,7448354719287790905
8095,7448408877500091663
8096,7448353152757173561
8097,7448634540572085530
8098,7448518131728796988
8099,7448594883826191651
8100,7448522588432649526
8101,7448569884016938252
8102,7448781489933700404
8103,7448963239263620403
8104,7449002911851351346
8105,7448808753618619706
8106,7448682905842289978
8107,7448914089901903130
8108,7448914917400366394
8109,7448779515771292943
8110,7449027407350222107
8111,7448892949330529596
8112,7448894820623437115
8113,7448951354086788391
8114,7449004287759240482
8115,7448789008978693426
8116,7448950550504230201
8117,7448850941102558515
8118,7448918896905604409
8119,7448999525584211235
8120,7449027078424497419
8121,7448924962926169344
8122,7448927755770580265
8123,7448876831714938122
8124,7443383235763113225
8125,7443290266074680611
8126,7443316009651522873
8127,7443452007584697650
8128,7438467174957616384
8129,7443275591433932041
8130,7443408026544983322
8131,7443322593794379035
8132,7443391622877859123
8133,7443284206945307963
8134,7443275309480234250
8135,7443361371904888114
8136,7443267689159658809
8137,7443287407228669224
8138,7443306019876359461
8139,7443333311524588854
8140,7443363321346018587
8141,7443299486270639400
8142,7443463951309999370
8143,7443318077460155685
8144,7443284398428015923
8145,7443295026488151331
8146,7443281073489841471
8147,7443279359009361211
8148,7443271496123927844
8149,7443406383942339840
8150,7443336247705128218
8151,7443289189371678006
8152,7443267038509927743
8153,7443302958667779363
8154,7443286212946791732
8155,7443274022919441702
8156,7443291022831930681
8157,7443266042832391487
8158,7443303294346284346
8159,7443271679104568603
8160,7443267410611784975
8161,7443265796802972967
8162,7443316131793882402
8163,7443298292299074853
8164,7443270191636565308
8165,7443282471417908480
8166,7443274822810930466
8167,7443309524867419432
8168,7443367018859908412
8169,7443352901105323322
8170,7443271821413092618
8171,7443416637883059456
8172,7443274300674624787
8173,7443284855023996211
8174,7443380078345506067
8175,7443281582548340008
8176,7443265687423929627
8177,7443294429588360506
8178,7443267809062309147
8179,7443300621744131340
8180,7443441330321132812
8181,7443272029614181647
8182,7443265402509069603
8183,7443284820777602362
8184,7443277424021867810
8185,7443440129890323770
8186,7443280238714408231
8187,7443300947855510843
8188,7443348599351627065
8189,7443291651025456444
8190,7443362234245319996
8191,7443361610464316722
8192,7443267126464400679
8193,7443297375503879450
8194,7443377082429754650
8195,7443288133975821618
8196,7443298054490393871
8197,7443364311751314740
8198,7443323019407232313
8199,7443323121823780096
8200,7443316264124042511
8201,7443353272519265599
8202,7443364435600723227
8203,7443329755753106746
8204,7443389833675836683
8205,7443382523972914468
8206,7443448010450668836
8207,7443449579476897043
8208,7443329523883461907
8209,7443298308526853402
8210,7443329055094558004
8211,7443414430110453030
8212,7443307025242557730
8213,7443439252542688570
8214,7443322783091723520
8215,7443435031785147706
8216,7443279957045857571
8217,7443399104572525887
8218,7443355184631172390
8219,7443366730124102971
8220,7443383885938855194
8221,7443314122697035046
8222,7443390850765262130
8223,7443360485493181753
8224,7443337996507548979
8225,7443345836068719887
8226,7443350269116648742
8227,7443293187034090771
8228,7443293078670036282
8229,7443280743595281698
8230,7443292379563740466
8231,7443285731415477543
8232,7443432597146946873
8233,7443354223800061221
8234,7443582344587480329
8235,7443585509533699385
8236,7443587870838754619
8237,7443453454757956903
8238,7443583701490912572
8239,7443634425306303753
8240,7443666467112946982
8241,7443573457356377370
8242,7443640378365906230
8243,7443566919820594486
8244,7443751234948828470
8245,7443674831343619343
8246,7443656067432615228
8247,7443484021537000742
8248,7443741521330982203
8249,7443526576848833851
8250,7443612419412249914
8251,7443598568780221707
8252,7443561124957670692
8253,7443714132840287538
8254,7443477000808926505
8255,7443476831811980582
8256,7443475324567883062
8257,7443606544622652672
8258,7443547741453585704
8259,7443557409991314727
8260,7443686666650340608
8261,7443583970148633882
8262,7443474360549018891
8263,7443578782063152395
8264,7443497437760687423
8265,7443593257004715323
8266,7443717328493169960
8267,7443727788307139875
8268,7443754348485659964
8269,7443615978337996041
8270,7443680315995983162
8271,7443628453523475751
8272,7443548124011924745
8273,7443646774448901385
8274,7443513475298643254
8275,7443692400939175202
8276,7443499165419605284
8277,7443744232432487707
8278,7443552744520158523
8279,7443711038136093989
8280,7443634887258606907
8281,7443693324269014331
8282,7443711824773516598
8283,7443609732373400891
8284,7443490475891281186
8285,7443652591277411625
8286,7443719664095612160
8287,7443404260445801737
8288,7443436290873249081
8289,7443302247754255667
8290,7443297339340557577
8291,7443458268753562880
8292,7443429579869490442
8293,7443331120655043876
8294,7443274237793652008
8295,7443324644083502386
8296,7443413403474955531
8297,7443291188318211366
8298,7443316931597241611
8299,7443599591666175259
8300,7443514656066506041
8301,7443783141661183291
8302,7443449544806845732
8303,7443557494569340196
8304,7443557155174665535
8305,7443812888097148186
8306,7443835877589110070
8307,7443805975179463987
8308,7443805569921731867
8309,7443794244168322341
8310,7443805356909710629
8311,7443813442919599417
8312,7443828438160395558
8313,7443773256282148136
8314,7443768092964031802
8315,7444207374253985065
8316,7444207818258844988
8317,7443716142356499723
8318,7443844991450877225
8319,7443979700931661108
8320,7444169039666040100
8321,7444095240513916179
8322,7444093976510074163
8323,7444058631114394920
8324,7444020040321518905
8325,7444133935895842100
8326,7444050869827538211
8327,7444101979107888423
8328,7444035641291197759
8329,7444108512923340070
8330,7444065075914083619
8331,7444013065013595449
8332,7444074151263931688
8333,7443847643656195328
8334,7444122625896500530
8335,7444081069327977740
8336,7444054308976446770
8337,7444135082425584911
8338,7444037226473835827
8339,7444123716914531624
8340,7444128381496560933
8341,7443999252465896744
8342,7444151770504351010
8343,7444063032910564659
8344,7443982948233153807
8345,7444083369463385363
8346,7444211820392385849
8347,7444052960125930792
8348,7444057204090522919
8349,7444185134611402043
8350,7444023179179281704
8351,7443845459308793088
8352,7444534117108026635
8353,7444354581913554203
8354,7444497262358711567
8355,7444376593700637988
8356,7444342564590783780
8357,7444520807340068096
8358,7444500770004798758
8359,7444454743319072010
8360,7444360821590756665
8361,7444727914668543267
8362,7444728491154672922
8363,7444920627653397769
8364,7444921083725188390
8365,7444782772993920310
8366,7444920647530188058
8367,7444920949121600777
8368,7443942632629325095
8369,7444879292141473058
8370,7444786466208746812
8371,7443424451196095754
8372,7443407158391180578
8373,7443435379438439720
8374,7443338133829061947
8375,7443398744483171593
8376,7443364529095937291
8377,7443383117487869222
8378,7443311531950935347
8379,7443283677385133353
8380,7443307908013542691
8381,7443445036177542457
8382,7443272707367505190
8383,7443425910822276364
8384,7443297191852035328
8385,7443355345944153402
8386,7443380752437284133
8387,7443453586089987354
8388,7443384601008966927
8389,7443409847988522303
8390,7443292605854600483
8391,7443289835671981372
8392,7443326886719098171
8393,7443314997398097163
8394,7443333659655998774
8395,7443357359046544692
8396,7443297111757671689
8397,7443411984910961978
8398,7443277730382220555
8399,7443303760824126746
8400,7443335431837519104
8401,7443320022665121058
8402,7443346059759258937
8403,7443403331608907065
8404,7443311161056988474
8405,7443406951632866560
8406,7443353831263456524
8407,7443288356189932840
8408,7443398944299732276
8409,7443337249569246514
8410,7443278074218663194
8411,7443345072399158582
8412,7443419808554634523
8413,7443336585568947506
8414,7443435590688836923
8415,7443310475292544315
8416,7443408354074053900
8417,7443459390725770534
8418,7443278917701618994
8419,7443342816480120114
8420,7443374113089015050
8421,7443465403696745788
8422,7443272739626028314
8423,7443417767480446260
8424,7443353394816896271
8425,7443296953661721919
8426,7443330528679300406
8427,7443378053197221171
8428,7443333387663723813
8429,7443407000215489802
8430,7443365200255798566
8431,7443315168525765900
8432,7443466050366229775
8433,7443377723776584971
8434,7443310291930172729
8435,7443426893493325065
8436,7443279566778551610
8437,7443347986899291411
8438,7443412563024530726
8439,7443280311628188988
8440,7443333562494979385
8441,7443402449374825767
8442,7443433067487743258
8443,7443344788075679012
8444,7443415430049336603
8445,7443328027137690889
8446,7443373306121571596
8447,7443328157941337404
8448,7443406508580162856
8449,7443444211241831740
8450,7443445482904489257
8451,7443309853453389094
8452,7443450623787322661
8453,7443366185871199546
8454,7443354316452252964
8455,7443403076280634658
8456,7443304982046166324
8457,7443454902329675042
8458,7443283436682415397
8459,7443316376690806027
8460,7443402408547470643
8461,7443299143814024500
8462,7443326940502691083
8463,7443439396549872896
8464,7443338265236655398
8465,7443333082637225270
8466,7443384050183638284
8467,7443330213615897895
8468,7443361612750212352
8469,7443289179317947705
8470,7443291357583543588
8471,7443268756500974848
8472,7443310691399781651
8473,7443373628487404860
8474,7443310790871944499
8475,7443432562111958312
8476,7443299238987042088
8477,7443456737685884171
8478,7443366562825768244
8479,7443404103167773993
8480,7443448088062217498
8481,7443340066816068923
8482,7443303032483335463
8483,7443407797842201906
8484,7443336998821055782
8485,7443303773155413311
8486,7443330375075581211
8487,7443345985654312204
8488,7443277287803342130
8489,7443334143372627211
8490,7443297412896034099
8491,7443414011372260667
8492,7443302697240956211
8493,7443387951888747785
8494,7443365023528881420
8495,7443296145553591611
8496,7443351126168161587
8497,7443426536234978596
8498,7443335570186636602
8499,7443333230419283241
8500,7443291336993705227
8501,7443387331786132796
8502,7443585264179498299
8503,7443760718664568124
8504,7443483431352241444
8505,7443573282957315379
8506,7443510146417872166
8507,7443531188427377920
8508,7443578302683434240
8509,7443572620232019236
8510,7443552978084138300
8511,7443475489882246439
8512,7443473706342452492
8513,7445253046830894373
8514,7445263965417966883
8515,7445475054244203795
8516,7445421720275553596
8517,7445475828974030140
8518,7446716836458024249
8519,7447143148188454171
8520,7447391298505477415
8521,7448611406917782841
8522,7448532051944361268
8523,7438539632930852123
8524,7438815225794530618
8525,7439271987911920950
8526,7439363020280565007
8527,7439330412654087458
8528,7440052046050364732
8529,7440028995585887527
8530,7440049302375796019
8531,7440028694032239931
8532,7440024795527253257
8533,7440018970092096783
8534,7440017063734824230
8535,7440020417118653731
8536,7439993943246277900
8537,7440259228125760819
8538,7440259353736793383
8539,7440447932324678962
8540,7440858032042511626
8541,7440741580400626963
8542,7440740664515530019
8543,7440778166689467663
8544,7440666281516240143
8545,7441135606387789095
8546,7441178278901189903
8547,7441054653275475237
8548,7441221987122285884
8549,7441537757673049363
8550,7441552465876569356
8551,7441551694455999755
8552,7441592207124991242
8553,7441569302865628451
8554,7441576747252026651
8555,7441585344832621862
8556,7441481042734681402
8557,7441556920911154459
8558,7441520092682243386
8559,7441446934549630243
8560,7441375779633614118
8561,7441580676857564479
8562,7441561558670511401
8563,7441832051562581274
8564,7441864447880154380
8565,7441822143542758666
8566,7441892696135879946
8567,7441976885711473978
8568,7441927995771669819
8569,7441854057439956243
8570,7441978987582065954
8571,7441867475383373071
8572,7441969454856162586
8573,7441851710357687571
8574,7441806104960535859
8575,7441867644338212123
8576,7441896424012254521
8577,7442349693545221386
8578,7442309934366199092
8579,7442248775508217145
8580,7442263518298082570
8581,7442292118795619634
8582,7442245134000950587
8583,7442160619807100195
8584,7442303346901290276
8585,7442111897631067428
8586,7442162261612825894
8587,7442288201844280602
8588,7442208428648434984
8589,7442268041943076146
8590,7442303826968710463
8591,7442324627164007732
8592,7442157345645268239
8593,7442296343533522230
8594,7442293694255942970
8595,7442149881558469942
8596,7442289640729627938
8597,7442166923233611059
8598,7442296890458230067
8599,7442293555948834063
8600,7442299456969526543
8601,7442296957336374566
8602,7442298570599845132
8603,7442287311687060794
8604,7442302905782177082
8605,7442289326026689831
8606,7442324403729337659
8607,7442296110267337994
8608,7442290204397882684
8609,7442663995414203685
8610,7442651436908858639
8611,7442686750255828236
8612,7442692083279777081
8613,7442594997548944698
8614,7442652433899146496
8615,7442349895450709288
8616,7442549967358545202
8617,7442528669454617868
8618,7442319983922711820
8619,7442585485093981450
8620,7442641153817709863
8621,7442531719158304027
8622,7442504926586015039
8623,7442633121356385546
8624,7442536524484332857
8625,7442729066848947483
8626,7442692443524369683
8627,7442675605281312035
8628,7442626891200204067
8629,7442522699546561826
8630,7442630776929176859
8631,7442715433880374565
8632,7442609775445069082
8633,7442886842187336986
8634,7442903768003284262
8635,7442919670757281060
8636,7442894282010152255
8637,7442874742517878053
8638,7442904872015449403
8639,7442992961916276026
8640,7442904469160987923
8641,7443079227294928143
8642,7442952106375531815
8643,7442855940321267003
8644,7443051909239377187
8645,7442900089586208040
8646,7442942689831619878
8647,7442926438514216211
8648,7442981809312369983
8649,7442911498831203641
8650,7442860708406005050
8651,7443324326436293938
8652,7443432576024317199
8653,7443225417810529551
8654,7443273386232401189
8655,7443277502207790362
8656,7443186730754215183
8657,7443460427645734204
8658,7443179127697394979
8659,7443303528933739826
8660,7443405410360479011
8661,7443264185154276634
8662,7443216386974879003
8663,7443323598107856163
8664,7443720057626053939
8665,7443683387870547250
8666,7443733554103717147
8667,7444313868949671219
8668,7444477827254078774
8669,7444300092137393445
8670,7444894524482014474
8671,7444754056700087587
8672,7444857496658775334
8673,7444735542551448851
8674,7444876600719510810
8675,7444780780376673595
8676,7444708654135201082
8677,7444772333199379727
8678,7444017180187888908
8679,7444166333656255802
8680,7444143666500734217
8681,7444066714502827264
8682,7444173473141869833
8683,7444192944959130943
8684,7444042688137104679
8685,7444023878508203290
8686,7444118149168975163
8687,7444049113726848313
8688,7444025359881833754
8689,7444036158553607464
8690,7444025920970624314
8691,7444180562350329107
8692,7444187657216855330
8693,7444039002577014050
8694,7443964547540585767
8695,7443988501978271003
8696,7444020107254205755
8697,7444471286581005594
8698,7444436295855721764
8699,7444374231090990370
8700,7444340598871543098
8701,7444494309988011274
8702,7444413928815349049
8703,7444416137099480377
8704,7444222710940486962
8705,7444405715344706873
8706,7444832356755623227
8707,7444782366926638396
8708,7444847697909026105
8709,7444895140407201033
8710,7444664978101128507
8711,7444769648152694042
8712,7444795354546998539
8713,7444836696069262592
8714,7444920926254222646
8715,7445196792599170344
8716,7445238446936919334
8717,7445271494503976232
8718,7445234564034809128
8719,7445052769137904915
8720,7445109208162389274
8721,7445266060640587043
8722,7445163066259508538
8723,7445202018827881779
8724,7445104590111903036
8725,7445114104534142223
8726,7445308471689366819
8727,7445201937110240552
8728,7445333970209737999
8729,7445541049054825763
8730,7445474626731396409
8731,7445506091225468199
8732,7445584165380050211
8733,7445477687004515647
8734,7445476225146948921
8735,7445332601348312347
8736,7445875925683637558
8737,7445943487511498036
8738,7445706482932272441
8739,7445803758421855547
8740,7445928879157464347
8741,7446046532232596763
8742,7445931652192177427
8743,7445976840507854107
8744,7445925161586494770
8745,7445928251899317519
8746,7445966521685331250
8747,7445978647384591666
8748,7446015130023890217
8749,7445902558155132172
8750,7445909164880153883
8751,7445944138463317248
8752,7445917582793690420
8753,7445915254996962587
8754,7445797775171718435
8755,7445944734360571151
8756,7445846588246871332
8757,7445912678297586970
8758,7445803456993971513
8759,7445907792109522233
8760,7445992226561314082
8761,7446019676435533108
8762,7445804086793882939
8763,7445804551778716985
8764,7445803596785978683
8765,7445910687953505576
8766,7445981176721935674
8767,7445947546024938778
8768,7445939526691835163
8769,7445923854419119369
8770,7445944568354213120
8771,7445908828756937984
8772,7445933473891716389
8773,7445800304542600475
8774,7445918065641917734
8775,7445952782156270857
8776,7445916382132260148
8777,7445914282669182258
8778,7445933782613396786
8779,7445904177139567912
8780,7445956199461195058
8781,7445917320700103971
8782,7445909103982972186
8783,7445929452678303011
8784,7445970539031579939
8785,7445946885828775218
8786,7445932568689626420
8787,7445910254266617139
8788,7445969880223878400
8789,7445916162237549862
8790,7445918930083876146
8791,7445913650621074688
8792,7445969563792985394
8793,7445977967500496155
8794,7445917349800103195
8795,7445945715173444890
8796,7445895175093685542
8797,7445926660492299529
8798,7445970771928812841
8799,7445941222792793394
8800,7445942418228186368
8801,7445936295526026534
8802,7445945471874420031
8803,7445942331980696859
8804,7445968519415483699
8805,7445920207643741449
8806,7446406232203644186
8807,7446355456324373770
8808,7446301197012651291
8809,7446374415459192124
8810,7446368700917124371
8811,7446256339451432228
8812,7446259849479916800
8813,7446252626020175156
8814,7446371191796911400
8815,7446252503261367567
8816,7446267020406050048
8817,7446261144697769256
8818,7446229293878889765
8819,7446235715869920521
8820,7446175250947099961
8821,7446413859843247372
8822,7446175148111088955
8823,7446175916566351162
8824,7446174630777212217
8825,7446230128541175059
8826,7446233185115000098
8827,7446303960694099226
8828,7446258822575951144
8829,7446257819902332195
8830,7446264648858455296
8831,7446257687043575055
8832,7446263606531886370
8833,7446253285301914920
8834,7446380867410218299
8835,7446232210849533234
8836,7446260403790826786
8837,7446251406467681570
8838,7446228300583767322
8839,7445168627587894591
8840,7446344133460970787
8841,7446258748831714560
8842,7446260637400845602
8843,7446260107555474703
8844,7446264417919978804
8845,7446256080499297588
8846,7446216003370962226
8847,7446537718231780667
8848,7446539018650651962
8849,7446786738867031331
8850,7446669491444010275
8851,7446616686406503717
8852,7446537873463020860
8853,7446537391533296954
8854,7446781350939512124
8855,7446906598934498623
8856,7447018683265797413
8857,7446914927668776249
8858,7446746392124575035
8859,7447524328951827751
8860,7447421421405392188
8861,7447389458468474172
8862,7447517036185423156
8863,7447190512869575963
8864,7447184471608085814
8865,7447255177888910592
8866,7447437044239977791
8867,7447192167174507835
8868,7447449621724499215
8869,7447739420838546747
8870,7447655339585047867
8871,7447655181174574395
8872,7447656521145601299
8873,7447909138929061177
8874,7447795248727657743
8875,7447684275119344936
8876,7448025296541863226
8877,7448025417933524282
8878,7446793379922398524
8879,7448232163159444796
8880,7448068123070188863
8881,7448243498488319247
8882,7448225653670939916
8883,7448178953010810172
8884,7448141629224996136
8885,7447932186256362811
8886,7448224061815049510
8887,7448400001295813946
8888,7448399909822139708
8889,7448541054288006458
8890,7448597478183587112
8891,7448564617204305212
8892,7448659721772485948
8893,7448555689431043366
8894,7448519890106895653
8895,7448572764744682815
8896,7448457178509217082
8897,7448546450532863272
8898,7448409780814695743
8899,7448410082267680057
8900,7448937387394174208
8901,7448975759449787685
8902,7448781010042441019
8903,7448768151547907387
8904,7448767503376878908
8905,7448913352903937280
8906,7448949028596747556
8907,7448931637661814076
8908,7448939068869676339
8909,7449011375826930979
8910,7442680463996489019
8911,7442898232566435083
8912,7442683740645575986
8913,7442654971666926899
8914,7442615901586836771
8915,7442677755185040694
8916,7442676518599281970
8917,7442628991179132218
8918,7443049208346594572
8919,7443046116746218809
8920,7442801970756341031
8921,7442901991287721216
8922,7443110480064892175
8923,7443417052217494836
8924,7443442732489624892
8925,7443429361388244239
8926,7443426215857229113
8927,7443405040737455417
8928,7443475038390455589
8929,7443727263188782345
8930,7443674836234177842
8931,7443706637279448320
8932,7443645839324482825
8933,7443717919919361306
8934,7443656150274428170
8935,7443667755963895059
8936,7443596205839420706
8937,7443665023018290441
8938,7443672180384107803
8939,7443485790203596042
8940,7443739917575834889
8941,7443705093221846330
8942,7443770853914987828
8943,7443661776882847039
8944,7443486466543504649
8945,7443739612213808447
8946,7443580643415543066
8947,7443510838679326002
8948,7443665557003504908
8949,7443764743933824265
8950,7443667607464496443
8951,7443608589563989298
8952,7443682606970883362
8953,7443500455612779830
8954,7443729951615995173
8955,7443732860520992012
8956,7443075168135630120
8957,7443313238529412411
8958,7443427550166011187
8959,7443214523898547515
8960,7443710477147901243
8961,7443806963768495387
8962,7443817024884641060
8963,7443803246277250330
8964,7443808355866496267
8965,7443950880732269850
8966,7444149856714689852
8967,7444139717056105767
8968,7444160858537741622
8969,7444042220258233619
8970,7443864433387949375
8971,7443859404308401443
8972,7444116557321473317
8973,7444175780218768667
8974,7444069247833181477
8975,7444156775714147624
8976,7443924333522668854
8977,7443948834151042330
8978,7444479761470196992
8979,7444379936850251048
8980,7444486474285731112
8981,7444517647384939828
8982,7444529056600624434
8983,7444445732364455178
8984,7444447665670147386
8985,7444485631985601804
8986,7444440914879057211
8987,7444388114858052883
8988,7444228783525170441
8989,7444497875561631036
8990,7444367733875150116
8991,7444449923791162683
8992,7444559015754992936
8993,7444340801921944871
8994,7444486723708521768
8995,7444504147220581643
8996,7444957939149868329
8997,7444682993345547530
8998,7444738596218703154
8999,7444817765245979916
9000,7444716733602008361
9001,7444774409686093116
9002,7444695367133728052
9003,7444866457386863911
9004,7444752499065605402
9005,7444757173550222632
9006,7444913564994768187
9007,7444682059727113532
9008,7444758403102035251
9009,7444684998780669243
9010,7444816541520039178
9011,7444733982001958181
9012,7444836287015701769
9013,7444741817825889536
9014,7444869848468819219
9015,7444696523662822713
9016,7444805714087791872
9017,7444830682494389555
9018,7444908595189222714
9019,7444881562891554058
9020,7444821493306969353
9021,7444761481352056101
9022,7444596593510190396
9023,7444764984615243019
9024,7444894486435613991
9025,7444742742850145594
9026,7444822676985761074
9027,7444834495196433714
9028,7444809434334825766
9029,7444720876085333275
9030,7444722643544165692
9031,7444883221499727116
9032,7444677626863652096
9033,7444761792137530681
9034,7444725974341668134
9035,7444719300515990810
9036,7443428670036872505
9037,7443426071271279932
9038,7443455445538295099
9039,7443410439154732314
9040,7443436835386297609
9041,7443405440022596924
9042,7443435773749120314
9043,7443458347371711780
9044,7443442567053577510
9045,7443211740059372841
9046,7443458960826420517
9047,7443328385939443003
9048,7443404725992639783
9049,7443425092215852329
9050,7443448833104760101
9051,7443420443140312347
9052,7443462354760682809
9053,7444082136275078452
9054,7444079858767908111
9055,7445316758992375067
9056,7445294293046086912
9057,7445259916832492858
9058,7445200095059905819
9059,7445147673356717362
9060,7445221626045599026
9061,7445325455852358963
9062,7445229263571242297
9063,7445308336817360143
9064,7445306584936369423
9065,7445131569523707145
9066,7444986830145047843
9067,7445089420799200524
9068,7445183318082981172
9069,7445206579902827810
9070,7445084784440724774
9071,7445590945912950053
9072,7445445708951424314
9073,7445408662014676275
9074,7445695800698506536
9075,7445474613800308022
9076,7445498453410450729
9077,7445621493989395775
9078,7445682467622620426
9079,7445662133678771492
9080,7445410030381190437
9081,7445634844647771443
9082,7445789322634186034
9083,7445925706221014330
9084,7445811540768361791
9085,7445700902595382588
9086,7445805291825925391
9087,7445789197501287739
9088,7445893479319801146
9089,7445812736098831656
9090,7446034604714134825
9091,7445823111867436315
9092,7445821998938262838
9093,7445703924088065331
9094,7446051559303056666
9095,7446305848755883321
9096,7446337614560447771
9097,7446206089072332032
9098,7446051021102533897
9099,7446084699472022834
9100,7446591470200524095
9101,7446571764781452555
9102,7446747815789006119
9103,7446601456859270434
9104,7446595891114331442
9105,7446793471475584293
9106,7446607269149658425
9107,7447001343190912316
9108,7447142491070926115
9109,7447001213394046266
9110,7447074995248942362
9111,7447077432156327168
9112,7447086898541284620
9113,7446927183517469987
9114,7447492701219556659
9115,7447466544499543308
9116,7447295721402912026
9117,7447410187335470345
9118,7447425357130550528
9119,7447486685656501562
9120,7447366069536165139
9121,7447337266214636858
9122,7447530290588765499
9123,7447456578229275962
9124,7447582977397181746
9125,7447581098697067811
9126,7447697021256994107
9127,7447808431483882803
9128,7447815783821921599
9129,7448203979009363236
9130,7448195242932718906
9131,7448222553346280714
9132,7448451776384191754
9133,7448631279186136374
9134,7448601141392313615
9135,7448595378905107769
9136,7448357771197680922
9137,7448534778749455631
9138,7448602132212698418
9139,7448496509521349925
9140,7448600809832516914
9141,7448443924303121664
9142,7448459436110155044
9143,7448297117585607962
9144,7448358626902822182
9145,7448520689675439411
9146,7448546062303825164
9147,7448951056932932901
9148,7443034654921264422
9149,7442497366030093595
9150,7442620161376423194
9151,7442690936007707914
9152,7442729599915560232
9153,7442841137116744999
9154,7442897791317216563
9155,7442739159703309583
9156,7442885181066775868
9157,7443111574648147252
9158,7443112789775895866
9159,7443697715050990905
9160,7443581476496526628
9161,7443716374309997884
9162,7443587162395774217
9163,7443600552916684066
9164,7443745063638748451
9165,7443718460519075132
9166,7443530208814140722
9167,7443746254561037578
9168,7443593210208767267
9169,7443701890497465619
9170,7443751791008697600
9171,7443679716311043328
9172,7444391545807179043
9173,7444953075892243770
9174,7444593023771626812
9175,7444898065477061945
9176,7444935502777666874
9177,7444941327835467067
9178,7444904767412866362
9179,7444911127776988475
9180,7444856843173776652
9181,7445151680049466659
9182,7445247834955205948
9183,7445140603085524282
9184,7445283607477849402
9185,7444962314287123739
9186,7445074021919542537
9187,7445595286807792931
9188,7445496670025977123
9189,7445558351397752121
9190,7445603864021093692
9191,7445377283038252322
9192,7445577556234931492
9193,7445431362091240730
9194,7445882703758495036
9195,7446172081747692826
9196,7446100018156539187
9197,7446784312344644874
9198,7446714838908226868
9199,7446782941474082086
9200,7447073087037689146
9201,7446991802403392802
9202,7447148342951431436
9203,7447316742868651323
9204,7447810799168457993
9205,7443432809609366811
9206,7443397669726276879
9207,7443418525689056571
9208,7443466072277142835
9209,7443460881859595561
9210,7443395910064721161
9211,7443465940416630054
9212,7443428573580496188
9213,7443461827092024586
9214,7443434083444641084
9215,7443445357004016923
9216,7443443169405963561
9217,7443442870922611979
9218,7443469954214546715
9219,7443441624891264294
9220,7443437602247576890
9221,7443455690410069275
9222,7443427404598496562
9223,7443416715427614011
9224,7443421703897730358
9225,7443622930988272923
9226,7443616529599565065
9227,7443669315833941274
9228,7443638288482635049
9229,7443662682743426355
9230,7443635463975341353
9231,7443745371433504040
9232,7443609160383515964
9233,7443791563903208716
9234,7443720070158765324
9235,7443726781380644096
9236,7443728641382436108
9237,7443588652145462591
9238,7443735657182219557
9239,7443614724878519612
9240,7443655305491123467
9241,7443641860821634342
9242,7443709789638626612
9243,7443642378935749899
9244,7443707438911573263
9245,7443788353394314530
9246,7443654549086145804
9247,7443617557115866431
9248,7443403329448840502
9249,7443417354077326607
9250,7443712189002812706
9251,7443623738823724324
9252,7443735022986595611
9253,7443795731862834444
9254,7443749010537499963
9255,7443735000782097723
9256,7443570507930176780
9257,7443838686485105980
9258,7443767604558286095
9259,7444013015680191802
9260,7444111990563294474
9261,7444099195595705600
9262,7444109586019257627
9263,7444097066940288314
9264,7443953499060145462
9265,7443877578802351420
9266,7444119815507152169
9267,7444098492080917775
9268,7443948893252980026
9269,7444015673153424649
9270,7444148638760176933
9271,7443939757316427034
9272,7444048980071238972
9273,7444122518798994707
9274,7443846167961603368
9275,7443782361591942415
9276,7444090038247247158
9277,7444074069718273295
9278,7443933753409326372
9279,7443941874475257148
9280,7444060677225893120
9281,7444514255434517818
9282,7444325807847165220
9283,7444328186592152891
9284,7444303944957939004
9285,7444325973710949673
9286,7444221056467881235
9287,7444329966231145737
9288,7444184299869457715
9289,7443710647390555451
9290,7444407375102037286
9291,7444226595058928950
9292,7444377227204037928
9293,7444531399127878964
9294,7444436237324176697
9295,7444439179364289807
9296,7444460616313589033
9297,7444506920804830522
9298,7444373255273614618
9299,7444223900499725587
9300,7444321408420810010
9301,7444533537652460815
9302,7444228693804780858
9303,7444514344047480076
9304,7444691518473997620
9305,7444798009205984552
9306,7444900284725251387
9307,7444857559799893289
9308,7444715299774975241
9309,7444897160946093323
9310,7444915275662691643
9311,7444779734900264244
9312,7444873914120932665
9313,7444827404251516220
9314,7444781217506954555
9315,7444844115075845417
9316,7444970967069150527
9317,7445137609745124665
9318,7444443628061134120
9319,7445446736778202418
9320,7445520338450009359
9321,7445856345359781158
9322,7445891472454405402
9323,7446275043870510374
9324,7446329960723238144
9325,7446329114384026895
9326,7446370666212756774
9327,7446663400190463247
9328,7446907590346362172
9329,7448038303955176754
9330,7447954253877873960
9331,7443288629356580123
9332,7443396239384661305
9333,7443418760322551097
9334,7443363845101440256
9335,7443397701883972902
9336,7443415298432159013
9337,7443296177690283305
9338,7443660466678779146
9339,7443764053110967611
9340,7443656291421129999
9341,7443811004875672869
9342,7443742230499708187
9343,7444157891474443579
9344,7443970006313880842
9345,7443872135761759525
9346,7444014145399246090
9347,7444191907833580859
9348,7444103241194851584
9349,7444108003575450917
9350,7443858185351384378
9351,7444370448508276002
9352,7444538736685174025
9353,7444457955015068963
9354,7444459767138946345
9355,7444461383778848015
9356,7444436695908420902
9357,7444460593609772338
9358,7444435493430758666
9359,7444459737959206195
9360,7444451738402245925
9361,7444460881527721268
9362,7444452510695247130
9363,7444453252256648486
9364,7444462430987554098
9365,7444459944050625807
9366,7444450722634091826
9367,7444450776786701603
9368,7444446075353599251
9369,7444374704762211584
9370,7444441931364470026
9371,7444440794607439139
9372,7444434396314094860
9373,7444451759025589530
9374,7444458894820134153
9375,7444458618667175204
9376,7444514911545331003
9377,7444365161038728486
9378,7444463521309445403
9379,7444455144273612058
9380,7444464928666275112
9381,7444456390300683554
9382,7444431013003922723
9383,7444463491953577243
9384,7444459275688217890
9385,7444449554176412991
9386,7444461250106363176
9387,7444459547953073460
9388,7444445132847320354
9389,7444460056566910217
9390,7444435477706362164
9391,7444459901549595931
9392,7444437146577931535
9393,7444434786644430115
9394,7444442341529636111
9395,7444461177033198898
9396,7444458293835107619
9397,7444465718520777994
9398,7444465209600789797
9399,7444234022672174372
9400,7444449373892726031
9401,7444289422821969211
9402,7444464953236458802
9403,7444464326649433378
9404,7444788177094708531
9405,7444793756869545242
9406,7444741454624247090
9407,7444790351258291493
9408,7444894808948100392
9409,7444957776691957029
9410,7444738983516474675
9411,7444784976861744421
9412,7444901490487037222
9413,7444926972330839330
9414,7444800228324019514
9415,7444939715846884660
9416,7444888250059214114
9417,7444792831354457344
9418,7444908605364522266
9419,7444927625643986203
9420,7444851143341067520
9421,7445060154443173139
9422,7445210112743984447
9423,7445117187355954441
9424,7445197785516854588
9425,7445218842244058368
9426,7445200527547239731
9427,7445230417952722226
9428,7445219896893508904
9429,7445314076151909643
9430,7445525294586318119
9431,7446326338845183242
9432,7446249297563225370
9433,7446321006823656744
9434,7446246741281688859
9435,7447031834615106854
9436,7447028455499238656
9437,7447050405223140618
9438,7447034532345187636
9439,7446995872065408294
9440,7447035932374502714
9441,7447039550414687539
9442,7446998124314234124
9443,7447036520327859465
9444,7447046574246579483
9445,7447036250961333513
9446,7447028250339020069
9447,7447033908266388793
9448,7447045267150474534
9449,7447009665726041370
9450,7447038545493052710
9451,7447046761643920690
9452,7447046593720683785
9453,7447036258418691355
9454,7447046111807819043
9455,7447012289254821178
9456,7447039456118394162
9457,7446992913571056955
9458,7447044548464807187
9459,7447025565158182155
9460,7447068389710843193
9461,7447047586487274802
9462,7446994847744953654
9463,7447018590705896756
9464,7446992021698481466
9465,7447002192256470326
9466,7447463012157427003
9467,7439024439439756595
9468,7440074058156379431
9469,7440576401209675034
9470,7441063110829460776
9471,7441888146196892967
9472,7442227711751376187
9473,7442580929102515496
9474,7442679623340625187
9475,7442641518894075171
9476,7442642736425094457
9477,7443059398135631114
9478,7442959379785141561
9479,7442962108658027830
9480,7443040674804485413
9481,7443274772680625408
9482,7443473363785321762
9483,7443787420983725346
9484,7443674048145526073
9485,7443632316477361443
9486,7443648399066385700
9487,7443738361640111395
9488,7443619419378552116
9489,7443655720400096538
9490,7443648627458739508
9491,7443688050451926312
9492,7443845097348762934
9493,7443883337145486627
9494,7443192167629180196
9495,7443352780250631461
9496,7444038436765437196
9497,7444167546116312380
9498,7443984240791899450
9499,7444085915602914620
9500,7444479019254402331
9501,7444527747990441254
9502,7444500719610137914
9503,7444492226912161058
9504,7444703461305896250
9505,7444935168944639282
9506,7444605154499857683
9507,7444737589430455586
9508,7445268090545245492
9509,7445103456379096356
9510,7445689073034939707
9511,7445603948293082403
9512,7446001176299965708
9513,7446050932715982114
9514,7446000868496837946
9515,7446006093207145767
9516,7446008264665468195
9517,7445934008724229386
9518,7445910049853017404
9519,7446009698077166859
9520,7446315610390269222
9521,7446420707271101748
9522,7446351801068080444
9523,7446304150343765267
9524,7446590354616339753
9525,7446718657327025419
9526,7446904600604527926
9527,7446887428742319420
9528,7447097980143930684
9529,7447065198562708793
9530,7447122467694415163
9531,7447485975816604955
9532,7447454149186276644
9533,7447544311937240370
9534,7447309921642761532
9535,7447525562878397730
9536,7447526101611515148
9537,7447361906865671424
9538,7445990327434923275
9539,7446056328876805387
9540,7445889350925028666
9541,7445980272819997992
9542,7445959492048670012
9543,7445975611635404082
9544,7446703851551444265
9545,7447126999245638964
9546,7447795748583836966
9547,7447719649761938698
9548,7447683300547677475
9549,7447742243772878090
9550,7448280491045719332
9551,7448891141144988986
9552,7443716690958994714
9553,7443709834958081321
9554,7443710570970352906
9555,7443750470658690356
9556,7443707127346138431
9557,7443703682304118028
9558,7443707077781933366
9559,7443723851772595492
9560,7443738753727794472
9561,7443729764537404711
9562,7443732184722181414
9563,7443841344210013499
9564,7443736175883324735
9565,7443702300176108850
9566,7443729862763760896
9567,7443741421007424819
9568,7443732747643915570
9569,7443708380255898932
9570,7443748630290369849
9571,7443853705327250745
9572,7443853513010023740
9573,7443854206475291963
9574,7443847664082472246
9575,7443852911249018150
9576,7442960226208271676
9577,7442933589336984890
9578,7443716668347452735
9579,7443817168854060323
9580,7443715672372301082
9581,7443745460130532648
9582,7443733254424792355
9583,7443746344835075338
9584,7443722577467559203
9585,7443728701738519842
9586,7443763817953185065
9587,7443834436946316601
9588,7443723992927587603
9589,7443736368855010571
9590,7443857679342112057
9591,7443901302154857785
9592,7443930847800986889
9593,7444149757053914427
9594,7443865252963437865
9595,7443935413632372028
9596,7443997453742837049
9597,7443852236318412092
9598,7443911376415755529
9599,7443889757702212902
9600,7443895935551180091
9601,7444016850733698344
9602,7443907748875472167
9603,7443926342309023013
9604,7443871205658004772
9605,7439320930926546230
9606,7440700389416078607
9607,7441416908584357147
9608,7441573008482831643
9609,7441414231578266889
9610,7442872792703388954
9611,7443371745400163624
9612,7443789269837073727
9613,7444018647560998156
9614,7443841005406686475
9615,7443829752953195817
9616,7443969331001625890
9617,7443988447724981541
9618,7443737765990157628
9619,7443739055067581754
9620,7443742648063528242
9621,7443711711384767795
9622,7443718172999568667
9623,7443720302867139900
9624,7443803436417649931
9625,7443839866598608128
9626,7444013870953286970
9627,7443878715127270665
9628,7443932421185228041
9629,7443921551214300476
9630,7443898912219450674
9631,7443929517866978575
9632,7443905576804896059
9633,7443853865088224569
9634,7443911721720220979
9635,7444355817391836450
9636,7444259837392784700
9637,7444309148650540351
9638,7444345333020216576
9639,7444496646097915146
9640,7444346664824933647
9641,7444423624007699723
9642,7444397900832066866
9643,7444450146986904841
9644,7444072849398074659
9645,7444560640703876378
9646,7444408799110155554
9647,7444397784016440628
9648,7444648584093453627
9649,7444639203306048806
9650,7444954460826242367
9651,7444865197505842486
9652,7444713778085694746
9653,7444684836444376378
9654,7444821616963358003
9655,7444873004741446921
9656,7444858749065399571
9657,7444808355547221257
9658,7444884127901338940
9659,7444833537057983770
9660,7445265690354912552
9661,7445265521534192953
9662,7445154249119403321
9663,7445172528886156544
9664,7445250300836891904
9665,7445247115288186150
9666,7445265296954314018
9667,7445634593291619599
9668,7445642662486510883
9669,7445641267251334435
9670,7445834645570161932
9671,7445961161624784162
9672,7445950933684522259
9673,7446332784957771019
9674,7446428619427040512
9675,7446685225314176294
9676,7447489820105952575
9677,7447530660778069300
9678,7447889028818488639
9679,7439286020627074342
9680,7439533020987608371
9681,7439648950052834586
9682,7439610924153031976
9683,7440011800852057371
9684,7439989440539348224
9685,7439772102590238010
9686,7439944268606704923
9687,7441022227543330085
9688,7441488663319514368
9689,7441815504240594210
9690,7442532690261298473
9691,7442578933565984035
9692,7442861197692538175
9693,7443427383098543375
9694,7443285204703235362
9695,7443297601073564969
9696,7443435679985569064
9697,7443420249078189350
9698,7443296896937970955
9699,7443361056178720052
9700,7443302240288361767
9701,7443372992932891923
9702,7443281356286741820
9703,7443336453460856083
9704,7443423547357252916
9705,7443334721939033383
9706,7443328118506392889
9707,7443419084173135154
9708,7443319429078863154
9709,7443749921431276834
9710,7443718499534425381
9711,7443634150185192739
9712,7443803075883699491
9713,7443747906714094887
9714,7443655370146450715
9715,7443630189965348134
9716,7443751661987712283
9717,7443634011244645692
9718,7443727764013796617
9719,7443767994980830479
9720,7443751153080339731
9721,7443366578889968956
9722,7443364759921052988
9723,7443341931582672137
9724,7443729118262283572
9725,7443862733960809740
9726,7443993949972270370
9727,7444050270390144290
9728,7444105477736189224
9729,7444002186519956796
9730,7444106634269429043
9731,7444123953137782066
9732,7444144206433488164
9733,7444193013611384116
9734,7444014587671891215
9735,7444131178942041379
9736,7444114648724524307
9737,7444537537256852788
9738,7444538244596813056
9739,7444357611081780521
9740,7444357997452594492
9741,7444491961534336256
9742,7444456814487293222
9743,7444544827284294927
9744,7444498984913079593
9745,7444488193451314443
9746,7444478951398886693
9747,7444752519839927609
9748,7444752553633402171
9749,7444858660762832169
9750,7444912551634160937
9751,7444799378352639247
9752,7444940123969506620
9753,7444863011468168482
9754,7445201657316625702
9755,7445182661938711817
9756,7445232774123982118
9757,7445121420671192355
9758,7445230597603216659
9759,7445194818772438307
9760,7445495532216175935
9761,7445583113582808332
9762,7444799303094193444
9763,7445875354578783526
9764,7445850816642125092
9765,7445848242690035007
9766,7445892939626106170
9767,7446431930863586618
9768,7446239624214744371
9769,7446341196810669350
9770,7446302505786412314
9771,7446356613503487289
9772,7446409097316027684
9773,7446372035996962102
9774,7445960479362567475
9775,7446214145734708515
9776,7446680562175102235
9777,7446563509292338451
9778,7446764243141135642
9779,7446714788694019328
9780,7446782930082352424
9781,7446722549318241555
9782,7446721033865792822
9783,7446621563908066617
9784,7446686358841724214
9785,7446683132184595751
9786,7446727224142613801
9787,7446608973605784884
9788,7446676981577502004
9789,7447100755141561641
9790,7447127228246248740
9791,7447048292673867008
9792,7446986548240715044
9793,7447076203653025074
9794,7447094463274519842
9795,7447200364853464361
9796,7447411364294954240
9797,7447331626301852940
9798,7447343730744446268
9799,7438816945161375016
9800,7438768013249154313
9801,7438784579038678284
9802,7439281872720481588
9803,7439290762891726107
9804,7439291002554191156
9805,7439511026455891211
9806,7439303357665135883
9807,7439735623235292435
9808,7439640035596487955
9809,7439906578809097482
9810,7439979855875296575
9811,7439966746146114867
9812,7440144745168456999
9813,7440233303199845632
9814,7440473468581285172
9815,7440399567369080099
9816,7440434317727173903
9817,7440614950852218171
9818,7440508271951203621
9819,7440628805426744576
9820,7440716219247856907
9821,7441049761303547186
9822,7440892810707881275
9823,7441188816930491708
9824,7440998406060854568
9825,7441174452454395174
9826,7440975893171932466
9827,7441593436886633788
9828,7441492771346615609
9829,7441567149782568228
9830,7441938973733276969
9831,7441939666426727730
9832,7441971231554899260
9833,7441811668268633403
9834,7441933751870917948
9835,7441973626129108284
9836,7441750314438397224
9837,7442126626835483962
9838,7442056078159924539
9839,7442339068735769913
9840,7442726506465479951
9841,7442500065337429257
9842,7443446273400786202
9843,7443447200820022582
9844,7443380284977958207
9845,7443577889326402831
9846,7443699455989157178
9847,7443605667514010934
9848,7443842218055535906
9849,7443683429914381626
9850,7443809520695921954
9851,7443743261551889703
9852,7443699723606691099
9853,7443693450832235830
9854,7443777608644398396
9855,7443722124168072457
9856,7443791749316627722
9857,7443820753822256418
9858,7443687802589547776
9859,7443666522075139339
9860,7443636715727719731
9861,7443752665093393675
9862,7443865719462251827
9863,7443856544757714233
9864,7443850914886208827
9865,7443581749784874249
9866,7443758216485276947
9867,7443630623194877223
9868,7443702767488683321
9869,7443750372495134003
9870,7444086108809399592
9871,7443965680736668968
9872,7444002301552954683
9873,7443956805010607397
9874,7444207986710482216
9875,7443953333708115252
9876,7444065022625500427
9877,7444147535364574499
9878,7444180638309125434
9879,7444145984013094198
9880,7443963044570369315
9881,7443964348105592115
9882,7443945389809503548
9883,7443951549363064124
9884,7444024896738430243
9885,7443975538366008634
9886,7444096842616392986
9887,7444041347234827571
9888,7443847386918587667
9889,7444305711015759156
9890,7444326386203987215
9891,7444414332424785188
9892,7444262471516327225
9893,7444529647351549223
9894,7444311956598656316
9895,7444454534656576795
9896,7444369281954958607
9897,7444346459190856970
9898,7444542840631217445
9899,7444389093695327548
9900,7444406390354873657
9901,7444441836300569910
9902,7444346851437841714
9903,7444551047890177331
9904,7444353323114745098
9905,7444483898005835020
9906,7444411245064752423
9907,7444441132802592059
9908,7444268344158571787
9909,7444387115829349658
9910,7444546784401165618
9911,7444379244425203003
9912,7444342896020426041
9913,7444461532798274825
9914,7444379317573930300
9915,7444377121926958390
9916,7444664439372008731
9917,7444856420576546089
9918,7444680326070275338
9919,7444853391672478991
9920,7444896767029611836
9921,7444767863371468042
9922,7444870269828746555
9923,7444806924266196251
9924,7444741549100944679
9925,7444662310632787241
9926,7444850455332523303
9927,7444798926248594698
9928,7444587517782936890
9929,7444761056288787727
9930,7444825487475592506
9931,7444729252060187964
9932,7445292482541145382
9933,7445004925458861364
9934,7445249468565392698
9935,7445224868368370979
9936,7445303976918076706
9937,7445136531339201843
9938,7445431419439942975
9939,7445590262618852623
9940,7445427981784272154
9941,7445689255852051769
9942,7445351780763880762
9943,7445335891079466290
9944,7445654365693676858
9945,7445789192375848227
9946,7445855297215745314
9947,7446256050887462194
9948,7446213134253083955
9949,7446407390406266153
9950,7446302768920284427
9951,7446376096628526393
9952,7446355106036993290
9953,7446789212969504038
9954,7446963893701840186
9955,7447151738122997051
9956,7447077908541082915
9957,7447135020587699468
9958,7447108559445200162
9959,7446962106101927226
9960,7446998750985342243
9961,7447001365164952872
9962,7447011686055251250
9963,7446919365733289231
9964,7446937466671582474
9965,7447140412621376827
9966,7447161060521479435
9967,7446960263623888191
9968,7447164647217663243
9969,7447081688724802856
9970,7447145534319643919
9971,7447015232720866597
9972,7447046431006838079
9973,7447162392229776700
9974,7447098674838097215
9975,7447120990141812027
9976,7447113441732578612
9977,7447006566630329637
9978,7446982279995460924
9979,7446990499552054537
9980,7446994473474739514
9981,7447019779837283638
9982,7447164777077427468
9983,7446965732908354879
9984,7446998811475578162
9985,7447144240091581756
9986,7447447395106819367
9987,7447452268099570980
9988,7447434478320078117
9989,7447385772073700649
9990,7447332136232733987
9991,7447478090911026489
9992,7447378931558272291
9993,7447420240381758780
9994,7447461806940884283
9995,7447440061664152832
9996,7447346448577924415
9997,7447452899455683852
9998,7447315194604211466
9999,7447448806192352524
10000,7447484830134111515
10001,7447462830430784826
10002,7447302059281370426
10003,7447312747190095138
10004,7447309118735535375
10005,7447437788397489418
10006,7447405190724029755
10007,7447303240099581243
10008,7447430859814112521
10009,7447427596263902523
10010,7447455809723796776
10011,7447196683244506422
10012,7447452055914024249
10013,7447361760761236773
10014,7447539044831055143
10015,7447548559336934671
10016,7444195005893233970
10017,7444211955155356978
10018,7444207553975799080
10019,7444196612357803274
10020,7444199234343111948
10021,7444200997280435466
10022,7444202820422634791
10023,7444211942694178088
10024,7444195242103917861
10025,7444201188205022491
10026,7444215144894303551
10027,7444182394954894629
10028,7444206044651343167
10029,7444213276499643708
10030,7444210786752417076
10031,7444184815957511458
10032,7444207033617878311
10033,7444204860062354728
10034,7444206253640830266
10035,7444201825185598774
10036,7444187313191570722
10037,7444205603880209715
10038,7444188265315323174
10039,7444199605916470580
10040,7440085162643180859
10041,7440847895332506938
10042,7443030689039076623
10043,7443396392552303912
10044,7444211189678116155
10045,7444205041155706162
10046,7444212836097707305
10047,7444208278319484186
10048,7444205414276779316
10049,7444206366551559459
10050,7444213798497439013
10051,7444206329297669428
10052,7444196388885335332
10053,7444206238574988582
10054,7444209310055370022
10055,7444211309157158159
10056,7444213611720871195
10057,7444213668826418492
10058,7444191116083186979
10059,7444191652928884005
10060,7444209919869455657
10061,7444194650971262208
10062,7444182854864555303
10063,7444185343504485695
10064,7444202272587894068
10065,7444188014957448488
10066,7444212814354369833
10067,7444212250971327770
10068,7444207348215860521
10069,7444201670772362537
10070,7444205480806731020
10071,7444208772177808691
10072,7444186603125345551
10073,7444191869996748043
10074,7444206989766364457
10075,7444195975486344463
10076,7444197246779870524
10077,7444203669580549436
10078,7444210626798357771
10079,7444214341001284924
10080,7444213360180120892
10081,7444207952615001384
10082,7444208481378356514
10083,7444212951382248723
10084,7444204538778717477
10085,7444213297408134457
10086,7444206287958625595
10087,7444203957552958770
10088,7444181864287390988
10089,7444205335251782922
10090,7444188717721324800
10091,7444204544352963880
10092,7444209692303183123
10093,7444201368665017658
10094,7444204765644459283
10095,7444199186683251980
10096,7444183555523038475
10097,7444207449130683702
10098,7444187469593054498
10099,7444215169389006139
10100,7444210415229275443
10101,7444207580890582311
10102,7444215010332609818
10103,7444207259577617718
10104,7444192004038249780
10105,7444203961822760249
10106,7444212351655578921
10107,7444205701762764069
10108,7444212768422579497
10109,7444205523299355938
10110,7444210088606289189
10111,7444208852976897292
10112,7444207982025379108
10113,7444208729018420515
10114,7444188823350758675
10115,7444212854212906298
10116,7444209289637481769
10117,7444206309219503375
10118,7444212195761622310
10119,7444207071811194171
10120,7444188213972864290
10121,7444518719579098427
10122,7444332427369123110
10123,7444346821511499018
10124,7444360279644802342
10125,7444558109034433827
10126,7444468394532834601
10127,7444444118757035302
10128,7444454340766600498
10129,7444513699768962344
10130,7444463569774628115
10131,7444460487011618098
10132,7444512028028439808
10133,7444485373482257699
10134,7444361603660696844
10135,7444219028358450489
10136,7444276842569190675
10137,7444360474164088105
10138,7444441041618455868
10139,7444483759417675068
10140,7444459514327338303
10141,7444470967746710803
10142,7444350495998709044
10143,7444368061026667828
10144,7444264965608885563
10145,7444381603310128441
10146,7444366168825154816
10147,7444383620493593908
10148,7444566875297565990
10149,7444349783575121152
10150,7440352373937065251
10151,7441779163897302313
10152,7441974668808015104
10153,7444448328286211337
10154,7444439698199596340
10155,7444444767565483302
10156,7444428747945692435
10157,7444477073676176674
10158,7444384686463307034
10159,7444490588025556263
10160,7444380628142787876
10161,7444449355530095931
10162,7444443399870025019
10163,7444430177691520310
10164,7444385807760100642
10165,7444468617648868617
10166,7444439990504836367
10167,7444383543892921639
10168,7444421529040850195
10169,7444419235205483826
10170,7444379365644782859
10171,7444501061462805775
10172,7444388559261355316
10173,7444443155463818531
10174,7444508577588317499
10175,7444392153389780263
10176,7444396213190855962
10177,7444391546427837723
10178,7444484332120476940
10179,7444502057286913334
10180,7444393280298601728
10181,7444438398930029862
10182,7444499009277857051
10183,7444380713874476299
10184,7444395515560643880
10185,7444413426845240636
10186,7444378699107028259
10187,7444419945863155001
10188,7444447714097646908
10189,7444463616436358452
10190,7444476149108854025
10191,7444450972929166643
10192,7444448220668890427
10193,7444439722048425225
10194,7444454741523909924
10195,7444430621180464399
10196,7444390077939174683
10197,7444523167768513826
10198,7444399133424684314
10199,7444382339355938085
10200,7444381238573501748
10201,7444409085526543666
10202,7444437287489817865
10203,7444384272766586172
10204,7444389057053986082
10205,7444512022361804089
10206,7444435365483531539
10207,7444433425802497314
10208,7444456051719556352
10209,7444525976207232275
10210,7444381417414380851
10211,7444414829898550537
10212,7444472321554877737
10213,7444485496241196339
10214,7444487131042417939
10215,7444484718445251875
10216,7444505751269264659
10217,7444540610742062336
10218,7444491209449475378
10219,7444491420460715301
10220,7444496741115710761
10221,7444504664789290303
10222,7444497850525814043
10223,7444499197690154274
10224,7444493354202713395
10225,7444545862606359845
10226,7443760156896169268
10227,7444552047459945787
10228,7444509606585404710
10229,7444519315493244219
10230,7444531425631620403
10231,7444531645098577161
10232,7444498774694710580
10233,7444547612520238394
10234,7444511628307008806
10235,7444486884987899187
10236,7444525054911630649
10237,7444536597338459443
10238,7444516014412369186
10239,7444515017724022027
10240,7444510891653074202
10241,7444487757767904570
10242,7444490214736661787
10243,7444491204072410380
10244,7444515828399164713
10245,7444530642672422171
10246,7444487850176908571
10247,7444522426718866714
10248,7444551446843936060
10249,7444557307372981514
10250,7444565573641538866
10251,7444519297273187624
10252,7444490452474137865
10253,7444529215833181500
10254,7444507985985998138
10255,7444518038122138939
10256,7444552479896767807
10257,7444571302528142655
10258,7444515426643561786
10259,7444552727071362338
10260,7444193032200539446
10261,7444193468156497164
10262,7444446432007834891
10263,7444428410950143284
10264,7444321978149866788
10265,7444397773039979787
10266,7444372741744053540
10267,7444235715493334323
10268,7444320924553202983
10269,7444221764151905571
10270,7444301474374389051
10271,7444844742665473280
10272,7444700113634692406
10273,7444758065389243674
10274,7444677380402138403
10275,7444844184332209434
10276,7444801870553435402
10277,7444869071398554932
10278,7444931936478416187
10279,7444714192105524532
10280,7444738075411877147
10281,7444666261117717823
10282,7444978481865215244
10283,7445293382932516146
10284,7445142848137219366
10285,7445121947450510611
10286,7445127969535724857
10287,7445017579682270521
10288,7445196828632501504
10289,7444968686760283442
10290,7445215300162833721
10291,7444963378725915962
10292,7445197778441014563
10293,7445127303807372602
10294,7445286400968183080
10295,7444208623028358454
10296,7444207561424850214
10297,7444203440084946214
10298,7444213003139943730
10299,7444210737242787081
10300,7444210563577613579
10301,7444215263387503872
10302,7444208889672830246
10303,7444214504453311744
10304,7444210744163454217
10305,7444210915337112868
10306,7444211834560974140
10307,7444212115092655412
10308,7444205879790046518
10309,7444206332518911290
10310,7444211315339513151
10311,7444211389629009212
10312,7444214091691887908
10313,7444208225299303732
10314,7444215840930696499
10315,7444186128304868620
10316,7444363372071537935
10317,7444419097233771813
10318,7444246798060752182
10319,7444361388698389814
10320,7444226635856973066
10321,7444557130046164265
10322,7444215675549240612
10323,7444271268465102143
10324,7444225006898351398
10325,7444377722698108171
10326,7444228817394093369
10327,7444232986423332115
10328,7444216108661493049
10329,7444267353975573817
10330,7444391490287111474
10331,7444210908185808185
10332,7444227947231284516
10333,7444322950238539035
10334,7444220960326192394
10335,7444232196925164826
10336,7444217901969722635
10337,7444218016331533626
10338,7444423358382460179
10339,7444220239727922484
10340,7444237975979904265
10341,7444393025834356018
10342,7444277364395199794
10343,7444323744534760713
10344,7444220787193695540
10345,7444351836280180031
10346,7444215978541518089
10347,7444376584770817340
10348,7444580481754025251
10349,7444234242499808566
10350,7444313961664761146
10351,7444218249232878858
10352,7444812223349820709
10353,7444744773174414644
10354,7444910444164189491
10355,7444704258013924627
10356,7444714279959366953
10357,7444881713454419250
10358,7444740486163696907
10359,7444617408163220799
10360,7444781582449184063
10361,7444693856576146745
10362,7444591905825967419
10363,7444671665901997370
10364,7444477649306520832
10365,7444716893807693116
10366,7445313572604759353
10367,7445276823354690876
10368,7445090978496613658
10369,7445039845203791140
10370,7445257757827091766
10371,7445263440974744843
10372,7445547806397386024
10373,7445523643255377164
10374,7445474933884423443
10375,7445483990854733097
10376,7445471382416215331
10377,7445512635770064165
10378,7445505610537307411
10379,7445597728693947674
10380,7445478050973699385
10381,7445472114439900479
10382,7445484172325555466
10383,7445492136549649701
10384,7445495861326531890
10385,7445479623372360996
10386,7445508621045157158
10387,7445482770513644841
10388,7445497158578572598
10389,7445491747314027802
10390,7445335854307872039
10391,7445500002408860991
10392,7445495803872890138
10393,7445489197336612122
10394,7445537283417197883
10395,7445293708666211594
10396,7445506366862576915
10397,7445483526251613481
10398,7445475572811140393
10399,7445476594652613939
10400,7445549408059428137
10401,7445476412149992744
10402,7445688340394806528
10403,7445599907546778918
10404,7445484490362817819
10405,7445610990999325961
10406,7445582049991298338
10407,7445503351166438694
10408,7445472092100857142
10409,7445271109999578380
10410,7445494937031839003
10411,7445614202607111433
10412,7445590792959282473
10413,7445495803889585434
10414,7445482943813864731
10415,7445477588065209626
10416,7445541970887331130
10417,7445520597100121396
10418,7445476157719317798
10419,7445570989234195766
10420,7445569898249571636
10421,7445501657586076985
10422,7445507605096647948
10423,7445484621711576357
10424,7445336993715752227
10425,7445510620188871951
10426,7445422846878256419
10427,7445592680291126585
10428,7445515278676495616
10429,7445560731048643855
10430,7445677636958833955
10431,7445508996917759268
10432,7445485761979272489
10433,7445583125628980543
10434,7445610189983730985
10435,7445567529746976057
10436,7445608864831081740
10437,7445491661955796263
10438,7445503364005104959
10439,7445519866653609256
10440,7445505928251706663
10441,7445500481566248249
10442,7445523662624607500
10443,7445340700184448296
10444,7445519947024895284
10445,7445464262945901861
10446,7445643082206383418
10447,7445574041404067132
10448,7445969084967046434
10449,7445976171021405500
10450,7445834643158338867
10451,7445866338876198170
10452,7445961791860919604
10453,7445847193115790642
10454,7445983615739038986
10455,7445937375986961703
10456,7445901901029215542
10457,7445856732795981094
10458,7445891672971529522
10459,7445862818634534196
10460,7445887687002721594
10461,7445882494219472163
10462,7445757724362640675
10463,7445271354703760694
10464,7445919219897650459
10465,7445832162978336038
10466,7445956021337459987
10467,7445773733245111604
10468,7445888996569369871
10469,7445970850748058899
10470,7445803320846994723
10471,7445862656008817947
10472,7445760126478224677
10473,7445793451595107622
10474,7445993002964667663
10475,7445842933237976354
10476,7445857093342498108
10477,7445871309034163496
10478,7445829541605412122
10479,7446364375633480972
10480,7446376220209564987
10481,7446174694513954057
10482,7446225110840724751
10483,7446150715795426618
10484,7446233071239564594
10485,7446235230861675834
10486,7446388823044394291
10487,7446427408065891596
10488,7446143037757066556
10489,7446796786280221987
10490,7446561736024395049
10491,7446574664857505075
10492,7445833221629103379
10493,7446507495729728828
10494,7446547166631431434
10495,7446615630188416265
10496,7446468375846456614
10497,7446599409804053817
10498,7446771605616741642
10499,7446580923694435635
10500,7446672543076945162
10501,7446912570281299257
10502,7446988417101090086
10503,7447018389475790134
10504,7446973440277384459
10505,7447015282624728374
10506,7447058893907184953
10507,7447260306117643520
10508,7447297249853394239
10509,7447300623378222372
10510,7447373971328093499
10511,7447365295410302247
10512,7447300555527015718
10513,7447500021064404263
10514,7447520294161386761
10515,7447496612227616027
10516,7447495820909284620
10517,7439923909073341733
10518,7443991544572464410
10519,7443964518511774987
10520,7443980087420063030
10521,7444013451707469067
10522,7444002949585587475
10523,7444039526936251657
10524,7444006323701746998
10525,7444004892064189734
10526,7444174752731680027
10527,7444031237611736378
10528,7444160734159719743
10529,7444178567505661223
10530,7444087550131719450
10531,7444172236761648435
10532,7444207550028909836
10533,7443998725241982268
10534,7444074646099512630
10535,7444032797037153594
10536,7444004389938859314
10537,7444001814699167028
10538,7444213792273157426
10539,7444147501147360563
10540,7444048935154486586
10541,7444113010802642210
10542,7444517670973738292
10543,7444387872007867658
10544,7444508985056660793
10545,7444335666307157284
10546,7444399802164595979
10547,7444354686230088997
10548,7444580437571210555
10549,7444391698030955787
10550,7444484478401121593
10551,7444383415870197001
10552,7444533425786113337
10553,7444224325827251467
10554,7444365849231674663
10555,7444261969848290611
10556,7444402868452363531
10557,7444438326536375587
10558,7444324450004258106
10559,7444517935311293706
10560,7444306710950333708
10561,7444505926847008058
10562,7444566466139131176
10563,7444528737057639720
10564,7444359705952013605
10565,7444409098763898149
10566,7444464873985084683
10567,7444226115222261032
10568,7444339518959865148
10569,7444317283150761257
10570,7444327973920017704
10571,7444882385696558394
10572,7444855611621215503
10573,7444798859047357756
10574,7444663838361816355
10575,7444705048237575462
10576,7444693708533992738
10577,7444678615784000828
10578,7444746414590037267
10579,7444766720037801253
10580,7444740073930657076
10581,7444744050529373452
10582,7445238368419597604
10583,7445078375527468348
10584,7445043092824018227
10585,7445108244462292261
10586,7445504532953533747
10587,7445504725048511795
10588,7445514679608249658
10589,7445653320787692810
10590,7446015519704042778
10591,7445742555381255451
10592,7446169210813680935
10593,7444800539566574888
10594,7439315478100577546
10595,7439312492699979062
10596,7439253685298793782
10597,7439717942587084092
10598,7439598215097339171
10599,7440010133620411663
10600,7440109534078618889
10601,7440097306143231266
10602,7439947863938960681
10603,7440025457988275456
10604,7440412320234310966
10605,7440476792550444339
10606,7440265716739099964
10607,7440393918853696778
10608,7440641030422056226
10609,7441153204202523942
10610,7441561249642515746
10611,7441492130582777126
10612,7441879879051676943
10613,7441897780383157554
10614,7441934532019899707
10615,7441789419973037352
10616,7441794708336086324
10617,7441787746915585339
10618,7442227852977753403
10619,7442290083425717516
10620,7442273668446653754
10621,7442273681566436617
10622,7442179701969341706
10623,7442607010908097830
10624,7442554059543842087
10625,7442633185361513779
10626,7442628801558859058
10627,7442989730205125948
10628,7442895195806502195
10629,7442878017908575499
10630,7442970247109332264
10631,7443029614252838204
10632,7442782339052129586
10633,7442944954403491132
10634,7442858894004620596
10635,7442850259031575820
10636,7442908584851164474
10637,7442910169283038490
10638,7442881393345957146
10639,7442874943907384636
10640,7442851032218045748
10641,7442858962879384883
10642,7442935193867963683
10643,7442837543386647845
10644,7442866745175510282
10645,7442971533103877436
10646,7442847508876873020
10647,7442864453856562489
10648,7442953816288316710
10649,7442847337208220991
10650,7442849232245001498
10651,7442865483948313908
10652,7442831105717275939
10653,7442839165428894991
10654,7442855735039380751
10655,7442769422734871871
10656,7443237033457274139
10657,7443244732043545856
10658,7443399671957048626
10659,7443243514596511035
10660,7443367435740220726
10661,7443260947411520826
10662,7443222740468862268
10663,7443215739911261440
10664,7443201559887908108
10665,7443232570504006970
10666,7443275470495354127
10667,7443247294926949690
10668,7443202455078243594
10669,7441943810638138662
10670,7443228333803834662
10671,7443316821438123321
10672,7443213930912156963
10673,7443226662688312616
10674,7443237578721053979
10675,7443768124610055439
10676,7443733818546162944
10677,7443806952389463348
10678,7443806256021638439
10679,7443804638295428393
10680,7443809355327147298
10681,7443804237777161529
10682,7443790199718563131
10683,7443792213114490171
10684,7443666275475279139
10685,7443797791140302091
10686,7443825537790774579
10687,7443826065958554906
10688,7443799796093177122
10689,7443817433191812378
10690,7443814545610657063
10691,7443830070944255284
10692,7443733442740735251
10693,7443826259081186619
10694,7443792147637161267
10695,7443711905652428073
10696,7443725492995247398
10697,7443803709391375626
10698,7443723254277180684
10699,7443796011820043546
10700,7443803180678352165
10701,7443767142190796041
10702,7444113458473225523
10703,7444008120134667578
10704,7444005175179726091
10705,7444107468650581288
10706,7444044476718255372
10707,7444111515398966547
10708,7444053572548971776
10709,7444077205564443931
10710,7443934250748939570
10711,7443955850697297209
10712,7444021116944911657
10713,7444077111691742502
10714,7444081031075892514
10715,7444132863286594816
10716,7444094834274585916
10717,7444159951695613236
10718,7444027050333162791
10719,7443879579850165563
10720,7443988772988964153
10721,7443966752679054627
10722,7443982425476189492
10723,7443968334086868284
10724,7444190618944933132
10725,7443857856861932859
10726,7443857917998058762
10727,7444106078054321434
10728,7444025403498319158
10729,7444113064183598377
10730,7444003380822838528
10731,7444125793149521190
10732,7444043036809579816
10733,7444148496824913212
10734,7443856188493581583
10735,7444090537419787556
10736,7444063919146011963
10737,7444140671557963068
10738,7444141649292283188
10739,7443962304120540451
10740,7444152174139018506
10741,7443861255393119522
10742,7444023633392962866
10743,7443974041985207610
10744,7444079893962329385
10745,7444128437482179877
10746,7444185307467091219
10747,7444007094740667705
10748,7443915291681246479
10749,7443855973350952244
10750,7444112150366407986
10751,7444122580409191714
10752,7444158213978656035
10753,7444015891869666595
10754,7444120756952288562
10755,7443956732109409586
10756,7444150031428504891
10757,7444079726160923916
10758,7444070366185524531
10759,7444062972630142260
10760,7444092735012883751
10761,7444133945043619112
10762,7444185905142713640
10763,7444098621743598899
10764,7443946672020835641
10765,7444523972575710502
10766,7444443856420064539
10767,7444474857326202149
10768,7444334100812500265
10769,7444387992086629642
10770,7444366947086617856
10771,7444384302114114842
10772,7444546205415148857
10773,7444484075978624294
10774,7444544086389886243
10775,7444544445304884491
10776,7444424634365119756
10777,7444435247397227815
10778,7444507591947963688
10779,7444386368169544969
10780,7444349079221505289
10781,7444499111287557410
10782,7444332754713480506
10783,7444492826643008787
10784,7444677754664095016
10785,7444760448865455375
10786,7444767710656875776
10787,7444760732316552467
10788,7444891189389692218
10789,7444793994552413478
10790,7444715033914871066
10791,7444719366278614335
10792,7444918344303660298
10793,7444808086096743691
10794,7444927210772860186
10795,7444766692204449033
10796,7444796757877247291
10797,7444815194984828211
10798,7444800901820255542
10799,7445252074142518568
10800,7445181300199132468
10801,7445295779616541979
10802,7445299658223570211
10803,7445265579621010724
10804,7445274629691690297
10805,7445248234307538212
10806,7445472960317590819
10807,7445488498938924323
10808,7445517469491547392
10809,7445645345226247462
10810,7445618133727038755
10811,7445625279986289977
10812,7445576525535104282
10813,7445329582695140618
10814,7445950005099121983
10815,7445726653059173689
10816,7446052586047802687
10817,7446041767251610943
10818,7445769760190631222
10819,7445817117561163066
10820,7445883544343268620
10821,7446020315261504804
10822,7445806589757525263
10823,7445317890703740194
10824,7446211959315336511
10825,7446159896686513418
10826,7446431944084114751
10827,7446226497909624101
10828,7446330031502019859
10829,7446202625285950720
10830,7446221071738473787
10831,7446211393021316403
10832,7446373565470952762
10833,7446790878338878758
10834,7446623706731842826
10835,7446718360219290940
10836,7446612594661641483
10837,7446558801236397353
10838,7446605151630003508
10839,7446782573621251385
10840,7446734031586118952
10841,7446665709750373695
10842,7446734073814322472
10843,7446729383563365682
10844,7447124253360573722
10845,7447083814813224202
10846,7447175642841468195
10847,7447066528656248098
10848,7447116665801723194
10849,7447016614169447707
10850,7446953740885691711
10851,7446990095737031973
10852,7447008066945568050
10853,7447459396885466409
10854,7447390875614842172
10855,7447434711934176570
10856,7447351910794939698
10857,7447500738051312946
10858,7447464714004614440
10859,7447329158499224890
10860,7439296899158412553
10861,7439564856564387082
10862,7439747507405524274
10863,7439540862348004645
10864,7439699484914879785
10865,7440121866418687269
10866,7439866529572719935
10867,7439955028560989450
10868,7440105408020172058
10869,7440081133590662419
10870,7439886190314016037
10871,7439899633419078966
10872,7439912726245297466
10873,7440224395097804092
10874,7440420660146457894
10875,7440248053988117794
10876,7440499981041159435
10877,7440312093804367116
10878,7440124788988792100
10879,7440417130413149480
10880,7440274631149243708
10881,7440745369803214090
10882,7440623675260325172
10883,7440664292631842067
10884,7440591665972268348
10885,7440745840366357786
10886,7440545588543819008
10887,7441223417023450420
10888,7441007338103885075
10889,7440971796658130235
10890,7441543574665170212
10891,7441454256500100390
10892,7441565448761511179
10893,7441526582906309900
10894,7441535309780634915
10895,7441696605046148371
10896,7441889194252799242
10897,7441701185188351258
10898,7441846995460820258
10899,7442307059351145786
10900,7442245743726841122
10901,7442372286599925001
10902,7442467532272864512
10903,7442595603160354100
10904,7443284155925826825
10905,7443284360398228746
10906,7443266703636712764
10907,7443278626461601076
10908,7443589090001440034
10909,7443802074711723324
10910,7443715622711659816
10911,7444073009318595866
10912,7444095716269542707
10913,7444106966277967167
10914,7444205371654196515
10915,7444143889189063999
10916,7444135909446061351
10917,7444065825100795177
10918,7444093994151284025
10919,7444039620532227366
10920,7444197227876060450
10921,7444115859846466857
10922,7444087863957835017
10923,7444156521253997876
10924,7444113941053164857
10925,7444227600060304655
10926,7444308884514196793
10927,7444296951840951562
10928,7444220119334653211
10929,7444343568552021307
10930,7444316234876767546
10931,7444105322639215907
10932,7444401024443403556
10933,7444355669823638824
10934,7444499692559371579
10935,7444730870344191290
10936,7444675457699597619
10937,7444735622423514426
10938,7444921214025420058
10939,7444799343661567292
10940,7444929411339636028
10941,7444921283495693579
10942,7444856783950089481
10943,7444593620944031016
10944,7444731859281448207
10945,7444684089623366975
10946,7444594519548366107
10947,7444869074972069155
10948,7444680729344134409
10949,7445320266089106727
10950,7445291448490036537
10951,7445152679355108647
10952,7445196098857159972
10953,7445225251753069839
10954,7445602640597208335
10955,7445642669042306364
10956,7445539753052622106
10957,7445646990676954426
10958,7445484060324924730
10959,7446067975297256761
10960,7445798086594645307
10961,7445869068524981516
10962,7445849801675017532
10963,7445861104326118713
10964,7445932350061530422
10965,7445942139810254114
10966,7446432206139985163
10967,7446236575006084379
10968,7446232773444128019
10969,7446385601844088118
10970,7446337668612492585
10971,7446127103193402634
10972,7446253191215271202
10973,7446663593631747354
10974,7446564623186283795
10975,7445972230825151796
10976,7446571277059378482
10977,7446692870125309242
10978,7446643578639519015
10979,7447125767949012263
10980,7447144798852566324
10981,7446995502316457268
10982,7447017127577505033
10983,7446805073801317667
10984,7447122367429479720
10985,7447491928238722367
10986,7447443727032814874
10987,7444005700751068435
10988,7444150170301844772
10989,7444462859288890660
10990,7444384680343817535
10991,7444331602173283636
10992,7444760242627448104
10993,7444867678428335420
10994,7444862059830988047
10995,7444768201562443008
10996,7444913090828766504
10997,7444693704452984114
10998,7445279835628277050
10999,7444853627702807858
11000,7445504652558241083
11001,7446799355757022504
11002,7446682027996237067
11003,7447093050993626404
11004,7447133176872389903
11005,7444452761455971596
11006,7444475765497793833
11007,7444453600836750643
11008,7444576953941626152
11009,7444477559330458914
11010,7444468899933998336
11011,7444500510054386953
11012,7444511626113469732
11013,7444471539153636667
11014,7444528995544091967
11015,7444517781577551143
11016,7444539177334525244
11017,7444464488373341466
11018,7444458030676167974
11019,7444469474666876212
11020,7444480167264800011
11021,7444463312890268938
11022,7444454771257314614
11023,7444472116558302474
11024,7444479010026835212
11025,7444458838734015779
11026,7444464162060700991
11027,7444453929540177152
11028,7444455404483906850
11029,7444454214383701288
11030,7444502136689315110
11031,7444457547634871567
11032,7444463917620940066
11033,7444455531315465522
11034,7444462700547132710
11035,7444466061128305983
11036,7444746151363972406
11037,7444568375897951540
11038,7444566536905428282
11039,7444813634414398779
11040,7444897781631765820
11041,7444757537527827721
11042,7444554389341195559
11043,7444559946395454730
11044,7444534271584275727
11045,7444553874008001819
11046,7444558975313415433
11047,7444573916263238975
11048,7444568665015504166
11049,7444567848321649972
11050,7444583358136372519
11051,7444869216534105379
11052,7444762176075615497
11053,7444766757903944979
11054,7444806021924621625
11055,7444764507634683174
11056,7444821414613437706
11057,7444466025606679842
11058,7444521448514899260
11059,7444488756054330663
11060,7444522918404558116
11061,7444432560630795560
11062,7444441978584009984
11063,7444437276010024252
11064,7444553789870230841
11065,7444710070304181544
11066,7444680900522118458
11067,7444715329852378425
11068,7444765800919076106
11069,7444736584131317004
11070,7444675557633035580
11071,7444828138556771635
11072,7444709569583975717
11073,7444839864606002466
11074,7444771332631334185
11075,7444570464854330683
11076,7444449511784598811
11077,7444523789737610555
11078,7444514770251746600
11079,7444525352480820491
11080,7444486087097027881
11081,7444419057400565007
11082,7444545536385977636
11083,7444452875427695922
11084,7444408364462902578
11085,7444481122802683147
11086,7444416053578419506
11087,7444546884737191206
11088,7444500987202620713
11089,7444455246639779110
11090,7444491922749541632
11091,7444520372487097612
11092,7444886422214987047
11093,7444891399910198586
11094,7444886614028963132
11095,7444835273139031323
11096,7444752971855842620
11097,7444831483606437129
11098,7444859540681657627
11099,7444923764644646179
11100,7444802390177418523
11101,7444636317218065700
11102,7444707838586260777
11103,7444605559912877372
11104,7444821656872176950
11105,7444774867213290793
11106,7444893479009865012
11107,7444827892913163557
11108,7444722633754627382
11109,7444726924674469178
11110,7444873648722152754
11111,7445294801781607692
11112,7445295069847948579
11113,7445124244654001427
11114,7445157757453372726
11115,7445137144085105955
11116,7445227277966691643
11117,7445054154986278154
11118,7445200701019475212
11119,7445277673359674684
11120,7445461523801066779
11121,7445687147622845756
11122,7445458442896051513
11123,7445600914443930943
11124,7445656166966824255
11125,7445584027349798202
11126,7446370231238397234
11127,7446334238594452748
11128,7446196949713177895
11129,7446693646151339299
11130,7447048822963883298
11131,7446965341508390201
11132,7447720412735098172
11133,7447789051102481664
11134,7444777660225457447
11135,7444493821372681506
11136,7444564819992169780
11137,7444473678315752740
11138,7444470866525605135
11139,7444901354360819003
11140,7444809288259767587
11141,7444686161194323260
11142,7444686219264494905
11143,7444837922475396410
11144,7444719484398505231
11145,7444909927061081402
11146,7444719857741958438
11147,7444866783552474418
11148,7444694929168780563
11149,7444735673380244796
11150,7444748287179115830
11151,7444700093061664052
11152,7444751803662617893
11153,7444699270705433856
11154,7444697882877365554
11155,7444697452592123163
11156,7444749301978533155
11157,7444741604209921280
11158,7444739748133948724
11159,7444886729498070329
11160,7444746948877307174
11161,7444684206833225019
11162,7444748189074345228
11163,7444747940402302246
11164,7445075789357387060
11165,7445296298921594121
11166,7445363291171474740
11167,7445426906234637602
11168,7445601374219423028
11169,7445341069870517504
11170,7445916484443933992
11171,7445576776341884200
11172,7445831131036978489
11173,7445763943672417596
11174,7446403425178242344
11175,7446394012786904329
11176,7446486299328007474
11177,7447147793346546970
11178,7447359649520569639
11179,7447834869129874747
11180,7444481573409328421
11181,7444439199517887796
11182,7444465705489026315
11183,7444434316647517479
11184,7444497755634027812
11185,7444429365942734130
11186,7444505219313995066
11187,7444479562207071500
11188,7444549070221348107
11189,7444507148081515834
11190,7444778103043312959
11191,7444713277688433929
11192,7444834787258420518
11193,7444721698110229787
11194,7444769741916474633
11195,7444721380068822323
11196,7444755767611247909
11197,7444772657498688820
11198,7444718764261674290
11199,7444788130240056610
11200,7444893479735414026
11201,7444877558237121849
11202,7444661234118561084
11203,7444853840987295017
11204,7444731001118444819
11205,7444388716329684278
11206,7444555381424065811
11207,7444581306144443707
11208,7444453880160652602
11209,7444392496123202854
11210,7444537835845192994
11211,7444438169602280745
11212,7444443158726872380
11213,7444829802952969472
11214,7444694796494556474
11215,7444662444791762212
11216,7444722371027569930
11217,7445094854201298176
11218,7444830720398347554
11219,7445151482334203170
11220,7445300348434058537
11221,7445141483511909690
11222,7445090901673659705
11223,7445134696436010278
11224,7445160142536035618
11225,7445604714034515219
11226,7445665755980500259
11227,7445584949333282058
11228,7445612967707626786
11229,7445648061034024226
11230,7445648173588040972
11231,7445648447610359076
11232,7445588613728865590
11233,7445679353683332352
11234,7445601044530269499
11235,7445458387682331945
11236,7445647271951076642
11237,7445474175759813888
11238,7445648280295329063
11239,7445658231520775461
11240,7445645377337937171
11241,7445646696048020774
11242,7445594772003212544
11243,7445587549550054692
11244,7445648033078988086
11245,7445663591446875442
11246,7445587033877220667
11247,7445595891219631394
11248,7445595613346958592
11249,7445648213958249767
11250,7445618754634911010
11251,7445648754486594868
11252,7445649430998486299
11253,7445587509179895079
11254,7445649599982816512
11255,7445648453171957029
11256,7445661699270642998
11257,7445576920357473576
11258,7445648808043760905
11259,7445659343489404214
11260,7445448842226453770
11261,7445659577888083238
11262,7445673996647025929
11263,7445647308076682523
11264,7445684438614265147
11265,7445681775004749071
11266,7445663007616634175
11267,7445623873464175911
11268,7445668337364880681
11269,7445609305597938984
11270,7445647003461193018
11271,7445648038321802553
11272,7445679822283541819
11273,7445602212216130866
11274,7445651463071730985
11275,7445648507253345547
11276,7445649713614966035
11277,7445676842780020006
11278,7445655867787054370
11279,7445486253664980236
11280,7445649868049124666
11281,7445523223107636495
11282,7445658794752789801
11283,7445662132164775177
11284,7445587735592602880
11285,7445649571587362048
11286,7445653726729162044
11287,7445646684824161551
11288,7445523888097824027
11289,7445600719043857690
11290,7445647768284073266
11291,7445658317382372659
11292,7445657694477782329
11293,7445683609219910946
11294,7445658267193232690
11295,7445649001619246394
11296,7445491341884165433
11297,7445896901427334436
11298,7445984211619679526
11299,7445917596437744947
11300,7445917609557609737
11301,7445902526211198259
11302,7445902139567672603
11303,7446030458841812234
11304,7445229559215148298
11305,7445815215536508198
11306,7445824901786701115
11307,7445793957285596450
11308,7445785155714714895
11309,7445939584556387599
11310,7445897406333324563
11311,7445884519913131322
11312,7445910399020502330
11313,7445918881128009020
11314,7445708266585197883
11315,7445808191960632603
11316,7446067298110098748
11317,7445934190362627387
11318,7445700153085791548
11319,7445816186304023867
11320,7445798107259915580
11321,7445700163672345890
11322,7445808426237627685
11323,7445940205095259392
11324,7446004521324514597
11325,7446138525843574026
11326,7446168526831865145
11327,7446086587005340988
11328,7446378938512706875
11329,7446714702249381120
11330,7446690779667402024
11331,7446760977640590633
11332,7446370579495587106
11333,7447057704335576335
11334,7447060070392679689
11335,7447144689238592802
11336,7446903951359872310
11337,7447104090380717371
11338,7446715460164259087
11339,7447122892443208998
11340,7446931515969244479
11341,7447033313945980171
11342,7447161918084697385
11343,7447391925281262874
11344,7447470719958617356
11345,7447493477794991396
11346,7447461105049275698
11347,7447348373759200550
11348,7447433916694187301
11349,7447526109069004090
11350,7447459092177702196
11351,7447479812320546098
11352,7447322129957227834
11353,7447517611564338442
11354,7447468194660371722
11355,7447354962314546492
11356,7447316005912661284
11357,7447462029520031036
11358,7447825095659195706
11359,7447570979338947880
11360,7447917202747018554
11361,7447881335923887369
11362,7447821678446513448
11363,7447674137104960807
11364,7447773815112846601
11365,7447767922757340475
11366,7447798283449224511
11367,7444523494005673235
11368,7444488475363003659
11369,7444456401595829562
11370,7444375719024643328
11371,7444435059924340031
11372,7444385827297185064
11373,7444396945537305865
11374,7444533190011768091
11375,7444737130204630298
11376,7444865684670123273
11377,7444724619627580712
11378,7444892479050009907
11379,7444803848440466688
11380,7444838227103485195
11381,7444776677462330682
11382,7444882551505816890
11383,7444777610451635491
11384,7444870432341216512
11385,7444783852058398015
11386,7444721731136195866
11387,7445161787181354277
11388,7444960295656770828
11389,7445075211214507304
11390,7445244555563126057
11391,7445074709789576506
11392,7445167239449316668
11393,7445091295191682323
11394,7445090389960183052
11395,7445095977708424502
11396,7445090157151210803
11397,7445094627184626996
11398,7445188948600638746
11399,7445088439827041599
11400,7445127402197486900
11401,7445223851958603048
11402,7445088918497742114
11403,7445162381870714169
11404,7445087456900238632
11405,7445094269125217563
11406,7445096157618900224
11407,7445086980997762356
11408,7445095315847384339
11409,7445167024025636132
11410,7445088653652626724
11411,7445088582273944847
11412,7445096139902160178
11413,7445091521835191586
11414,7445092008714177830
11415,7445092110912572687
11416,7445129427798854923
11417,7445290443387981091
11418,7445089062861409555
11419,7445637914723126562
11420,7445590010067242277
11421,7445617293708545306
11422,7445588001347915048
11423,7445579921159703868
11424,7445615801681464586
11425,7445654856838237449
11426,7445631292835630395
11427,7445566495641455930
11428,7445482217725267259
11429,7445600004024126777
11430,7445593490118987046
11431,7445656621654494523
11432,7445641073193569545
11433,7445621919858134282
11434,7445659235116961083
11435,7445599258327125274
11436,7445665170384309539
11437,7445603800041245962
11438,7445598643354144052
11439,7445652844054580514
11440,7445342035919375667
11441,7445571271464734003
11442,7445632625823305019
11443,7445910692814769419
11444,7446046052353920266
11445,7445706180124511525
11446,7446030393708383547
11447,7445869516648697142
11448,7446038100276481338
11449,7445706708439043387
11450,7445734735994785064
11451,7445735605381778745
11452,7445976783490387239
11453,7445940455210110223
11454,7445881162423078203
11455,7445711861820951834
11456,7446025330885758267
11457,7445846809211096372
11458,7445832959543807247
11459,7446012183504244008
11460,7445891475084234047
11461,7445872089350901042
11462,7446348927324015887
11463,7446233399498493222
11464,7446242401556974867
11465,7446330577780804916
11466,7446319365105962249
11467,7446369061090430246
11468,7446259386990759227
11469,7446184950832909605
11470,7446251934144613689
11471,7446317648851340578
11472,7446164997744381203
11473,7446316513625115913
11474,7446336445549268284
11475,7446285392812346663
11476,7446737104228371750
11477,7446674668825677114
11478,7446673291101703474
11479,7446621236907609382
11480,7446704952745020723
11481,7446706052948593920
11482,7446896903863684412
11483,7447013208616946970
11484,7447126941687237929
11485,7447152488764984635
11486,7447477109343243530
11487,7447370592690425139
11488,7447382499598159140
11489,7447451160610377001
11490,7447538439379111209
11491,7447504556704927028
11492,7447452291235335478
11493,7447845416642678066
11494,7447818002042490149
11495,7447892086109605139
11496,7443000016274296079
11497,7443252389718674723
11498,7443695090373053705
11499,7443830234652101888
11500,7443828317465152803
11501,7444491820727422271
11502,7444585953231949067
11503,7444584862369041698
11504,7444275098418285865
11505,7444578475991731507
11506,7444581012694191423
11507,7444255454051519778
11508,7444284906395553061
11509,7444598498571422986
11510,7444741711332429116
11511,7444661923683093779
11512,7444884381505834266
11513,7444962138453478690
11514,7445113467608042792
11515,7445114525851913526
11516,7445054204395162921
11517,7445210832188804363
11518,7445139133217000745
11519,7445124179407424795
11520,7445056480111381820
11521,7445118767404731682
11522,7445598362289573135
11523,7445651567627308288
11524,7445575781088021770
11525,7445597312388222267
11526,7445519589737336102
11527,7445531293145746725
11528,7445522493089090854
11529,7445479390017850676
11530,7445585899376708923
11531,7445865751308717347
11532,7445596603399818534
11533,7445840568648846651
11534,7446052699268779323
11535,7445852668456684840
11536,7446290674221206823
11537,7446366318183451962
11538,7446367205941333308
11539,7446399337262878015
11540,7446244084374637878
11541,7446355856427453755
11542,7446178596038692105
11543,7446321952593169700
11544,7446308094960815370
11545,7446327533265636668
11546,7446293628990803238
11547,7446223531471375676
11548,7446174026008907023
11549,7446408040628243731
11550,7446248222730882364
11551,7446583102257794361
11552,7446791539491163444
11553,7446784999589743883
11554,7446764672625200399
11555,7446660993742130447
11556,7446756347451821348
11557,7446702737867263273
11558,7446623910155636027
11559,7446774797050187045
11560,7446673913393827098
11561,7446566004479528251
11562,7447046690529496357
11563,7447154619383287075
11564,7447030613648887040
11565,7447042089268808970
11566,7447057065714994491
11567,7447052122576735497
11568,7447027612674690344
11569,7447039932062879010
11570,7447026769527360822
11571,7447064262050073856
11572,7447106770478091577
11573,7447026185927707931
11574,7447084371313544500
11575,7447053543191710995
11576,7447054031727398163
11577,7447053617346989324
11578,7447097172434111779
11579,7447125354046639394
11580,7447140603592199450
11581,7447175866393578752
11582,7447154929501769019
11583,7447146774499708196
11584,7447118702450920713
11585,7447087083182656783
11586,7447107016641809675
11587,7447039023081639195
11588,7447164184845978934
11589,7447151065402756361
11590,7447420870290689316
11591,7447186452762365220
11592,7447330205632335138
11593,7447329651816451379
11594,7447322650508021004
11595,7447343420877671680
11596,7447313449366883641
11597,7447225027558247692
11598,7447198186256469308
11599,7447326551986703635
11600,7447189555222039865
11601,7447431753481948479
11602,7447348631490923836
11603,7447359654516034870
11604,7447486720653757756
11605,7447385024153832719
11606,7444815062130314515
11607,7444736303045905691
11608,7444787827990170895
11609,7444717786808569126
11610,7444766098798415115
11611,7444749533256486184
11612,7445116736367643904
11613,7445015244767776057
11614,7445056798727441721
11615,7445217277621898559
11616,7445558265108335923
11617,7446979450618612992
11618,7443394380045520186
11619,7444871114599255333
11620,7444868104938671395
11621,7442224662597209378
11622,7442703319992175910
11623,7443218900080151845
11624,7443271326267165989
11625,7444156866034142499
11626,7444842938779143482
11627,7444866991812365587
11628,7444676022924037426
11629,7444875406542490939
11630,7444916107883941154
11631,7444839101561359643
11632,7444920728547314978
11633,7444873430152891648
11634,7444834387683839269
11635,7444860363625057573
11636,7444865721387011388
11637,7445105737971354937
11638,7445157665581452585
11639,7445099102955736355
11640,7445138574363626763
11641,7444960688193178899
11642,7444963681135250715
11643,7445101379703639334
11644,7445111982446939429
11645,7445247955336088867
11646,7445239646956637479
11647,7445131486723837242
11648,7445130538093972751
11649,7445226038872821044
11650,7445075368106642745
11651,7445053641079196987
11652,7445251815198739722
11653,7445114993009282304
11654,7445293635421097254
11655,7445583433251818803
11656,7445570290853088521
11657,7445337433706695996
11658,7445807446142111011
11659,7445853736745930041
11660,7446979877934353714
11661,7447314012573846834
11662,7447465278805445939
11663,7447392844769185075
11664,7447519505426697491
11665,7447344079110753576
11666,7447478237543796008
11667,7447734747968752908
11668,7447847322567953676
11669,7447834832689728802
11670,7444843962399083786
11671,7444836178253090098
11672,7444947662136282408
11673,7444770854984076582
11674,7444795378332994816
11675,7444766849176177947
11676,7444943648002755903
11677,7444869633162726715
11678,7444077184840420634
11679,7444809186333953332
11680,7444941423197130023
11681,7444803522698218761
11682,7444819140495428924
11683,7444768147028200719
11684,7444883264982043958
11685,7444920771073396002
11686,7444863133014871323
11687,7444875146877259060
11688,7444838596340763958
11689,7444764645564386587
11690,7444896383523360059
11691,7444763387910769930
11692,7444903391429512483
11693,7444849024802376995
11694,7444883876738010426
11695,7444873138120215866
11696,7444807109901847817
11697,7444826884958866727
11698,7444856305321381183
11699,7444843068861222201
11700,7444905238550547749
11701,7444839050780953893
11702,7444923138242088255
11703,7444891398744083731
11704,7444778770931698970
11705,7444893765187145017
11706,7444891629577653543
11707,7444877334215265547
11708,7444886978132331785
11709,7444814806986640697
11710,7444859500747607346
11711,7444773496426745125
11712,7445174066127899963
11713,7445057759650843942
11714,7445135636664716584
11715,7445291786320350505
11716,7445096532749094171
11717,7445136738541948160
11718,7445263737751211318
11719,7445151505126116665
11720,7445082919376407844
11721,7445192661302086964
11722,7445141494614347042
11723,7445077046088256787
11724,7445115381997456674
11725,7445009859893824826
11726,7445177940360367394
11727,7445059599817837887
11728,7445269108817448202
11729,7445267765029539130
11730,7446331208541211961
11731,7446290068731383103
11732,7444922360056139065
11733,7446328267491069194
11734,7446250449994370319
11735,7446245146548555034
11736,7446232183431302438
11737,7446364456432520508
11738,7446337586378984745
11739,7446241406848486682
11740,7446261176524082492
11741,7446260467510660404
11742,7446265063872138507
11743,7446244168298433855
11744,7446259956376014121
11745,7446230962863639808
11746,7446232267728506147
11747,7446341017327979817
11748,7446283805045886266
11749,7446263452894629129
11750,7446240404204227898
11751,7446268333151816997
11752,7446246668682415400
11753,7446227455842553146
11754,7446289574050942220
11755,7446237124195519783
11756,7445515560621722892
11757,7445663118367231284
11758,7445497405560098086
11759,7445389065714765082
11760,7445621676982668553
11761,7445355999445142834
11762,7446281040185806095
11763,7446386969833147675
11764,7446264930212351290
11765,7446231973145660711
11766,7446232271956364598
11767,7446601226717842747
11768,7446596645778672905
11769,7446595346987257115
11770,7446579868717878579
11771,7447179046103878969
11772,7447093306774867252
11773,7447112287367859506
11774,7447110706995924284
11775,7447117713077439804
11776,7447105095835209000
11777,7447134769139240227
11778,7447034554428247322
11779,7447114217666235685
11780,7447107166214950184
11781,7447114116537273610
11782,7447303362548157708
11783,7447306718079356211
11784,7447290746081774911
11785,7447443984361819450
11786,7447658531311865146
11787,7447828692027379003
11788,7447741290889891087
11789,7447710514970365196
11790,7448230109015739705
11791,7445068572553973052
11792,7445594166312078592
11793,7446015370978282763
11794,7446221805695569152
11795,7446184849909599525
11796,7446301436394196258
11797,7446340821709802811
11798,7446389090104151354
11799,7446091098545589516
11800,7446200116987448587
11801,7446293897329888527
11802,7446686255686896948
11803,7446710217447951625
11804,7446673037254003980
11805,7446690940221181236
11806,7446676937122073883
11807,7446671088936946982
11808,7446674564169452838
11809,7446663244456004927
11810,7446663495589825826
11811,7446663112725368083
11812,7446737692844461369
11813,7446813315260632335
11814,7446671821392366888
11815,7446662926359858443
11816,7446665811332189477
11817,7446664161918012723
11818,7446680038629575970
11819,7446667862481112320
11820,7446680631662136615
11821,7446811902581214464
11822,7446748886712044815
11823,7446729345025969468
11824,7446727874247249187
11825,7446734687227137320
11826,7446802798705921340
11827,7446758271895096586
11828,7446727364043607347
11829,7446699548287831359
11830,7446699318939094330
11831,7446703721280556298
11832,7446770026415164698
11833,7446669915274153226
11834,7446666964522634508
11835,7446694479089683722
11836,7446813207735422268
11837,7446715416568679740
11838,7446745087293410596
11839,7446804263948258569
11840,7446704659735137593
11841,7446729850301205801
11842,7446679485610528052
11843,7446794466939178267
11844,7446812123709148473
11845,7446767939983789372
11846,7446739911564168483
11847,7446706525487271219
11848,7446270396933999923
11849,7446695522800340265
11850,7446656354229423420
11851,7446560453183950139
11852,7446756405530479907
11853,7446674917547871522
11854,7446652042514320699
11855,7446568672585370937
11856,7446690988380130594
11857,7446671122361290019
11858,7446723706778291519
11859,7446717161600486706
11860,7446554075170213135
11861,7447092025003969802
11862,7447015185404972347
11863,7447022181084613946
11864,7447007721150221604
11865,7446950251916774675
11866,7446949475639250216
11867,7446941375389601060
11868,7446916850731978042
11869,7446848792831233332
11870,7447406222430489856
11871,7447406259772460297
11872,7447439398766939429
11873,7447473216546802994
11874,7447452840768933129
11875,7447454121508031783
11876,7447476860474117414
11877,7447441112186228019
11878,7447437489381362944
11879,7447406631387811112
11880,7447416609607650560
11881,7447410588487011621
11882,7447417499529792804
11883,7447411489603849506
11884,7447408897985432866
11885,7447442677492141352
11886,7447483580453801225
11887,7447464369216064825
11888,7447368823927246121
11889,7447469463064137019
11890,7447499694017776911
11891,7447451590048501049
11892,7447505243560070460
11893,7447414654839672075
11894,7447445323770875186
11895,7447448923679018280
11896,7447475385559682330
11897,7447472648797342985
11898,7447419858288954674
11899,7447407737945836851
11900,7447426865003760933
11901,7447406081099320602
11902,7447435147982556470
11903,7447515031152921913
11904,7447522855610371387
11905,7447421358948011273
11906,7447412968687553849
11907,7447422904310025484
11908,7447539638673182012
11909,7447348206960201017
11910,7447479512457022760
11911,7447521730786086154
11912,7447446973872983353
11913,7447491640027008293
11914,7444523824311274793
11915,7444513529379491124
11916,7444574425632050472
11917,7444731042738588963
11918,7444707645149269260
11919,7444725272588455208
11920,7444739915918691621
11921,7444631426936425769
11922,7444710248998292795
11923,7444744543204887843
11924,7444865224533970236
11925,7444658362148506931
11926,7444809945620499731
11927,7444756984643046696
11928,7444758524120354105
11929,7444809648185560383
11930,7444588548075916559
11931,7444870844909636918
11932,7444804024034954506
11933,7444869423808171264
11934,7444570452946636089
11935,7444535275583278394
11936,7444500710567316799
11937,7444750456817061174
11938,7444715174071766307
11939,7444705750674378035
11940,7444807673821826345
11941,7444785697564806427
11942,7444725173011500327
11943,7444724012623629605
11944,7444739900450016564
11945,7444732627778653498
11946,7444762610995612928
11947,7444732969291402534
11948,7444709081694194980
11949,7444718961335323913
11950,7444737831706168612
11951,7444719797570374923
11952,7444502823519128844
11953,7444544521708391738
11954,7444594365650980147
11955,7444686102302068002
11956,7444653312940461370
11957,7444639822666353980
11958,7444956340373458234
11959,7444688738329922875
11960,7445001912522427708
11961,7445075481881300250
11962,7445134129181592883
11963,7445076099685518643
11964,7445113249718144282
11965,7445045417131216185
11966,7445273936767536384
11967,7445539980794957090
11968,7445447362589281555
11969,7445746838201814324
11970,7445805807150697791
11971,7445719876490087707
11972,7446277970987060490
11973,7446989058418461979
11974,7447501104624962875
11975,7444172873729674536
11976,7444109080064478514
11977,7444208827651689788
11978,7444137726229761318
11979,7444206093321964841
11980,7444213662233005375
11981,7444143559294340412
11982,7444128152462298428
11983,7444115279287782719
11984,7444406701601738022
11985,7444566910475324730
11986,7444324838912642338
11987,7444376819484085564
11988,7444477857792920890
11989,7444561348027010319
11990,7444446852386131260
11991,7444401546365799738
11992,7444943805318483227
11993,7444798908049427769
11994,7444926639156317477
11995,7444910186529049856
11996,7444739509528333626
11997,7444754535916047656
11998,7444868151805742393
11999,7444836723638455578
12000,7444907095679438116
12001,7444878032428403987
12002,7444909730847329551
12003,7444819500576345395
12004,7444892552462863673
12005,7444903895287024950
12006,7444920936844889355
12007,7444715604617039154
12008,7444886731536583996
12009,7444858734351895819
12010,7444868592450948411
12011,7445134186672934207
12012,7445233703191694628
12013,7445146074420907316
12014,7445148505200463145
12015,7445242031712046377
12016,7445220496154692875
12017,7445147984599239993
12018,7445111841728073012
12019,7445226148457483559
12020,7445132881602563347
12021,7445136454960876835
12022,7445200770774912307
12023,7445183228652064035
12024,7445130170043862313
12025,7445160863125785906
12026,7445135335610240307
12027,7445207253466074395
12028,7445193285162765607
12029,7445274979387723043
12030,7445133232867216655
12031,7445138884171681035
12032,7445155832045522215
12033,7445217816891886887
12034,7445301020869004559
12035,7444872433649143094
12036,7445245752391011611
12037,7445233065779072295
12038,7445189283905850639
12039,7445187763567152384
12040,7445199954953587994
12041,7445158093257837876
12042,7445326951457344825
12043,7445320790456683785
12044,7445217000332201250
12045,7445325948578303267
12046,7445439678683090230
12047,7445494988647042330
12048,7445479523572911419
12049,7445437622387772709
12050,7445557874253778227
12051,7445190200931765504
12052,7445503416383622460
12053,7445509633243974950
12054,7445545130569878835
12055,7445654168485760308
12056,7445596976780938556
12057,7445670838831009059
12058,7445613233643310345
12059,7445483510816607545
12060,7445510211705621800
12061,7445518319983054131
12062,7445573520542797066
12063,7445476022377581851
12064,7445521103679802682
12065,7445498221255789875
12066,7445547195660569890
12067,7445622175442144521
12068,7445595169640041788
12069,7445450939865058618
12070,7445428080132279592
12071,7445578950488722727
12072,7445638218147564851
12073,7445482792600767798
12074,7445553562865651001
12075,7445673800303201577
12076,7445587467501145384
12077,7445569981917498683
12078,7445450219396844835
12079,7445578471352388905
12080,7445693119883971851
12081,7445475347908382006
12082,7445412836068592954
12083,7445459736125836595
12084,7445548672693095695
12085,7445638014300146944
12086,7445458024203865344
12087,7445630446861356326
12088,7445588925336341787
12089,7445512183900802319
12090,7445461534463118601
12091,7445606203343834380
12092,7445472852570131748
12093,7445452279961931035
12094,7445600054993308980
12095,7445562059208658186
12096,7445601601965788431
12097,7445509729318604092
12098,7445627588673850663
12099,7445561820762492214
12100,7445614696398359823
12101,7445651144140999974
12102,7445683151571111207
12103,7445635249096166708
12104,7445487050737929498
12105,7445586520288808251
12106,7445540278993161512
12107,7445445510242028826
12108,7445648650987982134
12109,7445540054467923254
12110,7445422210338147644
12111,7445500220147797287
12112,7445667174305238313
12113,7446026928403893543
12114,7445818469586652435
12115,7445882802714791204
12116,7445925254414830906
12117,7445882459167690034
12118,7445862993298033970
12119,7446022168187620660
12120,7445874434528791858
12121,7445970511969979657
12122,7445793738414247205
12123,7445700536000695579
12124,7445956333167201590
12125,7445840216432086330
12126,7445903134918020412
12127,7445727089250061627
12128,7445927293223980303
12129,7445804005441162553
12130,7445832906628435200
12131,7445836630432288038
12132,7445988528615427388
12133,7445818944906071332
12134,7445806681872665893
12135,7445788767258004786
12136,7445994633311669563
12137,7445991865754684730
12138,7445873149134032128
12139,7446009844361989376
12140,7445805911513304331
12141,7445772428115987727
12142,7446361906459315491
12143,7446391937076137228
12144,7446339073234455845
12145,7446398115676015884
12146,7446284062165110074
12147,7446399089916267827
12148,7446221239057780027
12149,7446128235018030396
12150,7446291751725206824
12151,7446337493512752435
12152,7446346873574608147
12153,7446090608424275259
12154,7446385589038878004
12155,7446269910981889317
12156,7446287170513456419
12157,7446250910168173835
12158,7446376055411117352
12159,7446395064915430714
12160,7446378542335675705
12161,7446220631458237748
12162,7446240148645301558
12163,7446190696639368507
12164,7446274280666434843
12165,7446336981589675305
12166,7446240159651138851
12167,7446321039304314162
12168,7446201845137149247
12169,7446359434550365499
12170,7446265593424055567
12171,7446354251254664482
12172,7446385297711058191
12173,7446251102263069979
12174,7446196765176499513
12175,7446264510626745650
12176,7446286270424272178
12177,7446286798973619508
12178,7446211823147175204
12179,7446178182035705148
12180,7446282813281684771
12181,7446183239854673210
12182,7446149543864831232
12183,7446390680462560548
12184,7446280126339288320
12185,7446220044880710952
12186,7446311461376265499
12187,7446668741967891771
12188,7446768406075870522
12189,7446608602019794236
12190,7446684314730810684
12191,7446611164034845988
12192,7446574583563488564
12193,7446623221941603594
12194,7446568008341851449
12195,7446587174469831951
12196,7446557656514350345
12197,7446613754751634748
12198,7446665520318844198
12199,7446701664578309434
12200,7446895191916596539
12201,7447107053769755954
12202,7447106512691973402
12203,7446929541022354740
12204,7447129446303288576
12205,7447083411203788059
12206,7447145672857406735
12207,7447066271679614247
12208,7447105361674390822
12209,7446989089187827004
12210,7447065237238320419
12211,7446983662756695347
12212,7447008492453481785
12213,7447291186324196645
12214,7447291885594463498
12215,7447453972606094642
12216,7447454119813483785
12217,7447370182881758474
12218,7447418747758972198
12219,7447411415721250082
12220,7447269528754605370
12221,7447827783943818530
12222,7447556730763906364
12223,7448111160437558585
12224,7444331661178817850
12225,7444480885040106761
12226,7444518161132637451
12227,7444237349803822399
12228,7444784172520049957
12229,7445207092752862464
12230,7445312411218791706
12231,7445286009882955042
12232,7445213637008018724
12233,7445238274068679974
12234,7445199027785698600
12235,7445282747859422473
12236,7445236877172428071
12237,7445264197245570362
12238,7445261571405745471
12239,7445272688299445516
12240,7445254011617316150
12241,7445251849818623290
12242,7445236097006783782
12243,7445208916801178930
12244,7445573413294443834
12245,7445562441632697615
12246,7445499732455132475
12247,7445332735645797691
12248,7445433488095907132
12249,7445440560720121145
12250,7445672098149764412
12251,7445687380335529225
12252,7445445485919276345
12253,7445530465949257019
12254,7445592103138118969
12255,7445748061206367488
12256,7446019362366033186
12257,7446043810959756570
12258,7446038489562352946
12259,7446040201375386880
12260,7446010531388935481
12261,7445981983726996793
12262,7445993443823750400
12263,7445976284594801958
12264,7446000410038521128
12265,7445963990234189108
12266,7446247001806720297
12267,7446281948273691944
12268,7446679386838863143
12269,7446780388007103803
12270,7446797896025967929
12271,7446758206006725897
12272,7446739124914064694
12273,7446543218285497638
12274,7446751800813767946
12275,7446966457063312698
12276,7446969587104550202
12277,7446867512911777083
12278,7446932052823248185
12279,7447047798249246004
12280,7446979698871127296
12281,7446933614396280091
12282,7446899926723824946
12283,7447118692778921276
12284,7446990102762409226
12285,7446959624902806811
12286,7446955529097809152
12287,7447111472972434729
12288,7447129320914472226
12289,7447038852545514803
12290,7446928850786815289
12291,7447394513976347913
12292,7447866463358029071
12293,7447748242437164315
12294,7447842089435516217
12295,7447798789257055527
12296,7447786312985300284
12297,7447764313256906036
12298,7447795285494877503
12299,7448035962258476347
12300,7448115071621893433
12301,7448174645833895177
12302,7448220199184092454
12303,7448186645020495163
12304,7448222239150968099
12305,7445151520414256419
12306,7445154543807008051
12307,7445265596683488539
12308,7445138744056843557
12309,7445134239500094720
12310,7445142321328344339
12311,7445130694038211876
12312,7445129576281345295
12313,7445137035456777513
12314,7445219521889062156
12315,7445132078863240460
12316,7445133574048582948
12317,7445291088803269926
12318,7445314460362739003
12319,7445318170895846682
12320,7445155135782718777
12321,7445207622183128361
12322,7445135566850526503
12323,7445224432458599730
12324,7445244458997697818
12325,7445143890123885875
12326,7445292863878991143
12327,7445288265499807013
12328,7445172869241376041
12329,7445262270138993946
12330,7445146929346006309
12331,7445257339445185832
12332,7445271528989625657
12333,7445215044184313147
12334,7445188221731933449
12335,7445245288832404736
12336,7445188462501793062
12337,7445150434135739658
12338,7445194953019460899
12339,7445230021007904060
12340,7445188491413146915
12341,7445133288022265088
12342,7445295104996281627
12343,7445165966654278972
12344,7445224616387235109
12345,7445237684206898447
12346,7445309550317636922
12347,7445304430687194403
12348,7445175665046900019
12349,7445158678287748403
12350,7445225636815211791
12351,7445248057744067897
12352,7445152641082019130
12353,7445136159195270459
12354,7445289057833209126
12355,7445211422948134181
12356,7445265949910961423
12357,7445214958427688229
12358,7445260639037148456
12359,7445133179272318249
12360,7445136326627691810
12361,7445174749048655161
12362,7445137356148968756
12363,7445247150059048251
12364,7445189862614928640
12365,7445259235908193548
12366,7445323599004683546
12367,7445251104872484150
12368,7445171780425190691
12369,7445204490807987493
12370,7445519649011207484
12371,7445582767502544128
12372,7445497883253656889
12373,7445618372596763913
12374,7445665101878775059
12375,7445672537737923903
12376,7445518751488920891
12377,7445507488859835707
12378,7445585804455398656
12379,7445483825007807763
12380,7445471379648040249
12381,7445463258217123130
12382,7445378693452631305
12383,7445357001065925928
12384,7445543793752837387
12385,7445581046046936374
12386,7445685921208339748
12387,7445462326242774287
12388,7445568291042544933
12389,7445685495788555574
12390,7445543932924136742
12391,7445571631050738959
12392,7445533090992180490
12393,7445344075915611455
12394,7445456386030341433
12395,7445433464163142952
12396,7445428846481902907
12397,7445442975720656185
12398,7445347466729295161
12399,7445348121263017273
12400,7445377407013424441
12401,7445375230270246201
12402,7445402321430859048
12403,7445369451446291748
12404,7445561033890073891
12405,7445445579187997961
12406,7445599131201981746
12407,7445427063810526499
12408,7445484298850864443
12409,7445455513736793359
12410,7445452699132366090
12411,7445446759997803827
12412,7445504160264375567
12413,7445439594780183845
12414,7445344561989225737
12415,7445529229715868939
12416,7445428758846115082
12417,7445448055798648090
12418,7445520927560912154
12419,7445511143126207802
12420,7445624995268660532
12421,7445595124601605416
12422,7445462965052099852
12423,7445347976144293156
12424,7445690656984452410
12425,7445438579200757044
12426,7445862743447473446
12427,7445965930376596794
12428,7445951026273848635
12429,7445871097980931364
12430,7445786509225086208
12431,7445811390821993787
12432,7445777850604506409
12433,7445978113273629978
12434,7445726153198849295
12435,7445912731368082726
12436,7445724154046827802
12437,7445828288213175593
12438,7445879333769547017
12439,7445969785302682939
12440,7445708723680529679
12441,7445982191026326841
12442,7446349801433681212
12443,7446235000766254373
12444,7446369694908419382
12445,7446362033467002127
12446,7446077276027882763
12447,7445217184252497193
12448,7446223662669253945
12449,7446187302000364826
12450,7446310849901317426
12451,7446334814875045177
12452,7446270146961870089
12453,7446076558625803539
12454,7446164827875069222
12455,7446260346152635663
12456,7446232918499822867
12457,7446438669931515193
12458,7446441326347963657
12459,7446571646778871080
12460,7446578900529876276
12461,7446644527944781115
12462,7446603234082295066
12463,7446629552924658963
12464,7446763216996207930
12465,7446622242336689418
12466,7446710338533248306
12467,7447086497058065673
12468,7447042228188384569
12469,7447113563359006009
12470,7447498641503276325
12471,7447286338853866802
12472,7447254956261870848
12473,7447363730481958178
12474,7447332065902677307
12475,7447907310808173875
12476,7447893601163480370
12477,7447655886450937138
12478,7447825408311020800
12479,7447792346520997129
12480,7448258285607587099
12481,7448188715371105586
12482,7448042352595307835
12483,7448245377637125428
12484,7445204304794897699
12485,7445173766809734454
12486,7444850045389753600
12487,7444938273933282619
12488,7444926744114580786
12489,7445206332979858742
12490,7445238977029786934
12491,7445155886663798079
12492,7445146894478626111
12493,7445642422144584975
12494,7445646548479872316
12495,7445429949218966818
12496,7445454818371489024
12497,7445602209078775097
12498,7445901828384001320
12499,7445806574104218916
12500,7445894763661905204
12501,7446041141708950835
12502,7446368165329734951
12503,7446316530784128314
12504,7446197149597027644
12505,7446071392338005300
12506,7446288951570107706
12507,7446700324343090490
12508,7446740971351575848
12509,7447117048083238181
12510,7446981448491355427
12511,7447142820885925129
12512,7447340784380103994
12513,7447843369746861375
12514,7440687494510791987
12515,7440937401037442330
12516,7441935818253552930
12517,7442301747705482534
12518,7442187075199208730
12519,7442359311566638395
12520,7442203717044129039
12521,7442329777219915008
12522,7442121567712152872
12523,7442120847667563828
12524,7442277204777618725
12525,7442228612255714610
12526,7442334130978721084
12527,7442324415427169575
12528,7442234903007202587
12529,7442069313680330019
12530,7441995878467915062
12531,7442599335251938617
12532,7442634284378230073
12533,7442508270415220028
12534,7442551996101578003
12535,7442677742694305036
12536,7442666479163542835
12537,7442369890519944448
12538,7442672922692439346
12539,7442371137557892410
12540,7442676877841485094
12541,7442591937615465778
12542,7443037289787182336
12543,7443041823490198841
12544,7442867883794828581
12545,7443096893103541540
12546,7443012412942454026
12547,7443080977804528932
12548,7443362432807963919
12549,7443347509381991691
12550,7443264772142894370
12551,7443409178816761146
12552,7443443060643499314
12553,7443014816190549298
12554,7443431127429238074
12555,7443409635307982130
12556,7443360192194022694
12557,7443368080845131048
12558,7443358521099439417
12559,7443414294399651087
12560,7443444050411179301
12561,7443273086276799755
12562,7443329218160725285
12563,7443249834586361125
12564,7443316477228322107
12565,7443428493704105226
12566,7443141257351810304
12567,7443468171073424678
12568,7443406682253724966
12569,7443317624986930473
12570,7443469609740635451
12571,7443378527635803442
12572,7443470742722759995
12573,7443612969008696588
12574,7443657179199999259
12575,7443828902012718371
12576,7443609602505198887
12577,7443759975047957817
12578,7443834743948365115
12579,7443582667238493498
12580,7443718390427979060
12581,7443833438051863808
12582,7443634264089939257
12583,7443575545650056487
12584,7443701310731373882
12585,7444093482823634217
12586,7444139313115270459
12587,7443845053086289209
12588,7443908422774328630
12589,7443935110597987636
12590,7444031944314064169
12591,7444195771873791286
12592,7444173113769643305
12593,7443948907534617890
12594,7443997158140939558
12595,7443978803849743655
12596,7444212389446176036
12597,7444206039764962579
12598,7443997655358868755
12599,7444489588141280549
12600,7444554196113788160
12601,7444335225867423015
12602,7444585783295479040
12603,7444950357047840034
12604,7444933692453080374
12605,7444903866832801036
12606,7444932595869158665
12607,7444944803835514138
12608,7444937156323331365
12609,7444800315418791219
12610,7444911494531255578
12611,7444947242374548773
12612,7444942182479351080
12613,7444753078835744052
12614,7444952286771563803
12615,7444934191780760884
12616,7444947783657868554
12617,7444906272647826726
12618,7444952453969218831
12619,7444952594973199635
12620,7444909910061632780
12621,7444921529890000163
12622,7444915473143106850
12623,7444601792840715560
12624,7444951842162887988
12625,7444952339565399334
12626,7444791914102000936
12627,7445128855469215039
12628,7445207311066336566
12629,7445227321490984218
12630,7445234508359585024
12631,7445137312788368694
12632,7445117007630028066
12633,7445139850707111226
12634,7445269722297421075
12635,7445190294225620260
12636,7445125280881986867
12637,7445105007185251620
12638,7445100982347812122
12639,7444961327551974707
12640,7444998339793308947
12641,7445078265829543225
12642,7445145001614495033
12643,7445111903866735924
12644,7445068928604261659
12645,7445062606450134330
12646,7445097195856088380
12647,7445104626560519443
12648,7445141947385122067
12649,7444953681935551763
12650,7442962782527425851
12651,7443345729881378105
12652,7443426285990219065
12653,7443430550280359177
12654,7443333367774350644
12655,7443419969670352155
12656,7443222180101442828
12657,7443131267526298914
12658,7443348660940754228
12659,7443298700014800188
12660,7443418426837699891
12661,7443296306778393914
12662,7443272416328944956
12663,7443265012031835419
12664,7443435629851053369
12665,7443267343825833275
12666,7443379756537531687
12667,7443242747001195836
12668,7443432869503978789
12669,7443257317727964475
12670,7443406579044601103
12671,7443395754112060699
12672,7443441598198861108
12673,7443270412378574132
12674,7443469062958599481
12675,7443283297154780453
12676,7443695106583989563
12677,7443755836188495155
12678,7443836263976734009
12679,7443784783928364314
12680,7443941687296003328
12681,7443958361017683209
12682,7444348715529276732
12683,7444473298332765497
12684,7444484469035191610
12685,7444388524402560314
12686,7444349877351484730
12687,7444433088521801019
12688,7444395713829571898
12689,7444218448218983730
12690,7444442501823417635
12691,7444482411653631283
12692,7444502086491868431
12693,7444584355218935099
12694,7444579107003829554
12695,7444914472684211471
12696,7444902045758262564
12697,7444914219042065722
12698,7444950400362401076
12699,7444918172974615865
12700,7444946680056778044
12701,7444946967731457307
12702,7444940227849801019
12703,7444947940545744137
12704,7444735683672968505
12705,7444910834943380751
12706,7444951480521510198
12707,7444947148791270671
12708,7444922961745710371
12709,7444957375494196532
12710,7444916649842576675
12711,7444745189543005480
12712,7444951093689240872
12713,7444770237653765433
12714,7444956404739263784
12715,7445275660026711337
12716,7445077952666160396
12717,7445165341266709819
12718,7445238492432485690
12719,7445081698406108470
12720,7445069730022493497
12721,7445174893781486867
12722,7445094916482485513
12723,7445114758690245946
12724,7445099802586598708
12725,7445182968055827724
12726,7445184568728014118
12727,7445234556069760266
12728,7445260440730406198
12729,7445105669776149770
12730,7445230625998605568
12731,7445184390042291456
12732,7445090175278959929
12733,7445136026500189478
12734,7444969250520927539
12735,7445145960952466725
12736,7445097362390863164
12737,7445124654999571721
12738,7445050568126631178
12739,7445268777534606652
12740,7445235934494346547
12741,7445077517351849254
12742,7445056570934775097
12743,7445317360044592393
12744,7445317726886726912
12745,7445174645545766178
12746,7445156462923468059
12747,7445054279829818665
12748,7445127742212951353
12749,7445324361067810107
12750,7445159953943366969
12751,7445104821058669875
12752,7445055272092994853
12753,7445303257070636326
12754,7445112003972123963
12755,7445288903570951476
12756,7445308215715204411
12757,7445193390981008691
12758,7445152002696285498
12759,7445051027407129916
12760,7445064725689289984
12761,7445141593205574972
12762,7445273521695100220
12763,7444984771563900186
12764,7445251635753880841
12765,7445322848878529831
12766,7445241097808366867
12767,7445180589512084745
12768,7445248588893932838
12769,7445212500775177511
12770,7445121238415985920
12771,7445322182785371429
12772,7445217026500611378
12773,7444981098217557305
12774,7445199766201437500
12775,7445139462016765225
12776,7445323318997077260
12777,7445328245408435482
12778,7445323886570278144
12779,7445326395531627835
12780,7445176303185104164
12781,7445035527994166587
12782,7445005249078709564
12783,7445300730631621947
12784,7445024545372687675
12785,7445501266836475173
12786,7445488728929340684
12787,7445505905795321127
12788,7445469915684850985
12789,7445586506112191778
12790,7445688012819713316
12791,7445474100119653641
12792,7445494478233701667
12793,7445614449068739890
12794,7445507233804193083
12795,7445497842187193615
12796,7445602618358992163
12797,7445680212286655778
12798,7445606588347370790
12799,7445540580014247195
12800,7445434271482924322
12801,7445654144486051091
12802,7445567162732891432
12803,7445654237238840576
12804,7445479514773228857
12805,7445608085923646756
12806,7445452629821476154
12807,7445630865545252096
12808,7445574120802143547
12809,7445596309857389862
12810,7444849596393622838
12811,7445699929537776955
12812,7445523708422196537
12813,7445472310338833724
12814,7445641860594371890
12815,7445604518600953123
12816,7445692220142849290
12817,7445484308816596224
12818,7445687529962999066
12819,7445566323804982554
12820,7445611370109881609
12821,7445599609784700169
12822,7445484666657721627
12823,7445608225841368354
12824,7445555953799302437
12825,7445655410905763130
12826,7445500559181860137
12827,7445377923139259699
12828,7445525362676698383
12829,7445685742589857082
12830,7445611580978400570
12831,7445636515608284474
12832,7445609310991830329
12833,7445616528386510139
12834,7445544903674842378
12835,7445584480183536931
12836,7445692496253865235
12837,7445329515083042075
12838,7445579888456666405
12839,7445575071692901673
12840,7445594376685833524
12841,7445596533178830119
12842,7445627487700159759
12843,7445582450685791542
12844,7445640961708805435
12845,7445679671800368444
12846,7445426667822042408
12847,7445499009453608250
12848,7445636953439014203
12849,7445595501770132788
12850,7445560500601081126
12851,7445675428032810299
12852,7445655001684380980
12853,7445550537598160147
12854,7445546971181387065
12855,7445568718576405787
12856,7445655813517020442
12857,7445520519979339023
12858,7445599673441717504
12859,7445440960135286073
12860,7445496800573672714
12861,7445631349106445625
12862,7445670758409375039
12863,7445625143411461391
12864,7445603031065939219
12865,7445634674535206184
12866,7445519529570012470
12867,7445651103871470882
12868,7445479659174726972
12869,7445676599422356770
12870,7445456556264590627
12871,7445627424026545446
12872,7445608388345515303
12873,7445600066414464316
12874,7445591490866318592
12875,7445501800226131211
12876,7445682276639214906
12877,7445544895240080678
12878,7445698356011142409
12879,7445344450500414732
12880,7445581257238514994
12881,7445510882655767843
12882,7445336953551113472
12883,7445554182259543347
12884,7445543934912138555
12885,7445590038320008506
12886,7445593816666557708
12887,7445596798019702074
12888,7445641627395181824
12889,7445350886466964796
12890,7445547832125197580
12891,7445638574428622099
12892,7445675958687812876
12893,7445589272469507378
12894,7445504700780154127
12895,7445626723862973755
12896,7445516507850870035
12897,7445563928391748873
12898,7445650205707455801
12899,7445347338119318796
12900,7445581135725251840
12901,7445580319232691514
12902,7445612159289085184
12903,7445691307080551721
12904,7445578929248685351
12905,7445626799830093114
12906,7445489506427424060
12907,7445596353524256009
12908,7445536753223519539
12909,7445646709608303887
12910,7445617833960164623
12911,7445610954261286182
12912,7445661277793373459
12913,7445669370824609087
12914,7445685157064887615
12915,7445633702308187450
12916,7445499673286102283
12917,7445441446909463842
12918,7445497142652833039
12919,7445640524222057755
12920,7445511845022125371
12921,7445698587482164520
12922,7445691027819613497
12923,7445592186902662463
12924,7445610707665669376
12925,7445685122143096127
12926,7445658464174722362
12927,7445592093273197836
12928,7445599480793074978
12929,7445574403921841465
12930,7445678562503396646
12931,7445655891732401434
12932,7445688892214234426
12933,7445564216565665084
12934,7445334600378813706
12935,7445533445767433529
12936,7445657431411117321
12937,7445437220808314139
12938,7445639530507439396
12939,7445444572596948250
12940,7445508403142659388
12941,7445588711586172170
12942,7445429754775293193
12943,7445615272247037195
12944,7445540319157947688
12945,7445471855948975369
12946,7445584059595541800
12947,7445510570490514747
12948,7445669624332569868
12949,7445908423268502810
12950,7445952148090719540
12951,7445985819250199866
12952,7445978341439589695
12953,7445962651869482303
12954,7446023926645263628
12955,7445653344183536948
12956,7445907782915755283
12957,7445908119349234978
12958,7445909938309713211
12959,7445888342249458982
12960,7445968371000069428
12961,7445911657265564985
12962,7446029129704705292
12963,7446017892606397706
12964,7445977965176950074
12965,7446049560474029312
12966,7445955608823565627
12967,7445789973195787530
12968,7445862243801058587
12969,7445944203298868537
12970,7445878580845759801
12971,7446012779913334076
12972,7445994130410310971
12973,7445791197148335401
12974,7445973289350073660
12975,7445809563258981666
12976,7445929859966160162
12977,7445944051381128488
12978,7445866975693147404
12979,7445922007289433403
12980,7445802099704728882
12981,7445901265382559039
12982,7446015600356314405
12983,7446018950367825210
12984,7445961234689674554
12985,7446030588198407424
12986,7445946394805947707
12987,7446007418288475432
12988,7445970110759718196
12989,7445829801719368987
12990,7445863916397153596
12991,7446032908113988914
12992,7445792393082703114
12993,7445890267955105064
12994,7445995289036623143
12995,7445990699327163699
12996,7445858566742789413
12997,7445883592284114235
12998,7446013907170299145
12999,7445767294501850425
13000,7445843088624438543
13001,7445958755218443539
13002,7446051945241971994
13003,7445861131215703308
13004,7445911469146836262
13005,7446032875872324922
13006,7445932649966849315
13007,7446033540745137460
13008,7446045589533396260
13009,7446016834987429172
13010,7445916665436572955
13011,7445841328748891403
13012,7445894549857242408
13013,7445925487668399395
13014,7445851251369069839
13015,7445968912392490300
13016,7445717176620748082
13017,7445873645244763452
13018,7445923156772048162
13019,7445987957204471067
13020,7445971773880945972
13021,7446044935679135014
13022,7446061238666186021
13023,7445806106619727164
13024,7445817340496858377
13025,7445710411887938853
13026,7445947565901630735
13027,7445813648414477604
13028,7445933908832570658
13029,7445635438720683321
13030,7445755413724679450
13031,7445932825292934437
13032,7446025562470042892
13033,7446012215993371962
13034,7445900992903761202
13035,7446041039212645692
13036,7445914162938531132
13037,7445983771595230498
13038,7445976135239863606
13039,7446007999166025017
13040,7445995819028860212
13041,7445861155785968931
13042,7445864889584815369
13043,7445806453551566092
13044,7445646031880064314
13045,7446001889168215353
13046,7445987506031447336
13047,7445823694066289961
13048,7445839295010589992
13049,7445881729715293491
13050,7446055466062384425
13051,7445891801547885865
13052,7445704915957108025
13053,7445883170202979621
13054,7445899187360664890
13055,7445845273697324345
13056,7445816297004207400
13057,7445954284266491171
13058,7445987905845169465
13059,7445837639996968252
13060,7446312396794121509
13061,7446000273933290767
13062,7446076892051967273
13063,7446374240284118330
13064,7446411336734559499
13065,7446281217084771644
13066,7446237366529838336
13067,7446283837799157051
13068,7446244303258635556
13069,7446432174842105139
13070,7446614728601881883
13071,7446930096545369359
13072,7447190526194961723
13073,7447450902790704434
13074,7447186327998696731
13075,7447801866785688867
13076,7447902101910474038
13077,7447594887685377307
13078,7447924215858171151
13079,7447914187088497974
13080,7447812308522290484
13081,7448251106129349946
13082,7448167147211164947
13083,7447927836104494393
13084,7447944094472572175
13085,7447965048980507944
13086,7448204129060523304
13087,7448156416814239016
13088,7448078286279691554
13089,7448250424731176251
13090,7448202143212801332
13091,7445138008833035530
13092,7445261110338538803
13093,7445142981847420200
13094,7445141024801967411
13095,7445146669731138825
13096,7445174222256688395
13097,7445167360312429851
13098,7445159550791044378
13099,7445173885554806067
13100,7445142251962977563
13101,7445227533664079131
13102,7445489023977540901
13103,7445494189158075706
13104,7445621208126688538
13105,7445606429047721216
13106,7445492674624310540
13107,7445544413801090364
13108,7445508992878579002
13109,7445510312545045796
13110,7445300918045707547
13111,7445595794176003338
13112,7445530641015262524
13113,7445453982350282043
13114,7446018766703512851
13115,7445215575216852260
13116,7445843338181266738
13117,7446061279069949193
13118,7445889590826765628
13119,7445810356162743587
13120,7445849684494585145
13121,7445910041560894771
13122,7446286605146393883
13123,7446625651047599418
13124,7446553310045162787
13125,7446757013561871666
13126,7446776738283113785
13127,7446711746472971560
13128,7446936779913006371
13129,7447056963503951139
13130,7447321803602578697
13131,7447435449368464678
13132,7447312269307923746
13133,7445102518897577226
13134,7445068119846030627
13135,7445107264110775609
13136,7445119461625023744
13137,7445086716186152218
13138,7445099418698665252
13139,7445131145454341403
13140,7445104740834299174
13141,7445117237712784694
13142,7445088887975775525
13143,7445168372737723683
13144,7445321079104605450
13145,7445101795111652645
13146,7445130897881369865
13147,7445083096312991030
13148,7445129421557681423
13149,7445102263695183143
13150,7445127941182311732
13151,7445113645618433306
13152,7445128761403542795
13153,7445114292036226315
13154,7445106733493685519
13155,7445117644639980835
13156,7445134566156782911
13157,7445094436364668195
13158,7445111408959819027
13159,7445088005448158476
13160,7445097604821634330
13161,7445095481669176614
13162,7445115002219941174
13163,7445108974069763382
13164,7445118397551004978
13165,7445318798871203109
13166,7445126905038245172
13167,7445213849717837056
13168,7445126840118758656
13169,7445275918286720294
13170,7445326712771988774
13171,7445101557403716902
13172,7445150855566740745
13173,7445112990526885171
13174,7445256711050497330
13175,7445150386387766588
13176,7445208371059363132
13177,7445320615675907339
13178,7445327259650575657
13179,7445135190680292617
13180,7445135493550935350
13181,7445183625756183865
13182,7445141979815578939
13183,7445272342554512698
13184,7445310344169311498
13185,7445259441131293971
13186,7445255961146658088
13187,7445229211234602299
13188,7445320076498095397
13189,7445243599593196838
13190,7445151307981294902
13191,7445320605437644058
13192,7445501339725024569
13193,7445465208669211931
13194,7445689559591013683
13195,7445437765333912859
13196,7445474843262225691
13197,7445415802787876105
13198,7445519281271360795
13199,7445458583652748603
13200,7445461386546646312
13201,7445564984463084800
13202,7445644685848349987
13203,7445615489776127272
13204,7445697082666552634
13205,7445637369912462651
13206,7445459535990377755
13207,7445470749353184564
13208,7445540126148627771
13209,7445671231694720313
13210,7445625707201449276
13211,7445550300678622499
13212,7445681916122107145
13213,7445479617973980416
13214,7445469614210944290
13215,7445664723799903507
13216,7445585218955693327
13217,7445480071353191689
13218,7445518902349548826
13219,7445567028527762745
13220,7445636014049103113
13221,7445627795738299700
13222,7445621207715646779
13223,7445497246231104828
13224,7445488294369971465
13225,7445578997620165947
13226,7445451307323755812
13227,7445659854108118308
13228,7445634484902333755
13229,7445467991791242556
13230,7445551013207018771
13231,7445546236800699688
13232,7445596860275838259
13233,7445474060663934248
13234,7445601012594789689
13235,7445496064070749494
13236,7445403176754351417
13237,7445168246505999676
13238,7445472774962842931
13239,7445324002291174708
13240,7445539588476505401
13241,7445578432815172905
13242,7445448076854103333
13243,7445597624465509669
13244,7445399672753098042
13245,7445521337096932660
13246,7445449951036968252
13247,7445529631081516322
13248,7445453977698798863
13249,7445625584803204391
13250,7445608783008550154
13251,7445583232139136315
13252,7445606658262306075
13253,7445469120033787194
13254,7445658490988694835
13255,7445534075038764329
13256,7445510785675119883
13257,7445545252426894601
13258,7445616508773928251
13259,7445387842022362407
13260,7445624757678001417
13261,7445584313749425466
13262,7445430796699094312
13263,7445586862875364660
13264,7445374547831852323
13265,7445641507811511567
13266,7445682322591976731
13267,7445658826973531418
13268,7445493735867108662
13269,7445512407415262515
13270,7445498225227746569
13271,7445466625467305226
13272,7445473301721402682
13273,7445497963603922228
13274,7445160080116288777
13275,7445494306376404259
13276,7445488635459161401
13277,7445668893978332454
13278,7445662559807589684
13279,7445577330895883570
13280,7445418527684676874
13281,7445472684206509375
13282,7445445919480319270
13283,7445482602720546083
13284,7445443177357659450
13285,7445463383064775955
13286,7445496296028278025
13287,7445556402187242812
13288,7445501264726658354
13289,7445468612661398803
13290,7445463413934787900
13291,7445599964098546985
13292,7445658358905883930
13293,7445539405751717156
13294,7445503163869793586
13295,7445490895773879604
13296,7445285216953978138
13297,7445692186072468774
13298,7445621593608375609
13299,7445489943566109989
13300,7445490378590948643
13301,7445441666028195107
13302,7445616493754076416
13303,7445541663746968832
13304,7445577471933680956
13305,7445605026589953314
13306,7445629918832069939
13307,7445567393314770186
13308,7445525477638311227
13309,7445505755064667443
13310,7445452782565461305
13311,7445684841326103868
13312,7445510020453748005
13313,7445440244360482083
13314,7445394259827576124
13315,7445666056808484096
13316,7445564162404535591
13317,7445352493178965308
13318,7445674702565117193
13319,7445673327324155170
13320,7445636231402229019
13321,7445434293129612603
13322,7445413599268408635
13323,7445387812037250363
13324,7445536032864472361
13325,7445469666811678012
13326,7445467296052546851
13327,7445493792196529417
13328,7445660344892083506
13329,7445347294024617273
13330,7445347607217491219
13331,7445647115679845691
13332,7445654529435012390
13333,7445659560725040441
13334,7445344557354503484
13335,7445601524643908916
13336,7445570772124454144
13337,7445607897796496694
13338,7445667484520205618
13339,7445465234527046952
13340,7445453293213453625
13341,7445563884871748923
13342,7445235235173698851
13343,7445638662932417826
13344,7445471053700255033
13345,7445385815913532729
13346,7445541485082184994
13347,7445487234091977995
13348,7445340941335940386
13349,7445443107191147833
13350,7445669888317787431
13351,7445441831912934716
13352,7445471976803568954
13353,7445874332078787851
13354,7445957544192920867
13355,7445853984457231668
13356,7445981520860302650
13357,7445949949575073039
13358,7445845355662445876
13359,7445904649745370425
13360,7445913372291370300
13361,7445950732274126114
13362,7445936929599655220
13363,7446038215053544754
13364,7445892651771071801
13365,7445852257339329851
13366,7445813515459251513
13367,7445845605919837466
13368,7445931177178942777
13369,7446004190234627387
13370,7446014561045482762
13371,7445862060812029219
13372,7445980482027654400
13373,7445982037841939750
13374,7445880629431962930
13375,7445684743116557602
13376,7445863446593195314
13377,7445696180840959259
13378,7446035024224324874
13379,7445885070033947962
13380,7445799156087639347
13381,7445806787443330314
13382,7445863902761520411
13383,7445947329841990947
13384,7445771744066948411
13385,7445927702256766249
13386,7445965203000364323
13387,7446062266820070683
13388,7445869999937408290
13389,7445826810786434354
13390,7445837857396165947
13391,7445890971843317049
13392,7446029635864759562
13393,7445997602203536692
13394,7446036408046767412
13395,7446053760868060431
13396,7445966733636111670
13397,7445996057634409788
13398,7445942236904181050
13399,7445966194609229114
13400,7445873674718039346
13401,7446033272976510242
13402,7445941735840075058
13403,7445816822118616374
13404,7445867333651942671
13405,7445971774522559770
13406,7445940394237480251
13407,7445925273733827878
13408,7446003082028223807
13409,7446000415235231033
13410,7445993530025086247
13411,7445864511539547450
13412,7445856642362543396
13413,7445935324934491444
13414,7445701109840235788
13415,7446026494750608651
13416,7445842058499165497
13417,7445986592369560859
13418,7445987529448295689
13419,7446049213969927474
13420,7445737818892029241
13421,7445756474191646003
13422,7445849235020434740
13423,7445892466387094793
13424,7445863587874180411
13425,7445943187564285236
13426,7446051554626505995
13427,7445736351338663231
13428,7445835474754718995
13429,7445935210279013689
13430,7445943718328241417
13431,7445982810910821669
13432,7445995701672152347
13433,7445728344861084988
13434,7446330927002733833
13435,7446191996634549516
13436,7446230806026013989
13437,7446312686251461914
13438,7446178400559009036
13439,7446339966118022426
13440,7446324316142095670
13441,7446360995284520252
13442,7446348864669420834
13443,7446076289196297529
13444,7446382986121039131
13445,7446311128130456886
13446,7446215085321735476
13447,7446342840940023097
13448,7446178646592687379
13449,7446185443974073635
13450,7446087945548778806
13451,7446357892053224740
13452,7446235648102501686
13453,7446336142414204214
13454,7446365927072877881
13455,7446192481470876963
13456,7446140369831529788
13457,7446082255648263461
13458,7446334699837951291
13459,7446194494007020859
13460,7446322724181527817
13461,7446176114084449547
13462,7446186837955136820
13463,7446259817938734346
13464,7446373671469436217
13465,7446278752880971068
13466,7446180120718609721
13467,7446344287354146098
13468,7446279506257628454
13469,7446189280411651385
13470,7446315302645812506
13471,7446385379134934322
13472,7446330836556827954
13473,7446240719532019003
13474,7446208433558129920
13475,7446344404375211324
13476,7446299335299517746
13477,7446551909491543336
13478,7446804687946403110
13479,7446558231494708539
13480,7446598846123167036
13481,7446544737743506742
13482,7446601553852648767
13483,7446685275213892902
13484,7446604018819910969
13485,7446656038457052457
13486,7446553031291702566
13487,7446791320628251944
13488,7446604536518643001
13489,7446716924005780745
13490,7446538206050290971
13491,7446616112428535103
13492,7446749938517560611
13493,7446760311622798655
13494,7446707849046035722
13495,7446791848632257792
13496,7446696277934476580
13497,7446670830647463227
13498,7446783303539035449
13499,7446756923669613874
13500,7446675900109802778
13501,7446754817814449417
13502,7446703484398800155
13503,7446771015792807168
13504,7446559549231779107
13505,7446770888139230505
13506,7446716224551046441
13507,7446791131280510249
13508,7446744806178524451
13509,7446628056191601959
13510,7446568088843095356
13511,7446542926856949028
13512,7446656554780134715
13513,7446779186397613370
13514,7446576534611037503
13515,7446823959351299378
13516,7446887514389990713
13517,7446906401609223434
13518,7446852410309365050
13519,7447038963920981307
13520,7447156953492524327
13521,7447034987439820092
13522,7447169796841459007
13523,7446960402228956476
13524,7446924452551576890
13525,7447147533266062627
13526,7447034736490433850
13527,7447136823886875964
13528,7447044021316324666
13529,7446931044193848626
13530,7447119091300617522
13531,7446976676766010658
13532,7446992812022730024
13533,7447139920713354547
13534,7447096227340029243
13535,7446991194657148160
13536,7447000328530119976
13537,7446958055490735375
13538,7447071972552494375
13539,7446858895533804841
13540,7447072019683872019
13541,7447152372519947547
13542,7446959198962846991
13543,7447058425105747260
13544,7446991261048851746
13545,7446963602650565928
13546,7446979094971043109
13547,7447015165125528867
13548,7447049188577168674
13549,7447089916875377939
13550,7447122581230144804
13551,7447012420498869515
13552,7447056663414164776
13553,7447008297103674624
13554,7447122709605010751
13555,7447138062833962297
13556,7447092210258021692
13557,7447107908816457011
13558,7447507852505124147
13559,7447391956453362984
13560,7447404405176929548
13561,7447419592194018599
13562,7447400883949718820
13563,7447336624058387751
13564,7447515032423861530
13565,7447448382903242047
13566,7447478169369644342
13567,7447383016218873099
13568,7447475229472935219
13569,7447370832764095771
13570,7447184968033357106
13571,7447326003220811017
13572,7447526470278319375
13573,7447339592782449980
13574,7447358659073494281
13575,7447376124390296832
13576,7447475842164247868
13577,7447348406294416703
13578,7447395327683874108
13579,7447451462952701241
13580,7447352125673262393
13581,7447520949244611899
13582,7447438021261069628
13583,7447358838241594674
13584,7447484733442903355
13585,7447372932252273935
13586,7447479863562226984
13587,7447347715266104630
13588,7447358220592581939
13589,7447358043991444763
13590,7447482822895340857
13591,7447296875339844879
13592,7447644600505879845
13593,7447841967486111013
13594,7447752002404109604
13595,7447742774104952102
13596,7447784582658673983
13597,7447477395881282853
13598,7447860477423521024
13599,7447858414249725244
13600,7447477336720674099
13601,7447729307839008034
13602,7447895980076322105
13603,7447878259204934970
13604,7447786044931444028
13605,7447705054036987193
13606,7447795221796097319
13607,7447806384789343545
13608,7447674163583536403
13609,7447825891859762444
13610,7448006462632135999
13611,7448185215140269321
13612,7444721509261643027
13613,7444716599300377906
13614,7444911253480377609
13615,7444911623816432953
13616,7444715937460243770
13617,7444777616726330662
13618,7444497476364651776
13619,7444736641744260392
13620,7444757881183882559
13621,7445236274920738088
13622,7445169595792624930
13623,7444979308805786916
13624,7445213380958227772
13625,7445241294156270875
13626,7445148436858473785
13627,7445172745094155546
13628,7445060675451227418
13629,7444961353904835850
13630,7445110391807413556
13631,7445108894747069755
13632,7444400212740820239
13633,7444330490909166887
13634,7444429782399405369
13635,7444514658989444392
13636,7444554412191747379
13637,7444538169241963813
13638,7444418833470819611
13639,7445000097621937445
13640,7445688666380455205
13641,7445460395969498425
13642,7445829927418547466
13643,7445992686647053608
13644,7445703429017685259
13645,7445891110083333412
13646,7445721497479433522
13647,7445821390231555362
13648,7446782548031704358
13649,7446722304341577020
13650,7446739155704401192
13651,7447393352288423226
13652,7447670947978497318
13653,7444558241989758218
13654,7444933375577574692
13655,7444869576090766643
13656,7444821124090793235
13657,7444748987543899403
13658,7445225376932039974
13659,7445134612889701692
13660,7445590260290997538
13661,7445605236338658610
13662,7445591760765586727
13663,7445606636225350924
13664,7445652831358504226
13665,7445629566804086074
13666,7445600392370572544
13667,7445669972619185446
13668,7444473360081227067
13669,7444468168266992955
13670,7444494096158280994
13671,7444482060749737235
13672,7444518330590891316
13673,7445600489896447295
13674,7445585479824657664
13675,7445596882056908095
13676,7445598472637582642
13677,7445645255203966248
13678,7445574201651514663
13679,7445573504562416956
13680,7445573716714523923
13681,7445577694718201123
13682,7445598132085263625
13683,7445591569597599010
13684,7445657367271755046
13685,7445612201689238835
13686,7445648033078922550
13687,7445622580637224227
13688,7445591242584395035
13689,7445670021642112313
13690,7445591120051965196
13691,7445699182641335589
13692,7445599873010847036
13693,7445580178337582393
13694,7445678247691423033
13695,7445647305736211747
13696,7445624412067433787
13697,7445675816651853113
13698,7445590481242819876
13699,7445610075139345703
13700,7445601460412255503
13701,7445595298379943207
13702,7445594155285286179
13703,7445830339060190502
13704,7445860123278462249
13705,7445851235086814523
13706,7445906216645168411
13707,7445751976706575676
13708,7445868218335382821
13709,7445868726328593673
13710,7445747949977472293
13711,7445833382912675123
13712,7445912464107081020
13713,7446220677889264936
13714,7446746932476726555
13715,7446710299341638949
13716,7446952433013558547
13717,7447099033115577636
13718,7447484377010867466
13719,7447497994997419304
13720,7447414723072609593
13721,7447722232425549067
13722,7447919158970387722
13723,7444928388336340243
13724,7444944063083695396
13725,7444921538505215268
13726,7444924220066254099
13727,7444928783263534346
13728,7444925563132742924
13729,7444950168580984098
13730,7444931451931462912
13731,7444927487236230458
13732,7442859709058649398
13733,7444944497701637415
13734,7444923858148134207
13735,7444928099193474361
13736,7444951364200844601
13737,7442628152351870258
13738,7443274533500505396
13739,7444581424201534761
13740,7444946162588634418
13741,7444934784628903205
13742,7444935437799525683
13743,7444940820031032633
13744,7444952915111906620
13745,7444949063876857097
13746,7444944044192501002
13747,7444958347100540172
13748,7445129697651920143
13749,7445081707482533147
13750,7445080363753426236
13751,7445108582254791963
13752,7445147004079983922
13753,7445092207666744603
13754,7445256877530762550
13755,7445132939903372579
13756,7445148566261091594
13757,7445168187680853267
13758,7444971754138701065
13759,7445075384195992844
13760,7445119146339093798
13761,7445325530380963135
13762,7445581768545127695
13763,7445508512827985161
13764,7445544481824329012
13765,7445364648649542969
13766,7445503404690001152
13767,7445650259553897788
13768,7445522359672392970
13769,7445555775067524412
13770,7445624875877731593
13771,7444936293177462026
13772,7444944476772060442
13773,7444947454048406795
13774,7444950576279866681
13775,7444951366537071929
13776,7444979163355729209
13777,7445050350198885641
13778,7444971092873153849
13779,7445085720118676773
13780,7445057330707746107
13781,7445033734170053903
13782,7445328670639672576
13783,7445319211464871209
13784,7444998954376269083
13785,7445046413148343567
13786,7445068614367071546
13787,7445047975753059584
13788,7444987316537412916
13789,7445129567414635828
13790,7445140398017613113
13791,7445230334603578664
13792,7445292027907935514
13793,7445296254269066537
13794,7445008642375437583
13795,7444994041856412985
13796,7444996543943396671
13797,7445213725658828089
13798,7445012488774585660
13799,7445259031352053049
13800,7445088789141130555
13801,7444971763081039155
13802,7445128429328026932
13803,7445242857679539490
13804,7445079852689952054
13805,7445276690114268427
13806,7445042584344415551
13807,7445636044982111497
13808,7445475543459368251
13809,7445428931206974758
13810,7445621110294596883
13811,7445457954037419274
13812,7445412098605141257
13813,7445350099351342351
13814,7445494047692574011
13815,7445375328270208306
13816,7445538806524087611
13817,7445654429983853884
13818,7445491580905065738
13819,7445455734008974601
13820,7445560246296268082
13821,7445489770093890853
13822,7445601334998437180
13823,7445446247843892506
13824,7445556463956692284
13825,7445628432278490427
13826,7445514270105668905
13827,7445476855567650107
13828,7445580178534714658
13829,7445536923747192115
13830,7445622235311770920
13831,7445378520055844132
13832,7445584397190958396
13833,7445527880735493411
13834,7445412853223345434
13835,7445557977932680500
13836,7445912347987709199
13837,7445939409268100391
13838,7445950564992584994
13839,7445956350468803897
13840,7445898106136186169
13841,7445944724193611071
13842,7445801866555837696
13843,7445734309316627762
13844,7445837151687806246
13845,7445715455312022784
13846,7445964012438818058
13847,7445867761659661618
13848,7446014088183811365
13849,7445768128916770108
13850,7446060354485898553
13851,7445882139901463845
13852,7445933207087811900
13853,7445954288901213498
13854,7445964427704290618
13855,7445906089717026058
13856,7445824192399904052
13857,7445891500396793107
13858,7445994517125205308
13859,7445934543481179455
13860,7445940378622053691
13861,7446047684827368738
13862,7445963873921862971
13863,7445825332998868283
13864,7445716072960953658
13865,7445982007756082451
13866,7445931755963452682
13867,7445773473214909705
13868,7445878109183774002
13869,7445828137285422348
13870,7445892383767645498
13871,7445874768592653620
13872,7445978934736375080
13873,7445968787226119482
13874,7446356261379099943
13875,7446412133069262092
13876,7446404408922918204
13877,7446239635140824372
13878,7446199924720487714
13879,7446346254432439615
13880,7446211617399803194
13881,7446189543784451366
13882,7446372250263080250
13883,7446262940317044026
13884,7446383984277343545
13885,7446270652996226354
13886,7446579461513907495
13887,7446781934514015500
13888,7446659899964050724
13889,7446584714573434127
13890,7446463960510942504
13891,7446712787759271225
13892,7446642678252490021
13893,7446482820383493433
13894,7446627538484432188
13895,7446686971163970876
13896,7446619132033928511
13897,7446792168145997110
13898,7446630166912126217
13899,7447011631483112739
13900,7447131473477504295
13901,7447155167847402792
13902,7446885621748010298
13903,7447119596034788668
13904,7447282974996843786
13905,7447213757304016179
13906,7447503131799309595
13907,7447362856011550009
13908,7447286825401552128
13909,7447674327811558713
13910,7448211233741819195
13911,7448275629293718834
13912,7448114962834197810
13913,7445269208637672731
13914,7445646465768246582
13915,7445541991254904076
13916,7445497634376273186
13917,7445600374674787584
13918,7445469585060531492
13919,7445636314004720930
13920,7445640259943042343
13921,7445480661386939711
13922,7445509470714596671
13923,7445604234638200118
13924,7445619892268617019
13925,7445603296896617763
13926,7445409607796657459
13927,7445670545808543003
13928,7445693582045875510
13929,7445671295624269116
13930,7445682870586297658
13931,7445673301210418490
13932,7445673876656377127
13933,7445662871863840060
13934,7445478411729947940
13935,7445681722634685756
13936,7445874263497739535
13937,7445700827206978868
13938,7446330575159446821
13939,7446249238490582312
13940,7446290331701693754
13941,7446405310207544634
13942,7446385538862468379
13943,7446422407998491962
13944,7446252026855492922
13945,7446330256002207015
13946,7446272476859895049
13947,7446367286396538152
13948,7446426116199353619
13949,7446209486697565481
13950,7446393636268297526
13951,7446272772344433947
13952,7446086905231428922
13953,7446243821601574195
13954,7446355274471886130
13955,7446803851694427419
13956,7446581904658205987
13957,7446794774666808576
13958,7446665713462430986
13959,7446679027441552690
13960,7446335255813917978
13961,7446745079256993082
13962,7447052422507187519
13963,7446990331565985051
13964,7447032948894878991
13965,7446267965839871259
13966,7447742181445537081
13967,7446676943694466313
13968,7448155234972585257
13969,7445651761353755944
13970,7445649644333452571
13971,7445662649850875194
13972,7445481891047738678
13973,7445494181876813066
13974,7445276576213699900
13975,7445262549848722722
13976,7445680641355697443
13977,7445626713859575098
13978,7445656994863746342
13979,7444621255761743131
13980,7445288334701645068
13981,7445230234821037350
13982,7445264068572613940
13983,7445656196738075963
13984,7445596809474493715
13985,7445457037602934079
13986,7445652226023918883
13987,7445662761515830591
13988,7445672014737657151
13989,7445846071961521418
13990,7446034531737537818
13991,7445963997746187555
13992,7446041055415242044
13993,7445983599561674020
13994,7445783137801538876
13995,7446065590390820153
13996,7445913809245572409
13997,7445771863105621260
13998,7445783836379729161
13999,7445833437971320064
14000,7445795308027546892
14001,7445805178873318714
14002,7446072144724839721
14003,7446170801746857253
14004,7446094861633129767
14005,7446358475577249082
14006,7446513040511487251
14007,7446597578566815034
14008,7446454820338224444
14009,7446671788328635705
14010,7446506713391320332
14011,7448186068177882431
14012,7445525938634312987
14013,7445481884131282226
14014,7445511895739583779
14015,7445560061478325513
14016,7445506551642639670
14017,7445501852210171195
14018,7445506456742300966
14019,7445563905453215013
14020,7445574967011331369
14021,7445550360040623410
14022,7445603117292457250
14023,7445595565070503194
14024,7445538261780548879
14025,7445581871586561289
14026,7445608698585615642
14027,7445616792862592275
14028,7445560324629040447
14029,7445504453450435849
14030,7445599950144146740
14031,7445561946826460450
14032,7445609292532550952
14033,7445590056561134906
14034,7445639708215872827
14035,7445578793453948194
14036,7445618076197932315
14037,7445611883656170764
14038,7445596704377802034
14039,7445659567855242555
14040,7445697024135007507
14041,7445608667010927881
14042,7445626625179372859
14043,7445548547484831039
14044,7445546449649044755
14045,7445660236385471804
14046,7445673220851698953
14047,7445678456790191394
14048,7445614882591903036
14049,7445643478710750476
14050,7445594299623820555
14051,7445550699611557180
14052,7445580049555705148
14053,7445549755821870388
14054,7445639761458433315
14055,7445695962158288186
14056,7445632973233278268
14057,7445565983659543865
14058,7445517614652149044
14059,7445576851986156826
14060,7445610349262327103
14061,7445674508331044096
14062,7445612251739884852
14063,7445624108190125346
14064,7445566759626706203
14065,7445689128739540236
14066,7445538679763815740
14067,7445629329310092601
14068,7445505236459965707
14069,7445669932026694964
14070,7445640853411876156
14071,7445887114102738233
14072,7445856857333320970
14073,7445856152270687526
14074,7445891869877226787
14075,7445701288790134056
14076,7445981369500454154
14077,7445835519784799524
14078,7445897095992593723
14079,7445799213327240482
14080,7445920258940013863
14081,7445816294428953916
14082,7446165166552567052
14083,7446291578005556540
14084,7446308618485435682
14085,7446248149217250579
14086,7446329311289806120
14087,7446386162517691699
14088,7446329329706913074
14089,7446312648146193679
14090,7446348881928981770
14091,7446343131764673826
14092,7446293486258736384
14093,7446362826790292762
14094,7446639844836609290
14095,7446784234104065291
14096,7446642435788213563
14097,7446721791306829090
14098,7446677214059334939
14099,7446987089394126095
14100,7447313566329310503
14101,7447524001120914746
14102,7447417608384580905
14103,7447409321320746266
14104,7447546468677766458
14105,7447375411639520572
14106,7443278934935899404
14107,7443418115834219836
14108,7443256966379507002
14109,7442991022067567923
14110,7443311822670712127
14111,7443296716079533331
14112,7443228255127211264
14113,7443409609542487323
14114,7443410553764072731
14115,7443264563539086628
14116,7443309874764598580
14117,7443386004481887547
14118,7443330987414555913
14119,7442592486624693539
14120,7443345685384039737
14121,7441525584116682041
14122,7442950134939290934
14123,7442913439833476404
14124,7443281391040761122
14125,7443439863573089547
14126,7443255111847136547
14127,7443396669087010086
14128,7443746650981436712
14129,7443742829836291369
14130,7443627489760398592
14131,7443801852019281189
14132,7443611573970685242
14133,7443794456651812111
14134,7443802746999852340
14135,7443776256186846502
14136,7443791203268644108
14137,7443837625980423461
14138,7443839603666062649
14139,7443822081633946939
14140,7443806270349446437
14141,7443843222591294739
14142,7443500853517913344
14143,7443782829869141274
14144,7443737518261964092
14145,7443754168851942695
14146,7443820264690863394
14147,7443742194952981769
14148,7443781611390323968
14149,7444099968475991330
14150,7444012491329375499
14151,7444158408304889140
14152,7444000989427813643
14153,7444188450770799911
14154,7444114454507179273
14155,7444120857384946979
14156,7444046227164892427
14157,7444017837531860282
14158,7444204616461470976
14159,7444214031491140873
14160,7444175580624407867
14161,7443908060059372835
14162,7444209766492015891
14163,7444094973890415930
14164,7444105880167091493
14165,7443896948064587045
14166,7444176820800376101
14167,7443980309344849164
14168,7444085839216266548
14169,7444192232363674892
14170,7444151752321961225
14171,7443944385365970228
14172,7444052061492219175
14173,7444409148550204723
14174,7444329425824451855
14175,7444267494983945508
14176,7444505684835585291
14177,7444509896415972665
14178,7444369411714141478
14179,7444217272446536960
14180,7444565045238910246
14181,7444260820789251366
14182,7444219904158403881
14183,7444419637304888576
14184,7444533288133217575
14185,7444493731463449897
14186,7444393721778457871
14187,7444412112098659642
14188,7444923756000185660
14189,7444938623272652066
14190,7444730188962860325
14191,7444901631000448283
14192,7444715536539241779
14193,7444722843293617462
14194,7444903040987024691
14195,7444795217846308135
14196,7444937004044897562
14197,7444708065212943643
14198,7444780387923954953
14199,7444837360598027580
14200,7445155139981200678
14201,7445214723685092608
14202,7445142883914501386
14203,7445248037221420329
14204,7445286918410997051
14205,7445269845937016115
14206,7445265333646085435
14207,7445316136725515546
14208,7445182137449352500
14209,7445663730228055350
14210,7445567330358168843
14211,7445532285442575628
14212,7445502562352123196
14213,7445683071476665637
14214,7445302580588203322
14215,7445691231885151514
14216,7445328743347834127
14217,7445676653050613051
14218,7445606886373608763
14219,7445538009426054409
14220,7445457371918355763
14221,7445578937540807962
14222,7445525277049900303
14223,7445479949311413563
14224,7445673241382833466
14225,7445504409800297764
14226,7445541043170331914
14227,7445518442142108937
14228,7445477884078181641
14229,7445606929235315995
14230,7445554357199834380
14231,7445463226684411186
14232,7445355491242315035
14233,7445662191631535423
14234,7445560273756278035
14235,7445434060802968867
14236,7445586435769421096
14237,7445442785345408268
14238,7443299877808819507
14239,7443652986406014220
14240,7443587231215783228
14241,7443604633085398307
14242,7444204774892866868
14243,7443873278193634572
14244,7444134315463593225
14245,7444208465695886644
14246,7444049446016437541
14247,7444207655410879753
14248,7444214634237709606
14249,7444276718740770085
14250,7444270757661723913
14251,7444305283079343372
14252,7444325941851032891
14253,7444928232442334504
14254,7444837113851333947
14255,7444957700691217674
14256,7445222550734441728
14257,7445002331961314618
14258,7445178649881349416
14259,7445321123153104187
14260,7445297181130591548
14261,7445227618216971529
14262,7445254636606328124
14263,7445131141402627363
14264,7445203672067247395
14265,7445214662481726780
14266,7445099382971698482
14267,7445254366883286309
14268,7444990271755996474
14269,7445162289319169339
14270,7445279476809813258
14271,7445274676634422528
14272,7445244511103618331
14273,7445083546949029183
14274,7445328961912999227
14275,7445017714013293884
14276,7445101201521200418
14277,7445288827054263609
14278,7445023655215516987
14279,7445138953457454396
14280,7445326641435381001
14281,7445223045209394471
14282,7445256536173120805
14283,7445318013491907879
14284,7445109703413157139
14285,7445468727241428234
14286,7445618398945463586
14287,7445335631280049420
14288,7445562136220306697
14289,7445611992267738419
14290,7445468998898109746
14291,7445611483385417019
14292,7445591340034919689
14293,7445659530941271296
14294,7445657722466389287
14295,7445439345638509864
14296,7445496394481274131
14297,7445533515187309882
14298,7445470627906997556
14299,7445616879403617574
14300,7445477152147000635
14301,7445477100271832357
14302,7445498972136836404
14303,7445464084444728615
14304,7445558064943549753
14305,7445486167463628082
14306,7445332458712616229
14307,7445377641068105019
14308,7445578213373398311
14309,7445630988304043324
14310,7445482403457453351
14311,7445631373286575417
14312,7445678317329452345
14313,7445461563839909132
14314,7445649488565357839
14315,7445430982368415013
14316,7445547080073923877
14317,7445686541051055371
14318,7445522714451856700
14319,7445581120952978715
14320,7445552338305174834
14321,7445641820421295360
14322,7445648801429310779
14323,7445654379002203452
14324,7445614742284045603
14325,7445625782912732479
14326,7445516272978152761
14327,7445488468500712716
14328,7445507143610027298
14329,7445497298194304293
14330,7445664116582157602
14331,7445454713476107529
14332,7445493882374196534
14333,7445605580103798056
14334,7445622942844734777
14335,7445422664962903353
14336,7445611824558476604
14337,7445526641570270474
14338,7445591347685264703
14339,7445331086902709562
14340,7445625292309269800
14341,7445678507683843386
14342,7445586049436323132
14343,7445660250155371833
14344,7445573827133738276
14345,7445634534663671077
14346,7445442677044202809
14347,7445631181799968058
14348,7445534286687604018
14349,7445587057155607849
14350,7445530603493133608
14351,7445547377601170697
14352,7445522417352527155
14353,7445496390614043939
14354,7445561203830590729
14355,7445630948177218874
14356,7445576269086985529
14357,7445520417734937893
14358,7445647433582857481
14359,7445417431742319906
14360,7445681600219630848
14361,7445445171350605093
14362,7445516838487772476
14363,7445527780114042150
14364,7445402775497837884
14365,7445330372902128953
14366,7445639565928385850
14367,7445331754539388195
14368,7445570707699928320
14369,7445329049792154938
14370,7445664188619377947
14371,7445447649139903771
14372,7445695527242566972
14373,7445632272423800116
14374,7445456877720227098
14375,7445517213408234809
14376,7445637440536169786
14377,7445578146822327603
14378,7445966568510459177
14379,7445971254261140787
14380,7445857702527372598
14381,7445880735229119753
14382,7446047125240089866
14383,7445881085310913833
14384,7445901965009145151
14385,7445880520979877161
14386,7445930462230383907
14387,7445863124693011749
14388,7445846069524712761
14389,7445856925104835900
14390,7445857001625619747
14391,7445842870298365210
14392,7445832559528791322
14393,7445834598988238107
14394,7445869148913257764
14395,7445863051179478310
14396,7445839396177268009
14397,7445884452003220786
14398,7445876326336089407
14399,7445893196946738490
14400,7446045127539313931
14401,7445590067814419775
14402,7445842340863823141
14403,7445880523412606208
14404,7445908571730087206
14405,7445939640718101786
14406,7445704570388385064
14407,7445560135755255092
14408,7445806383284456731
14409,7445885522020502811
14410,7445866093601738041
14411,7445838845800729856
14412,7445967336886062390
14413,7445870148315073852
14414,7445981780072467721
14415,7445940169703705914
14416,7445874672442379579
14417,7445824680491109672
14418,7445850423476407552
14419,7445879336470678795
14420,7445838447132134656
14421,7446037871514979584
14422,7445861310056664380
14423,7445872446101540107
14424,7445893278735535379
14425,7445858106581519642
14426,7445875075284274495
14427,7445886488350330139
14428,7445886550396734777
14429,7446022516507774268
14430,7446049075557829923
14431,7445745470120447290
14432,7445983226763463993
14433,7445961265660415243
14434,7445791854295010598
14435,7445741119255645474
14436,7445856652932222227
14437,7445973574155898169
14438,7445875034494749962
14439,7445890067203214603
14440,7445838164301860135
14441,7445818673912089896
14442,7445934301977333043
14443,7445929672468155658
14444,7446051513501355300
14445,7445780654878395689
14446,7445830020880289084
14447,7445751052613209402
14448,7445773340217740602
14449,7445762935256780032
14450,7445962132643958055
14451,7445952590011059465
14452,7445837528692821263
14453,7445712486386519334
14454,7445993335853993226
14455,7446009220752805177
14456,7445893153082625307
14457,7446008908776213814
14458,7445907183709080872
14459,7445806425533615375
14460,7445833521769368859
14461,7446003953592028470
14462,7445792000319835418
14463,7445882087166496000
14464,7445955981156142395
14465,7445890061398265122
14466,7445883377934257418
14467,7445853725765291323
14468,7445993539030224168
14469,7445996972193910031
14470,7445874452593724711
14471,7445876145452535097
14472,7445943853288361270
14473,7445948613366156544
14474,7445910523188710697
14475,7445851515429915938
14476,7446014171474316578
14477,7445844942037011750
14478,7445876084245040442
14479,7445879405991218492
14480,7445876734534143272
14481,7445929353000586515
14482,7445944705445137715
14483,7446034308940254464
14484,7445961406064758079
14485,7445921481487387961
14486,7445708439143091516
14487,7445933605299260709
14488,7445716630287551802
14489,7446013778929470735
14490,7445884836415376699
14491,7445787553766100261
14492,7445797025200819514
14493,7445920827360546108
14494,7445879214043172134
14495,7445720617644477731
14496,7445886274650541339
14497,7445814431780523291
14498,7445806176102649148
14499,7445793321370307840
14500,7445896411473857846
14501,7446020137532148992
14502,7445913821534768436
14503,7446022963729632521
14504,7446002147331788047
14505,7445900132526181692
14506,7445842843140246818
14507,7446005873207528763
14508,7445860973446974779
14509,7445769758999334202
14510,7446014250893511971
14511,7446002879422319872
14512,7445978527574281529
14513,7445857583434370363
14514,7446026060715593012
14515,7445840436964445452
14516,7445852573812149516
14517,7446023522436091177
14518,7445940925391506746
14519,7445810581312998668
14520,7445862603881991462
14521,7445981261539069199
14522,7446026727567936825
14523,7445961470208183561
14524,7445979720929381642
14525,7445923874325171514
14526,7445877613811256615
14527,7445955580482571574
14528,7445823039238901050
14529,7446007527436766474
14530,7446015742891363641
14531,7445781114712542473
14532,7445831565411650842
14533,7446033026728906041
14534,7445956277798210875
14535,7445887182910262537
14536,7445814624651332914
14537,7445904827520994620
14538,7445924801278987554
14539,7445832198625791283
14540,7445831390534323515
14541,7445931892207029514
14542,7445732237431164187
14543,7446053364174949691
14544,7445992490366192953
14545,7445877031763561788
14546,7446002502366956852
14547,7445912254484172041
14548,7446010654521085236
14549,7445874320150187322
14550,7445785235666570554
14551,7445986975917575481
14552,7445937629058616586
14553,7445841990962433321
14554,7445836814922960188
14555,7446050785646873871
14556,7445993903532084537
14557,7445876517722262835
14558,7445919619883289895
14559,7445704407456484658
14560,7445902869766655283
14561,7445940704364334355
14562,7445974973920922930
14563,7445832972307090729
14564,7445924748808162560
14565,7446046812391083324
14566,7446053798142856486
14567,7446033272699669775
14568,7445822495703305484
14569,7445898724196240692
14570,7445818415979253052
14571,7445680932712893734
14572,7445808677216472355
14573,7445837245644361012
14574,7445893397195377931
14575,7445900434222451987
14576,7445856605834366262
14577,7445909449736293643
14578,7445971333130800410
14579,7445847365841325375
14580,7446277184345345316
14581,7446097930949315877
14582,7446121045460831546
14583,7446128697951800633
14584,7446374581234945337
14585,7446115234936392969
14586,7446270349857017139
14587,7446205038382435641
14588,7446171716029533500
14589,7446078422754905356
14590,7446300616223247652
14591,7446171616628706619
14592,7446280588006296870
14593,7446295583880498468
14594,7446178614074199333
14595,7446381264661253416
14596,7446154064603204875
14597,7446293779780324659
14598,7446232908072865082
14599,7446151585811549500
14600,7446075285688126720
14601,7446259222209170714
14602,7446225554971364662
14603,7446190678729674011
14604,7446446990294060340
14605,7446650657714490624
14606,7446594298415435066
14607,7446922826172484883
14608,7446949102270549305
14609,7447083278273613067
14610,7447005573154917690
14611,7447396567784426764
14612,7447455092699172096
14613,7447281114810518811
14614,7447539373907643658
14615,7447487952730574140
14616,7447419897241472310
14617,7447408010391047424
14618,7447475453620702522
14619,7447460077830819130
14620,7447511745956007226
14621,7447487433295416636
14622,7447524702551084347
14623,7447307607842360610
14624,7447697944796482842
14625,7447782807272820025
14626,7447739577273552168
14627,7447699953129999668
14628,7447886081753713947
14629,7448033331603721526
14630,7448213706946727168
14631,7448086462765075764
14632,7448054769454730530
14633,7448158921526611260
14634,7448439275030351115
14635,7448543165079948607
14636,7448636243543461135
14637,7448600437848132927
14638,7443037787919551782
14639,7443106527570906394
14640,7443315516409793804
14641,7443429284586294591
14642,7442258457127898383
14643,7442910592723160360
14644,7442583918827605288
14645,7442657137823599932
14646,7443048295989038388
14647,7442929596997143865
14648,7443143485265431823
14649,7443333145744723258
14650,7443302323369020724
14651,7443412901890723135
14652,7442272369122626873
14653,7442262213911399680
14654,7442630320865709312
14655,7442548023063891240
14656,7442842738292165948
14657,7443278939398737152
14658,7443472668537392441
14659,7443330972113734966
14660,7443395021597920570
14661,7443372034203176226
14662,7443261642504146176
14663,7443267417918262539
14664,7443406029322341644
14665,7443590520737254707
14666,7443729814185446713
14667,7443696950412709135
14668,7443476665478466828
14669,7443617998566329640
14670,7443960335414988068
14671,7443853789477522707
14672,7444035680021351718
14673,7444050481317481767
14674,7444385984621350194
14675,7444388373034290469
14676,7444314085312810267
14677,7444374488520592698
14678,7444881261715279113
14679,7445325887345560859
14680,7445095096929881407
14681,7445061148791065891
14682,7445292780173200677
14683,7445616041352351010
14684,7445590987193240883
14685,7445580515391900985
14686,7445436476726316324
14687,7445679907956329780
14688,7445454456113696057
14689,7445558304987696444
14690,7445522314407595314
14691,7445587010133167375
14692,7445552689494248763
14693,7445429448020692260
14694,7445538594032291091
14695,7445560787411766585
14696,7445610988310678820
14697,7445381555331059001
14698,7445488470656584972
14699,7443480658325802297
14700,7445111536986672403
14701,7445557085724560649
14702,7445460342785789210
14703,7445612032197397779
14704,7445573285443538202
14705,7445700194882047283
14706,7445437844849560858
14707,7445577600556174649
14708,7445630719499570489
14709,7445588569919393076
14710,7445888475028540726
14711,7445870233123884346
14712,7445914592745753907
14713,7445866950581865738
14714,7445827612796112164
14715,7445943876570860837
14716,7445993505266142490
14717,7445901660926397706
14718,7446008070154489142
14719,7445897638152523020
14720,7445803752772160808
14721,7445962202441354535
14722,7445766805894876475
14723,7445683853026544932
14724,7445793301598326075
14725,7445841946074942777
14726,7446046491673709860
14727,7445790440646921529
14728,7446053888576261436
14729,7445946996239682875
14730,7446304364529995020
14731,7446291426817608960
14732,7446437336629513482
14733,7446439593232125236
14734,7446351389489417513
14735,7446252443052084538
14736,7446217440872107305
14737,7446232705722764544
14738,7446382357692697896
14739,7446812230793858339
14740,7446517006385286454
14741,7446591040275909903
14742,7447134812051082554
14743,7447098577530146058
14744,7447140498470440228
14745,7447113103935868194
14746,7446937548070374665
14747,7446815731997609267
14748,7447132443477380367
14749,7447309705443118376
14750,7447495028328467766
14751,7447682065178365241
14752,7447924179153718586
14753,7447745553170992441
14754,7447752589187321147
14755,7447715232610389311
14756,7447905583589543180
14757,7448172253352627466
14758,7448049111267347769
14759,7448048798128950587
14760,7448205429122911528
14761,7448379491757477155
14762,7445233441995590948
14763,7445229901176655119
14764,7445297830467472690
14765,7445238943613848884
14766,7445251644230585612
14767,7445249426785881403
14768,7445269345669844284
14769,7445304884636716314
14770,7445222006624144698
14771,7445562060454268179
14772,7445540837146119482
14773,7445549649500376378
14774,7445514824995310899
14775,7445586825806122278
14776,7445544631145680188
14777,7445586692838280463
14778,7445610193389473081
14779,7445653468200586547
14780,7445466924965711139
14781,7445389954722614578
14782,7445492215478111547
14783,7445441136686042427
14784,7445426915298577702
14785,7445435637315931429
14786,7445458941548530981
14787,7445388538188795176
14788,7445468418452507963
14789,7445490643360632123
14790,7445470685960408380
14791,7445464598595095834
14792,7445430043741801765
14793,7445429215714905383
14794,7445510350331546938
14795,7445525266077650234
14796,7445492203008298249
14797,7445464686587317562
14798,7445566163678973243
14799,7445473829373185338
14800,7445468370230594879
14801,7445501036992679219
14802,7445547106615430411
14803,7445494551785065788
14804,7445545881883004179
14805,7445466863062060338
14806,7445472281687526716
14807,7445365954231405887
14808,7445473262605274404
14809,7445472069661347135
14810,7445244488877935898
14811,7445298117966155046
14812,7445261726091709708
14813,7445247052067441955
14814,7445255457784024360
14815,7445216777086307623
14816,7445610450630217000
14817,7445502696087358759
14818,7445520718391037243
14819,7445450662483135753
14820,7445445771043818789
14821,7445609342168026377
14822,7445615554301414694
14823,7445573244305919284
14824,7445465600270322970
14825,7445696818169613604
14826,7445474159733329193
14827,7445474260371410215
14828,7445656347493797157
14829,7445867358817652002
14830,7445857701478911290
14831,7445708911409253641
14832,7445729242211487003
14833,7446019084648549672
14834,7446031062918090036
14835,7445857242970148150
14836,7445824037898554681
14837,7445727064138763578
14838,7445956953089658152
14839,7446436778304752911
14840,7446338020594191670
14841,7446302495929847074
14842,7446370005534493963
14843,7446723431682395419
14844,7446751716013313306
14845,7446789513692695845
14846,7446684661964754210
14847,7446544678448680228
14848,7446723396005563657
14849,7446777385262861583
14850,7446936002502954280
14851,7447489520297102643
14852,7441361903982611762
14853,7441481617828252965
14854,7442296438182120758
14855,7442944212481461530
14856,7442927562180824347
14857,7442923535045037372
14858,7443042108467957044
14859,7442981485319032123
14860,7443680720909765948
14861,7443692169333886223
14862,7443590754414464296
14863,7443698069721353472
14864,7443569003487874316
14865,7443584362991389967
14866,7444066517249002752
14867,7443858371184299314
14868,7443901372438744330
14869,7444003787619994899
14870,7444529012048661800
14871,7445064942102908194
14872,7445043899338345738
14873,7445618811429981466
14874,7445571031210708239
14875,7445591449430723852
14876,7445595244491590924
14877,7445649600322538809
14878,7445669841572318521
14879,7445520265242561855
14880,7445564793790024998
14881,7445642987184459060
14882,7445676299839966500
14883,7445682902123203876
14884,7445636983256255770
14885,7445655356971207995
14886,7445648349090303292
14887,7445630786662878516
14888,7445524496213101876
14889,7445660969956625721
14890,7445681841228549436
14891,7445650723846606107
14892,7445624714673802547
14893,7445616092623473957
14894,7445662364692663602
14895,7445601826126318863
14896,7445685572062039332
14897,7445575366858640698
14898,7445637495032663346
14899,7445651542268464394
14900,7445678134797602107
14901,7445654917341089039
14902,7445618255814741302
14903,7445661388111957286
14904,7445650837226999076
14905,7445651597004213562
14906,7445677958397807931
14907,7445622303368482086
14908,7445690511568031033
14909,7445647534665600256
14910,7445947365292330259
14911,7445858163032640783
14912,7445987885305695522
14913,7445902844496039219
14914,7445862561024642355
14915,7445822532969614627
14916,7445902461748923659
14917,7445813657012866362
14918,7445910158988856576
14919,7446027617888750886
14920,7445797536591334716
14921,7445805787236158747
14922,7445868392222838043
14923,7445870302850026788
14924,7445823130326601001
14925,7445843781452188969
14926,7445852985155980584
14927,7445950203573570827
14928,7445907954760437011
14929,7445988627982683449
14930,7445870118917147967
14931,7445788481508461881
14932,7446059674778045755
14933,7445786575104953659
14934,7445865920746081555
14935,7446030673401367867
14936,7445964712598195471
14937,7445867734597995785
14938,7445852869565140243
14939,7445728893446720779
14940,7445865660636220683
14941,7445798155045637436
14942,7445888770152336652
14943,7446017652054658313
14944,7445934082485226790
14945,7445882483087904037
14946,7445885015478652186
14947,7445937428956761384
14948,7445938064460926242
14949,7445891685806067003
14950,7445938196577291577
14951,7446025107170004282
14952,7445995783867976970
14953,7445937741222726952
14954,7446164523490299196
14955,7446086729192197436
14956,7446425579735256358
14957,7446358354592681251
14958,7446097607811779879
14959,7446181830669241660
14960,7446425144085581097
14961,7446149681152806179
14962,7446180658172398907
14963,7446256153941560591
14964,7446275417905974543
14965,7446184674298318114
14966,7446214349221285174
14967,7446265152099323172
14968,7446759458358807842
14969,7447361744202206500
14970,7447444651277159740
14971,7447331531317644563
14972,7447796548689218874
14973,7447705322174614820
14974,7447677927531007259
14975,7448661344225627444
14976,7448601290315271460
14977,7448474767436369202
14978,7445223815677758783
14979,7445162491656621352
14980,7445214677014990131
14981,7445253165361925434
14982,7445237771054157107
14983,7445184554362539305
14984,7445232225102187833
14985,7445221266140695871
14986,7445158314658319625
14987,7445172377203379483
14988,7445170330521308466
14989,7445215415527034138
14990,7445496752288861499
14991,7445501158350736640
14992,7445351176880655666
14993,7445332705069387066
14994,7445451463939149065
14995,7445455961759780153
14996,7445897306932612386
14997,7445803459862924571
14998,7445854080582389050
14999,7446232136622918972
15000,7446793352026000659
15001,7446986633490091274
15002,7447829295348583695
15003,7445453137743269130
15004,7445195859928698169
15005,7445211951879228707
15006,7445301791501208858
15007,7445270884119498036
15008,7445217061955063097
15009,7445203384992304411
15010,7445274029163875594
15011,7445299086946782527
15012,7445213659233651995
15013,7445279899390102825
15014,7445515835847789836
15015,7445512069488610611
15016,7445337441277316367
15017,7445955903737580810
15018,7445952626027416889
15019,7445958275209678115
15020,7446070190300826937
15021,7445962905255726336
15022,7445964013797723450
15023,7445984052106038579
15024,7445946257773759782
15025,7445999926649146683
15026,7445953369409080613
15027,7445978497782271284
15028,7445970554634423578
15029,7445949796600384807
15030,7445965056078040370
15031,7445965565136604468
15032,7445938345345174784
15033,7445979726331514147
15034,7445986159290780969
15035,7445972502473362703
15036,7445945829195517235
15037,7445964719569112357
15038,7446008703813307705
15039,7445930593344310547
15040,7446023813378182415
15041,7446015028660129082
15042,7446029478142184741
15043,7445983876062760252
15044,7445993479366298934
15045,7446029268804439311
15046,7445984731172228406
15047,7446019127497542948
15048,7443147029754301730
15049,7443149029321510204
15050,7443628768641535247
15051,7446030654589930809
15052,7446019202856668443
15053,7446034456802004264
15054,7446008071530335545
15055,7446068543277255975
15056,7446007383320448283
15057,7446064637629451547
15058,7446040628758187316
15059,7446053487919582523
15060,7446035741580332297
15061,7446008147476614410
15062,7446027202052771113
15063,7446054037843086655
15064,7446008555196484922
15065,7446057094773574972
15066,7446012456943619369
15067,7446038048707595580
15068,7446018176871173395
15069,7446024036527770907
15070,7446015175414549820
15071,7446064952118496523
15072,7446033264927640871
15073,7446020669919268155
15074,7446046206968499510
15075,7446016764556627210
15076,7446069059126316346
15077,7445942978251705658
15078,7446011956948979002
15079,7446044007366495524
15080,7446047394489273660
15081,7446016655001521408
15082,7446021512139656508
15083,7446012690503355660
15084,7446039924484115739
15085,7446011769350262050
15086,7446037138812062985
15087,7446021886246489381
15088,7446017094304501033
15089,7446024696610524426
15090,7446015353404132659
15091,7446010624221383936
15092,7446010467668987176
15093,7446030341212605734
15094,7446008408974691644
15095,7445885929295711526
15096,7446056198727650617
15097,7446062330556747068
15098,7446014284523425081
15099,7446007185785556234
15100,7446057743208697126
15101,7446047452156693796
15102,7446047013969415459
15103,7446058399554342202
15104,7446052736086347048
15105,7445831628171136265
15106,7446012106413067555
15107,7446030850535279907
15108,7446046063665876282
15109,7446011286913158438
15110,7446059970207976730
15111,7446046204120681788
15112,7446019659221962034
15113,7446052126049963279
15114,7446014436596387091
15115,7446047013961092390
15116,7446063512725605643
15117,7446064142676528384
15118,7446020100244720950
15119,7446053384941014331
15120,7446021249144294715
15121,7446062288836054330
15122,7446058585710202171
15123,7445630989440748850
15124,7446014266647268635
15125,7445985379351612722
15126,7445938135722167590
15127,7446018868864224549
15128,7445972514150386956
15129,7445959677193604352
15130,7445887314041130277
15131,7445998460941192511
15132,7445863581897297161
15133,7445958754593508642
15134,7445970995023777065
15135,7445988564535495974
15136,7445850515935677708
15137,7445953571222293795
15138,7445169352220888371
15139,7445199816113556763
15140,7445191205144612106
15141,7445130734500695296
15142,7445162580202638604
15143,7445169816954080562
15144,7445231698867916043
15145,7445229492655934778
15146,7445259624640449833
15147,7445203669479443772
15148,7445132469441023247
15149,7445286852380118287
15150,7445206012858092809
15151,7445457199138229558
15152,7445529832722681098
15153,7445564395888938299
15154,7445489968400600329
15155,7445500457130151219
15156,7445654182251613503
15157,7445475937837141300
15158,7445489368099343651
15159,7445672057490246950
15160,7445425064150945043
15161,7445657042909400360
15162,7445460867354856754
15163,7445613792458738953
15164,7445520086338653475
15165,7445674336482069810
15166,7445661722200837428
15167,7445471519813160229
15168,7445576526654967040
15169,7445686624899403068
15170,7445655960229612827
15171,7445463981352815881
15172,7445497049405017402
15173,7445656267340762420
15174,7445522347831872827
15175,7445533558367685924
15176,7445486735967964470
15177,7445547312593554751
15178,7445672579878112522
15179,7445503462122507530
15180,7445536823985687848
15181,7445557780964068635
15182,7445692880355675446
15183,7445626601657601307
15184,7445657816259497228
15185,7445657506778582307
15186,7445872556239768858
15187,7445978517625490703
15188,7445840517570596153
15189,7445961992793328933
15190,7445903650444086563
15191,7445953411427634467
15192,7445834926898826505
15193,7445894936639163706
15194,7445981794094058804
15195,7445706705532439860
15196,7445892570397379881
15197,7445966227996019987
15198,7445978993779641640
15199,7445842559739366668
15200,7445987227093503258
15201,7445987033400560931
15202,7446001179131153673
15203,7446057140961185043
15204,7446019929666637096
15205,7445817751639215419
15206,7445865188810591546
15207,7446050795780459795
15208,7445977125162716475
15209,7445980759342452003
15210,7445811438234406202
15211,7445908017591192886
15212,7445906443150183720
15213,7445702318063996194
15214,7446031297878822204
15215,7445859469839338788
15216,7445858269245033782
15217,7445966921268333861
15218,7445847387555351843
15219,7445906412443667764
15220,7445953710402014483
15221,7446040066922663226
15222,7445963212689788169
15223,7445977247351147836
15224,7445835017391000842
15225,7445855625147387193
15226,7445479581215247666
15227,7445488679528729907
15228,7445479951068941607
15229,7445952167644564794
15230,7445939877478190351
15231,7445866277035347236
15232,7445822703501675833
15233,7445924954870222120
15234,7445721250288192809
15235,7445858786805337378
15236,7445916072877788425
15237,7445857784081452300
15238,7445889947086671116
15239,7445944413173320995
15240,7445927375428275497
15241,7445920538322554149
15242,7445871245947620647
15243,7445894855424789794
15244,7445867858917199104
15245,7445914446804847930
15246,7441060989946154255
15247,7440985518600424719
15248,7441179109700504889
15249,7440879610771868987
15250,7441279245566889216
15251,7441547394157743386
15252,7441474934762654991
15253,7441928296041876763
15254,7441795761186098432
15255,7441972287294737690
15256,7441978598313020684
15257,7442225620442025227
15258,7442318237993356570
15259,7442259320051387674
15260,7442071616059706684
15261,7442286765701958947
15262,7442330992364293376
15263,7442284889459690789
15264,7442291619136621864
15265,7442170741119864124
15266,7442332470210563363
15267,7442183022658587967
15268,7442273271413771531
15269,7442714360146939151
15270,7442557747758976307
15271,7442470776709664015
15272,7442245440818466067
15273,7442616449388088603
15274,7442905627162135845
15275,7442973325715836170
15276,7443074275566701862
15277,7443043204468854073
15278,7443066063882833187
15279,7442935261727624500
15280,7442927053982207291
15281,7443383749343055115
15282,7443422518163115298
15283,7443226964309134652
15284,7443319174908153139
15285,7443286170051644713
15286,7443402112559484212
15287,7443317585829039400
15288,7443443510063156530
15289,7443434633791900985
15290,7443614889622506803
15291,7443743864000744764
15292,7444068503650356518
15293,7444516514243431734
15294,7444501357538708795
15295,7444925110147976502
15296,7444935750531009803
15297,7445519588365831476
15298,7445442811958250809
15299,7445916349819391292
15300,7446035213542509884
15301,7446032279194946831
15302,7445845197415566650
15303,7445985566820207926
15304,7445998629833264441
15305,7446013092145712421
15306,7445689140995231027
15307,7445693589746650418
15308,7445904552194215227
15309,7445921612668488969
15310,7445957415779994919
15311,7445932390725225728
15312,7445689013270367538
15313,7445859786681240889
15314,7445828725578403132
15315,7445905449703984441
15316,7445809794847362362
15317,7445742847099161919
15318,7445868363278044428
15319,7445827737773673786
15320,7445908897296108858
15321,7445937477417700668
15322,7445924441298636091
15323,7445920937213562170
15324,7446015839620451647
15325,7445979225204460815
15326,7445916824471964943
15327,7446070185628372263
15328,7445928146592943397
15329,7445980604769914175
15330,7445930731651583244
15331,7445947995570375993
15332,7445956037137435962
15333,7445918157321162025
15334,7445925750550662451
15335,7445917899295935798
15336,7445901337235098934
15337,7445915944091700519
15338,7445898596798483752
15339,7445991909400595749
15340,7445935104859327779
15341,7445915650557512970
15342,7445972993576062268
15343,7445919870014721321
15344,7445919998163340554
15345,7445921190176197942
15346,7445943502061440295
15347,7445987703910419738
15348,7445901335695756604
15349,7445950245516692771
15350,7445926436080291130
15351,7446033688728440099
15352,7446003863095676212
15353,7445967685470424383
15354,7445900547619556668
15355,7445966668758633747
15356,7445899493540760869
15357,7445921200158559548
15358,7445919463947406601
15359,7445948233995554085
15360,7445987657538178341
15361,7445909790368304441
15362,7445926167640608010
15363,7445918513954311481
15364,7445947623485328700
15365,7445921954768375052
15366,7445980107837050166
15367,7445918676055837971
15368,7445953144640523583
15369,7445986639907704103
15370,7446019822271335732
15371,7446037734147345691
15372,7446007610412649737
15373,7445980174664977718
15374,7446043264114822452
15375,7445947821464784164
15376,7446030239970446642
15377,7445935460171418891
15378,7446031793322478889
15379,7446027960638836005
15380,7445950992060910906
15381,7445997727697194252
15382,7446068221729344826
15383,7445941397208845627
15384,7445979342376635707
15385,7445906298249465127
15386,7446017982511222073
15387,7446002886628085055
15388,7446002742776040739
15389,7445994988569185571
15390,7446000645510876476
15391,7445949407066934555
15392,7445982815482563897
15393,7445906928250719499
15394,7445999914150120762
15395,7446023583664442661
15396,7445910634501262644
15397,7446005505362758947
15398,7446053801926200613
15399,7445981722660900156
15400,7446014074934103335
15401,7445988802629356840
15402,7445992064493358375
15403,7445971120169291044
15404,7445981802776317223
15405,7446022115775565119
15406,7445929409732758819
15407,7445977971602541863
15408,7446019353297882404
15409,7446056287726505227
15410,7445880552827129145
15411,7445994611039898937
15412,7445985868180983090
15413,7445999525962992932
15414,7445993304249863481
15415,7446017345870466331
15416,7446060409691442495
15417,7445870497910295846
15418,7445873151189290240
15419,7445959249768893715
15420,7445948222209559848
15421,7445961908471074067
15422,7445981281755712827
15423,7446388626969120038
15424,7446250836579077412
15425,7446242707497880870
15426,7446224123312835900
15427,7446292854835563787
15428,7446248399394868515
15429,7446233525436615987
15430,7446245850428247311
15431,7446287377825303862
15432,7446153199762885899
15433,7446401666154368266
15434,7446312533100727562
15435,7446321349402053914
15436,7446052692725665087
15437,7445994958064012559
15438,7446027686998248764
15439,7446418465247759631
15440,7446404658769251620
15441,7446293362820271419
15442,7446291647341628729
15443,7446308522154822962
15444,7446352852009749770
15445,7446251831862381864
15446,7446310363043319077
15447,7446334829945195836
15448,7446312505078598921
15449,7446410690086161691
15450,7444743568008252731
15451,7444812592184446245
15452,7444954179031829819
15453,7444904391771000122
15454,7444887604585073958
15455,7444916430341950780
15456,7444950681615617321
15457,7445029776777022770
15458,7445125214821698873
15459,7445294155124837682
15460,7445185108954385679
15461,7445229263717944626
15462,7445225439670357267
15463,7445323559636962579
15464,7445314934243609913
15465,7445610820530113827
15466,7445579610722536740
15467,7445696393903131944
15468,7445641999543192895
15469,7445555195540426044
15470,7445917778663591183
15471,7446222066090577210
15472,7446356226943896890
15473,7441539475253120275
15474,7441605036586650938
15475,7441942226625629503
15476,7442265877447216393
15477,7442152357019782460
15478,7442597218990722363
15479,7442435901503835433
15480,7443717807197506873
15481,7443809346653359417
15482,7444210256466464000
15483,7444031058330373428
15484,7444024885036338466
15485,7444378208524373299
15486,7444574657308626226
15487,7444392770128727311
15488,7444772537390681407
15489,7444810846401744168
15490,7444757717320797450
15491,7445247554591247675
15492,7445070339232501042
15493,7445341276716666164
15494,7445996495544913215
15495,7446019685734157608
15496,7446008250086018361
15497,7446315152288288010
15498,7446319586435222824
15499,7446366768521645349
15500,7446413707191553280
15501,7446343319317253427
15502,7446376926484253987
15503,7446379648407145737
15504,7446375535711735098
15505,7446341100081597722
15506,7446407856670149898
15507,7446340648078150953
15508,7446322166246804755
15509,7446326608446672143
15510,7446435707444301090
15511,7446427675272465673
15512,7446356000900156699
15513,7446330528489344267
15514,7446411435560668454
15515,7446400410660687144
15516,7446403411781651762
15517,7446385779447729417
15518,7446381747589106963
15519,7446405036579540287
15520,7446383706098437391
15521,7446381792065572147
15522,7446427535224720674
15523,7446382508280728895
15524,7446380448667667747
15525,7446406588585299209
15526,7446380436449742091
15527,7446420881976364329
15528,7446391371956620585
15529,7446387876377480486
15530,7446377062966873396
15531,7446387394187742521
15532,7446392574941596947
15533,7446388520719043881
15534,7446431602906860858
15535,7446410233657789735
15536,7446378596827958567
15537,7446440355429469494
15538,7446378303998446899
15539,7446390000746368294
15540,7446396352948391222
15541,7446423713022496059
15542,7446394536542178611
15543,7446405699921317180
15544,7446399912528399642
15545,7446388944540847369
15546,7446418250017164607
15547,7446417086466903348
15548,7446753711814118713
15549,7446513507899657530
15550,7446657420023172409
15551,7446255698972790028
15552,7446411779837578554
15553,7446305780422233381
15554,7446319082082716937
15555,7446386764471749946
15556,7446409794035977508
15557,7446405246353542463
15558,7446381834704899385
15559,7446392865472777529
15560,7446355810860502330
15561,7446336488691879227
15562,7446384873234812217
15563,7446362033487908108
15564,7446366426828508425
15565,7446407614956588342
15566,7446362515434474788
15567,7446374697815592252
15568,7446404218195332386
15569,7446347881432223026
15570,7446407311221919035
15571,7446319546593578255
15572,7446354221621857596
15573,7446410272018894139
15574,7446343022062669096
15575,7446326453852998971
15576,7446355129839717651
15577,7446340937120353587
15578,7446355613044526347
15579,7446324732707835173
15580,7446337880701553979
15581,7446293756883520802
15582,7446372722466164020
15583,7446430664137690422
15584,7446391300980477243
15585,7446377442463206682
15586,7446431358362127674
15587,7446331773341994291
15588,7446355063712353570
15589,7446355130607209785
15590,7446379624478559507
15591,7446403798559477027
15592,7446316524526144807
15593,7446315177147993363
15594,7446399612920876327
15595,7446039076035251496
15596,7445975258676366652
15597,7445983183536917799
15598,7445833214008003849
15599,7446074118832753955
15600,7446234013573991720
15601,7446254673402645817
15602,7446342523594820900
15603,7446345348773154059
15604,7446423758241320207
15605,7446339366818958651
15606,7446441138694737192
15607,7446155182603357479
15608,7444198729902574875
15609,7444546224792816907
15610,7444490019902934284
15611,7444754343217073427
15612,7444860559926791458
15613,7444779864642702601
15614,7444799861037288756
15615,7444846692840525090
15616,7444908485688577334
15617,7444594472588987683
15618,7444593030515920188
15619,7444962937489476879
15620,7445048285506702629
15621,7444990419848449332
15622,7444973587661933883
15623,7445036844976295206
15624,7445551835009568063
15625,7445555388151385381
15626,7445439049680145700
15627,7445486623355079963
15628,7445592342402223418
15629,7445336395108928805
15630,7445563188155895092
15631,7445524070772378920
15632,7445458598672518452
15633,7445984903876840739
15634,7446065952149490983
15635,7445990650736135462
15636,7445974202881985849
15637,7445791763609980197
15638,7446344321005128998
15639,7446312248500309302
15640,7446274633050983738
15641,7446338494600858890
15642,7446410895707639075
15643,7446594626632322361
15644,7446623336932625714
15645,7446808627442142523
15646,7446446592669814067
15647,7446724349454847273
15648,7446514485902216483
15649,7446505114765905162
15650,7446560025914461479
15651,7446769610587671808
15652,7446790441955052834
15653,7446788557114477824
15654,7446721195363306811
15655,7446554596060794149
15656,7446709976434871610
15657,7446446759166922041
15658,7447115971048918322
15659,7447172476376845628
15660,7447086114722057510
15661,7447089195979509052
15662,7447129211413761340
15663,7447108540591918390
15664,7446842242549009716
15665,7447069522831461686
15666,7447120704278908169
15667,7447157433258020150
15668,7447118128145878312
15669,7447112623654604095
15670,7447162181788945679
15671,7446955874599341366
15672,7447082035073617215
15673,7447326930841374011
15674,7447240419978579209
15675,7447363001100881210
15676,7447435438467386650
15677,7447062457933106451
15678,7447384053252214028
15679,7447438299309837568
15680,7447383251712249148
15681,7447291426523614516
15682,7447462529984515355
15683,7447368678900763945
15684,7447367275822288154
15685,7447428234251144474
15686,7447272858163744037
15687,7447501349442424115
15688,7447193914584386842
15689,7447197062619335946
15690,7447897568090098954
15691,7447862156722277658
15692,7447748498088283392
15693,7447899708174961955
15694,7447648918759836982
15695,7447707538264427803
15696,7447850974418373899
15697,7447715365888560418
15698,7447674964041403685
15699,7447662603368680714
15700,7446261624937205026
15701,7446292560152218906
15702,7446044082817797433
15703,7446053123539389759
15704,7446239845246143796
15705,7446330081544293643
15706,7446364188118715699
15707,7446371346327604537
15708,7446325018469928251
15709,7446397737735572793
15710,7446337361119579431
15711,7446403351660465471
15712,7446327251307711778
15713,7446279442059562276
15714,7446259931805715747
15715,7446275983868497203
15716,7446231267894365494
15717,7446403983670856975
15718,7446295274219228443
15719,7445999578463194419
15720,7446029459116838201
15721,7446025937428221221
15722,7446014914046479650
15723,7446039225172118818
15724,7446043864575528202
15725,7446049389568675122
15726,7446026025223376155
15727,7446044297897594172
15728,7446065920180587802
15729,7446060209002302780
15730,7446022162206461196
15731,7446005285354753289
15732,7446059884480662836
15733,7446046976535219491
15734,7446009310045343034
15735,7446043759835401523
15736,7446023048840432956
15737,7446021892437282057
15738,7446065744212675849
15739,7446052579102002472
15740,7446053882335202600
15741,7446018970714492179
15742,7445986504331038010
15743,7446212085459012922
15744,7446222981853875496
15745,7446220338058366223
15746,7446227762987240762
15747,7446227708566048034
15748,7446240689790143794
15749,7446308454685265206
15750,7446262392498949414
15751,7446169494503902527
15752,7446290635591617852
15753,7446223306258271524
15754,7446286571340401920
15755,7446238662414699802
15756,7446238655040982284
15757,7446075040136711433
15758,7446237855187291392
15759,7446325109477887232
15760,7446284181983759668
15761,7446306458884508982
15762,7446242744286203147
15763,7446120442185764156
15764,7446312067226668351
15765,7446254190583729448
15766,7446275828482166027
15767,7446330995239963944
15768,7446332619878436136
15769,7446299679308008731
15770,7446266275929558281
15771,7446310284551015732
15772,7446074387477925129
15773,7446319422341500214
15774,7446025792804457740
15775,7445992320270421263
15776,7446053538297285945
15777,7446067271140707618
15778,7446036595800640828
15779,7445996243207212338
15780,7446061876888259859
15781,7446057587935644988
15782,7446047782105845004
15783,7446049362137910568
15784,7445996426586328358
15785,7446038990639156515
15786,7446001377857342780
15787,7446054032558411065
15788,7445973659182828837
15789,7446053455698939196
15790,7446038628431646011
15791,7446010848629345576
15792,7446022454868315392
15793,7446007563444915516
15794,7446032063800692003
15795,7446036053347011897
15796,7446056256797723945
15797,7446014349669354810
15798,7446063682603257147
15799,7446039615447846144
15800,7446021848048995634
15801,7446045065690058036
15802,7446066925920193831
15803,7445985861868571945
15804,7446053512967982374
15805,7446011112069369114
15806,7446042473744452903
15807,7445981942438300947
15808,7446060312094068028
15809,7445983503025491257
15810,7446019691669114121
15811,7446045135151942923
15812,7446033045754236220
15813,7446049265606020392
15814,7446024636552285459
15815,7446053434135973130
15816,7446054805346209064
15817,7446037020675214627
15818,7443524685360385339
15819,7444340634275695926
15820,7446332296354991417
15821,7446331887619968295
15822,7446358914901232937
15823,7446314524098989366
15824,7446328173094014248
15825,7446339229879160100
15826,7446341256818527527
15827,7446442050578337081
15828,7446705843979947283
15829,7446807693072878867
15830,7446810041019010331
15831,7446607704417635643
15832,7446723523680259385
15833,7446585740030430490
15834,7446774351552187702
15835,7446733539296431394
15836,7446750479096335676
15837,7446760350332095780
15838,7446777331139530021
15839,7446595134621322535
15840,7446625730710048057
15841,7446803050632596746
15842,7446675281089285403
15843,7446711189729496335
15844,7446701508827090233
15845,7441525698201750838
15846,7442038689607273747
15847,7442537349009001787
15848,7443211245001477435
15849,7444166231424388411
15850,7444585319585844539
15851,7444408331399122210
15852,7444798452879478073
15853,7444883806584147259
15854,7444871294534847802
15855,7445227069270723899
15856,7445604198252645690
15857,7445566334894705935
15858,7445702302419143971
15859,7446346028015455523
15860,7446373080831757568
15861,7446333249158253859
15862,7446334945020185907
15863,7446403585610501430
15864,7446344320459853068
15865,7446354805729021195
15866,7446394006604467514
15867,7446248808259783963
15868,7446339384602807603
15869,7446359592151403795
15870,7446329164879203638
15871,7446346610776296743
15872,7446701247668833551
15873,7446688811246947603
15874,7446676955551862067
15875,7446683457381584155
15876,7446687801451547931
15877,7446723540453166370
15878,7446675986881596726
15879,7446703576623205647
15880,7446681202754456843
15881,7446684819796331834
15882,7446686344664845618
15883,7446681298988453156
15884,7446712243397414159
15885,7446682397057273125
15886,7447175692711693606
15887,7446887623265733907
15888,7446421243525434660
15889,7446387723386064147
15890,7446427747167046931
15891,7446388509730032947
15892,7446355174672649499
15893,7446400966116609315
15894,7446411961929043215
15895,7446411668357221692
15896,7446389029811129638
15897,7446404501717781811
15898,7446415026488954170
15899,7446437144643652879
15900,7446390781809528083
15901,7446439698848877858
15902,7446390603891461415
15903,7446424222680894720
15904,7446414511218625855
15905,7446419057634479410
15906,7446408246136409396
15907,7446422593382518068
15908,7446430457769512252
15909,7446431304918306082
15910,7446438305593396538
15911,7446401208044096783
15912,7446415863193799972
15913,7446402778768969020
15914,7446401911734963514
15915,7446397694353870131
15916,7446424257401343242
15917,7446402934079835427
15918,7446413832479624499
15919,7446401350184799546
15920,7446422293909196084
15921,7446402449067347235
15922,7446559615375969590
15923,7446600796201962789
15924,7446451157997767990
15925,7446742743373597990
15926,7446652071522127161
15927,7446609856603245864
15928,7446541488911076667
15929,7446736532230262073
15930,7446666952422067513
15931,7446485402602507546
15932,7446535205747232040
15933,7446574471382584626
15934,7446584044164336935
15935,7446605416479427852
15936,7446784251879525641
15937,7446668574355246394
15938,7446790493414903079
15939,7446580530922999097
15940,7446573492490882331
15941,7446754669004655932
15942,7446748962280852773
15943,7446726769471655195
15944,7446580328799538473
15945,7446449782803025161
15946,7446579836161641765
15947,7446593414025514278
15948,7446646799156202752
15949,7446713984708873509
15950,7446528616743111973
15951,7446498207955160355
15952,7446616668169604392
15953,7446605228360748323
15954,7446647065129618728
15955,7446764176892153146
15956,7446553254843944218
15957,7446704321338674489
15958,7446733849318509884
15959,7446579010907245843
15960,7446442852382477618
15961,7446570356950846754
15962,7446782494852091186
15963,7446781040569470248
15964,7446653141564673280
15965,7446570030461996326
15966,7446636594683039011
15967,7446485324869520697
15968,7446630275817246011
15969,7446570108354415935
15970,7446562045039840572
15971,7446557305606376761
15972,7446572526131547403
15973,7446460988838186266
15974,7446402188294901011
15975,7446441036529814842
15976,7446426166958787878
15977,7446429263844166972
15978,7446421454763183401
15979,7446400108083547411
15980,7446425585993157903
15981,7446272057236540712
15982,7445130881066437939
15983,7445315983536852235
15984,7446263638404402432
15985,7446317767952698634
15986,7446268767572741414
15987,7446246757408820537
15988,7446325638056725820
15989,7446286817533414716
15990,7446579620448701756
15991,7446654753863421211
15992,7446646612513869116
15993,7446707455502929152
15994,7446606719116938522
15995,7446658654540991785
15996,7446717757313322298
15997,7447125345314065673
15998,7446925306234932516
15999,7446942517888683298
16000,7447102912272076073
16001,7447200844526751017
16002,7447514535080070415
16003,7447516322688159039
16004,7447368314923322675
16005,7447856587663789366
16006,7447736386565770546
16007,7448101651229035826
16008,7448156762949160252
16009,7448081379134426407
16010,7448243708564229376
16011,7448251848047299852
16012,7448246330968886568
16013,7448259248410217739
16014,7448081054960799010
16015,7448114200544660746
16016,7448246184071712040
16017,7448481441371000118
16018,7448523517856861474
16019,7448476949539769640
16020,7448566558324002086
16021,7448434260207291702
16022,7448435778935393547
16023,7448426110389472569
16024,7448437893200121125
16025,7448481666911227163
16026,7448336219966082358
16027,7448324192384126248
16028,7448424192363515177
16029,7448525365414317347
16030,7448663792830958885
16031,7448481550498286908
16032,7448570095149894931
16033,7446337161978236172
16034,7446774999693741366
16035,7446750347596500251
16036,7446356468179193098
16037,7446610543881866536
16038,7446632548836429114
16039,7446728584577682703
16040,7442932193569033472
16041,7442932466056236303
16042,7442998928284470580
16043,7443510799848574246
16044,7443510133876985097
16045,7444877845073055013
16046,7446362086780767546
16047,7446393269677772089
16048,7446361208346725641
16049,7446803676196343078
16050,7446789064818216250
16051,7446786779769785637
16052,7446502620958641418
16053,7446714113973161256
16054,7446390448047787322
16055,7446764874920725796
16056,7446582518180105483
16057,7446689218740407610
16058,7446693586646666508
16059,7446599906866892068
16060,7446916913797549372
16061,7447172453488463154
16062,7446951214299794745
16063,7447111043907685641
16064,7446946010519063866
16065,7446849769252654348
16066,7447090179719925019
16067,7446964685078875427
16068,7446912595887394058
16069,7447125529720933659
16070,7447141063342591242
16071,7447120554861071653
16072,7447043028298009866
16073,7446959420275264806
16074,7447097462138965289
16075,7447001849724489001
16076,7446817363472698675
16077,7446821257716272396
16078,7446884656177220883
16079,7446987117311298853
16080,7446968411709541670
16081,7446727232040619324
16082,7446685016928603428
16083,7446808722954833209
16084,7446629620218121511
16085,7446778573274287418
16086,7446637571033156879
16087,7446628282583338297
16088,7446756042576334117
16089,7446710969750900027
16090,7446782589278473491
16091,7446663964307557689
16092,7446672215552150844
16093,7446742974794353920
16094,7446406207901846803
16095,7446403457004735794
16096,7446405677976702245
16097,7446403693269863734
16098,7446421566172253492
16099,7446406238797171980
16100,7446410092083268923
16101,7446413137907027239
16102,7446403517713042739
16103,7446429748101713163
16104,7446407161372069147
16105,7446416624086764800
16106,7446407681901858059
16107,7446416160834325799
16108,7446426851960016165
16109,7446426423054667047
16110,7446430929389718818
16111,7446433681431891260
16112,7446431505041067291
16113,7446402911841652028
16114,7446421997837487395
16115,7446429623925214464
16116,7446402946587315493
16117,7446421511625395515
16118,7446408847285030179
16119,7446415452688993574
16120,7446588181442497819
16121,7446591549741305129
16122,7446775327663213851
16123,7446709297502883108
16124,7446767327145757979
16125,7446736085784333626
16126,7446773129558445370
16127,7446494361258446121
16128,7446709990846483752
16129,7446773968314420489
16130,7446636977505455395
16131,7446676379606732058
16132,7446611345795058982
16133,7446592530679958843
16134,7446595481293098240
16135,7446653215732534586
16136,7446777984985386281
16137,7446637913569234233
16138,7446688789155663167
16139,7446571921904307508
16140,7446561006588857658
16141,7446580916174048550
16142,7446589219520187706
16143,7446409708593827109
16144,7446608244245531944
16145,7446610775193505084
16146,7446608879175126332
16147,7446415091555159333
16148,7446378810162892092
16149,7446396837969415476
16150,7446407203717729576
16151,7446361926650645820
16152,7446327646104882441
16153,7446338440897056051
16154,7446406289757949244
16155,7446368869725359414
16156,7446408896312397092
16157,7446420491205610762
16158,7446379422892019003
16159,7446363462818647315
16160,7446385020693974322
16161,7446379980117921076
16162,7446367858528914688
16163,7446419816556104997
16164,7446588256050892041
16165,7446452226274381116
16166,7446723318616427810
16167,7446656441131240731
16168,7446696389070900492
16169,7446797375206591779
16170,7446715683137686821
16171,7446564122226969867
16172,7446448034780581180
16173,7446765174997945635
16174,7446703583363484980
16175,7446659797224607016
16176,7446790825285061929
16177,7446446692422946084
16178,7447079377436822821
16179,7447179482621955366
16180,7447128744243858703
16181,7447053176676683048
16182,7447040043094494524
16183,7447063179630284069
16184,7447076819796364571
16185,7447170620015611195
16186,7447426933060635913
16187,7447372166594612518
16188,7447421003568876852
16189,7447407386546998585
16190,7447509151174905124
16191,7447353213751151932
16192,7447288352140741946
16193,7447189845606223164
16194,7447417099657497894
16195,7447322780200095036
16196,7447415124203277602
16197,7447465563921648896
16198,7447354060132404515
16199,7442295443033296154
16200,7442291950641810742
16201,7442311818376219931
16202,7442192232905592121
16203,7442517505710509371
16204,7442476012069326080
16205,7442570490478202164
16206,7442472747680206139
16207,7442481641441742091
16208,7442480160697290025
16209,7442488442904136971
16210,7442666562756021555
16211,7442671532918295846
16212,7442465908766805311
16213,7442554472062127370
16214,7442589148122320168
16215,7442665058200538368
16216,7443020194743733514
16217,7443095664180890918
16218,7442896236769840394
16219,7443032853966785804
16220,7442989786727566629
16221,7443043993312578851
16222,7442993465161551139
16223,7443001703080692992
16224,7442975667853053247
16225,7443036234911468840
16226,7442915202930068790
16227,7443020380962426169
16228,7443369405452520704
16229,7443106894547275059
16230,7443466297314151699
16231,7443262275793800507
16232,7443321865000504615
16233,7443401141632650536
16234,7443431448062758153
16235,7443423668971015435
16236,7443439618260815155
16237,7443333917093940515
16238,7443427615437753639
16239,7443435813007854863
16240,7443375196964179259
16241,7443442611622382860
16242,7443289604880452874
16243,7443290939960855817
16244,7443578970085330235
16245,7443788823097543976
16246,7443686325879983412
16247,7443584798725082425
16248,7443782429808119074
16249,7443803630009994555
16250,7443651696976219442
16251,7444149715341495578
16252,7444038478737755427
16253,7443924768375459099
16254,7444189381155507515
16255,7444156567735323940
16256,7443845864541474086
16257,7444135354736626953
16258,7444121937887923506
16259,7444133560836951354
16260,7444094834387815689
16261,7444126146242841913
16262,7443966583334096178
16263,7443975225793858854
16264,7444182085859839292
16265,7444160260761292032
16266,7443960920969137420
16267,7444116682441788729
16268,7444139233608011035
16269,7444149625029741824
16270,7444356587105373498
16271,7444319113666694437
16272,7444305769253702971
16273,7444189441834454326
16274,7444440658993089831
16275,7444367197712960820
16276,7444393411270036762
16277,7444439985215786298
16278,7444308533488799002
16279,7444560268987845924
16280,7444698349661392182
16281,7444805882631720227
16282,7444857794345454899
16283,7444768326103911730
16284,7445316665497111827
16285,7445099997768584485
16286,7445174262698134820
16287,7445288287444503819
16288,7445467258438126908
16289,7445616015871855931
16290,7445579648261524794
16291,7445475014339464498
16292,7445517292043046144
16293,7445652385562676539
16294,7445637717523844361
16295,7445478757038591295
16296,7445663293458402601
16297,7445638991589690633
16298,7445648248909466918
16299,7445637445091216651
16300,7445623687178358070
16301,7445381732448226560
16302,7445662231167012137
16303,7445367339844898107
16304,7445522122270674214
16305,7445374169434443017
16306,7445697008570043658
16307,7445643198787095842
16308,7445988234686909754
16309,7445916110639140136
16310,7445943438480035083
16311,7445974553119051035
16312,7446034792824540450
16313,7445955831784344886
16314,7445975645198257449
16315,7445955406377061692
16316,7445981804584062220
16317,7445960399222066451
16318,7446002506464857407
16319,7445958338778598710
16320,7445949963516792116
16321,7445942250263088403
16322,7445921307360857371
16323,7445911766887877946
16324,7445910130878663986
16325,7446032147913116966
16326,7446015420982709556
16327,7446017911778479420
16328,7445984700482587930
16329,7445821489452027145
16330,7446000276877675836
16331,7445945260896701732
16332,7446055852940791079
16333,7445956157014871336
16334,7445939199892606268
16335,7445951760532852026
16336,7445952069149707579
16337,7445929069230755113
16338,7445932808318586172
16339,7445955980732714297
16340,7445966628967238953
16341,7446066661557292348
16342,7445660892508835098
16343,7446064757456637220
16344,7445967622975327545
16345,7445978392815586600
16346,7446002664535510298
16347,7445829790768139520
16348,7445989759639391529
16349,7446247104462327103
16350,7446309970934615353
16351,7446408280840097058
16352,7446258066305207592
16353,7446439739655294218
16354,7446295168686247226
16355,7446264207634353435
16356,7446358299114622234
16357,7446258561950256395
16358,7446388743512100148
16359,7446329386271362330
16360,7446319825602759976
16361,7446268243389549850
16362,7446381298911923507
16363,7446436211507416377
16364,7446438409649933609
16365,7446201480845004058
16366,7446303958634745122
16367,7446377184375213372
16368,7446082551145385276
16369,7446171514942000442
16370,7446238235107413282
16371,7446436632888200460
16372,7446406919671139619
16373,7446262013375909147
16374,7446642758690901275
16375,7446661572199550259
16376,7446599571024727332
16377,7446621310681091391
16378,7446739271962070335
16379,7446708579727396115
16380,7446796998214290722
16381,7446679384838130978
16382,7446702967870229772
16383,7446734352689515810
16384,7446749627237387561
16385,7446601362932043018
16386,7446671822533184787
16387,7446704064995347748
16388,7446445800651083060
16389,7446387585343130940
16390,7446936360885243174
16391,7447030174022995226
16392,7447105661445344570
16393,7447077726160309530
16394,7446813777183509814
16395,7447075368378404122
16396,7447081229817597220
16397,7446860684727504128
16398,7447080398208748841
16399,7446970559679778082
16400,7446820486035688731
16401,7446970196188728591
16402,7446939630835944754
16403,7447159958031977769
16404,7446961372916714752
16405,7446997125889658122
16406,7446968049636314418
16407,7447106529678871849
16408,7447030599392431418
16409,7446967378883251492
16410,7446906526612131124
16411,7446814733937691967
16412,7447097905262939446
16413,7446920554239561017
16414,7447145352102186297
16415,7446912483379481891
16416,7447087864900341030
16417,7446885270668037395
16418,7447109138024238374
16419,7446960029158133042
16420,7446840422330027264
16421,7446881211479297330
16422,7446706204488781091
16423,7446736819779063097
16424,7446726705508535615
16425,7446703682286062860
16426,7446701975569255689
16427,7446765198435683642
16428,7446771247616183604
16429,7446702761594473762
16430,7446762925194333498
16431,7446793152968576306
16432,7446751611419905292
16433,7446742551891037500
16434,7446779120345845055
16435,7446756196305964338
16436,7446734511477443878
16437,7446801271488613691
16438,7446768084490194185
16439,7446708118593047865
16440,7446767249731489084
16441,7446773548527586610
16442,7446712591465958675
16443,7446705021191752994
16444,7446695121514482979
16445,7446704499089001791
16446,7446692028387200282
16447,7446703269688151296
16448,7446694582064090406
16449,7446740847950941497
16450,7446792292268100901
16451,7446724353833717050
16452,7446693269825752378
16453,7446697133274696986
16454,7446719615037754665
16455,7446723266313456936
16456,7446721622846885147
16457,7446715523657682210
16458,7446746563021442367
16459,7446968769546554659
16460,7446949216779275532
16461,7446887941470719266
16462,7446902151579700540
16463,7446836577537461542
16464,7446892939604659471
16465,7446937366620622130
16466,7446937196696767784
16467,7447088753530637606
16468,7447102505189657913
16469,7447146883065089338
16470,7447079521402113339
16471,7447110440552860928
16472,7447045813622066482
16473,7447117768584875274
16474,7447019349509950755
16475,7447170136995351865
16476,7447094434115685666
16477,7447039419447577915
16478,7447045750271348026
16479,7446952384577801510
16480,7446926430497148187
16481,7447089620556188980
16482,7447092367158545714
16483,7447168472779345190
16484,7447158138714770728
16485,7447040932492365096
16486,7446890330609241385
16487,7447039942657690899
16488,7446951485071428883
16489,7447060281294900517
16490,7447092812299947279
16491,7447153387017080104
16492,7447019613298167074
16493,7447069041455287587
16494,7447056190120447268
16495,7446976726824946955
16496,7447095109075717411
16497,7446810544776039717
16498,7447056935741951272
16499,7447094786470841663
16500,7447010689392168244
16501,7447055232892194048
16502,7447055913954987279
16503,7447093899186785575
16504,7446986909588442402
16505,7446835632405482812
16506,7447023129035083062
16507,7447040597493353769
16508,7446993766579195193
16509,7446979558517067067
16510,7447042187751197962
16511,7447073886795091237
16512,7446970357753449769
16513,7446969643157228826
16514,7446977546920529163
16515,7447107621254876470
16516,7447011717378362651
16517,7446987183497448744
16518,7447069418129083707
16519,7446969561716362496
16520,7447038913039895862
16521,7446956212794559798
16522,7446943810396933385
16523,7447071760685550848
16524,7446987981925272891
16525,7446971188238175488
16526,7446927655825378587
16527,7447125036823022889
16528,7446936209051372800
16529,7446999107073314085
16530,7447179624871742758
16531,7446981385950219580
16532,7446954303924800777
16533,7442174296954277157
16534,7442546261934230841
16535,7442685346883587378
16536,7442518373403053372
16537,7442386261937048872
16538,7442475899649330484
16539,7442681588556614970
16540,7442503929067244810
16541,7442688574606036264
16542,7442504304159722810
16543,7442918073063034112
16544,7442863079777406218
16545,7442898464880479507
16546,7443333207208070400
16547,7443301756043398460
16548,7443332070807489844
16549,7443281124119301428
16550,7443280191440293135
16551,7443248373186039040
16552,7443663616823397672
16553,7443600240516549947
16554,7444010021567941903
16555,7444178078986816777
16556,7443864276911099190
16557,7444056747263675663
16558,7444309117239397692
16559,7444702444749131049
16560,7444889799099501875
16561,7444789545716976931
16562,7444788705220447488
16563,7444849130377104697
16564,7444723754942369084
16565,7444698573008112907
16566,7444940695909043514
16567,7444878789445782818
16568,7445248294370020619
16569,7445159251435146553
16570,7445856524963990820
16571,7445982483893456164
16572,7445916824262249785
16573,7445905521615457590
16574,7445987004472413459
16575,7445984873644313914
16576,7446041801963719946
16577,7445834805133970747
16578,7445858796871716105
16579,7446577992865762587
16580,7446878447424507163
16581,7446914156139220284
16582,7446901517249989914
16583,7446964701306604812
16584,7446916793525964090
16585,7446914052573515067
16586,7446739284222020904
16587,7446728088483892507
16588,7446782101019577641
16589,7446759901273099531
16590,7447053045248134438
16591,7446907684206513435
16592,7446989182607658297
16593,7447012410524716340
16594,7447122081185058102
16595,7447071954265296155
16596,7446999522401701160
16597,7446991223073590566
16598,7446984559620541708
16599,7446756722502421796
16600,7447088633762352399
16601,7447061628782136635
16602,7447136301637176628
16603,7447070175586766080
16604,7447155850004745530
16605,7447002841140497724
16606,7447020149237959946
16607,7447120946852334857
16608,7446988759612149029
16609,7446786963400576291
16610,7446798024551959827
16611,7446962665127267642
16612,7446982541329861897
16613,7447005563222773030
16614,7446978802623728947
16615,7446969312310463756
16616,7446925967626423588
16617,7446982809131945225
16618,7446921721954700604
16619,7446923936815680777
16620,7447094742304738600
16621,7446831790725025036
16622,7447130134584315195
16623,7447132852329663785
16624,7447104194143604025
16625,7447156836853206326
16626,7447160951209561404
16627,7447104345503550729
16628,7447148446408068387
16629,7447062993533259044
16630,7446789583154580771
16631,7446770264601300276
16632,7446784741640080640
16633,7446795867274644775
16634,7446798898473061667
16635,7446792566034451749
16636,7446816580039740707
16637,7447005539978071337
16638,7446931757217123621
16639,7447147497178287386
16640,7447086406469569811
16641,7446767289707351346
16642,7446780784410709248
16643,7446776880826567996
16644,7446996244314000680
16645,7446957085478128950
16646,7446925673689664826
16647,7446730165054426403
16648,7446882530545962290
16649,7446729009410493747
16650,7446732324215033129
16651,7446772062649060667
16652,7446729938880695603
16653,7447077566223109385
16654,7446677145373412608
16655,7446733378780499237
16656,7446777074943036710
16657,7446671759870381372
16658,7446764948245450011
16659,7446982102295465267
16660,7447076799592287526
16661,7447025380352904498
16662,7447168364537072934
16663,7447001059647556873
16664,7446965212210597129
16665,7446959484800371987
16666,7443722995450826024
16667,7443957482340257051
16668,7444036503015116042
16669,7444093566210641161
16670,7444538777369857337
16671,7445309088784780596
16672,7445180564405095689
16673,7445066815492902170
16674,7445178640934980873
16675,7445059808367004928
16676,7445593001977580839
16677,7445548720789228826
16678,7445868958516825404
16679,7445884869915282723
16680,7445872169877310739
16681,7445897792268012811
16682,7446325328001223999
16683,7446302687504682294
16684,7446401554011229451
16685,7446410221641043252
16686,7446260152702881058
16687,7446649221886856483
16688,7447118475908189450
16689,7447144758780169511
16690,7447296989206809915
16691,7447517816942546227
16692,7446986724225371404
16693,7446993909265288463
16694,7447000803094564147
16695,7447007984158248203
16696,7446994768900427023
16697,7447035818155248948
16698,7447021264193015094
16699,7447051574678965531
16700,7447103130006818084
16701,7446993330979867961
16702,7446981730256358675
16703,7446994009714674944
16704,7447014630611750155
16705,7447003724658036006
16706,7447045978642713894
16707,7446977563680886066
16708,7447082814060743987
16709,7447005672719355171
16710,7446983207418891554
16711,7447036597012286747
16712,7446985369465130278
16713,7447002632129989939
16714,7447076520142589224
16715,7447015860369132815
16716,7447024343390915859
16717,7447076725894237455
16718,7446991607829777674
16719,7446999282579737907
16720,7447049062853004553
16721,7447039761778216242
16722,7447041565563866428
16723,7447119500689804596
16724,7446982954510863643
16725,7447063888757132598
16726,7447061211188907316
16727,7447049477535419663
16728,7447051278749830411
16729,7447005271811034419
16730,7447063227877412150
16731,7446981826301807909
16732,7447061981892234546
16733,7447064974175898880
16734,7447003552070831372
16735,7446990119841647926
16736,7447078240004558140
16737,7447029753392958780
16738,7447035223851781395
16739,7447049771736419647
16740,7447031481953783090
16741,7447021327594097955
16742,7446993858434518282
16743,7447150674858626331
16744,7446989150957374720
16745,7447049053143125263
16746,7447134624381144320
16747,7446972743628655882
16748,7446996860314602764
16749,7447087204507192616
16750,7447177409952107834
16751,7447064873327988009
16752,7447039579330284810
16753,7447073807266843940
16754,7447063573630553385
16755,7447324074885270793
16756,7447466713358077218
16757,7447512869605756219
16758,7447473504590581011
16759,7447542643002854716
16760,7447494508004003126
16761,7447500280293379387
16762,7447503418555370788
16763,7447390724141698361
16764,7447401609929280807
16765,7447421580461821196
16766,7447508191014948130
16767,7447543926128512314
16768,7447531208675822900
16769,7447516379227507979
16770,7447491440973843764
16771,7447430190365429027
16772,7447437782265417019
16773,7447463751189531913
16774,7447437003429285120
16775,7447548945217129737
16776,7447497442318208306
16777,7447543367489080634
16778,7447445759156342052
16779,7447468032730991882
16780,7447499472487173427
16781,7447468678599232803
16782,7447496592258518329
16783,7447453189072260392
16784,7447494494880075023
16785,7447494892730797370
16786,7447448634188139835
16787,7447478015254170938
16788,7447060113086631222
16789,7447120848244264255
16790,7447166916919151932
16791,7447127789087526202
16792,7447115107001208123
16793,7447169239238135075
16794,7447444481080577292
16795,7447286883987508539
16796,7447187490278100283
16797,7447308868893412665
16798,7447447585284967738
16799,7447302945160449315
16800,7447296197825449257
16801,7447471688314342668
16802,7447289444199058698
16803,7447322547378457891
16804,7447299341376687418
16805,7447332033891749161
16806,7447087244185275700
16807,7447081234854923559
16808,7447064240415984934
16809,7447148219940883747
16810,7447554748632403226
16811,7447488188244954378
16812,7447522658641612059
16813,7447441166661848371
16814,7447403000102014247
16815,7447423306707258676
16816,7447381258520300839
16817,7447428003757444378
16818,7447400480830950710
16819,7447481274354224423
16820,7447503312510831932
16821,7446328453290331429
16822,7447414865951477002
16823,7447447837597502731
16824,7447403137968737536
16825,7447442862955826484
16826,7447438318138101030
16827,7447422369225837834
16828,7447414943571381513
16829,7447541789587688741
16830,7447486542559399178
16831,7447442231100771635
16832,7447424649073315109
16833,7447533708933991680
16834,7447491523253488911
16835,7447504517962288384
16836,7447465028711714085
16837,7447397810141515042
16838,7447421073387162915
16839,7447418131087199488
16840,7447481825519209765
16841,7447531140690218290
16842,7447458336494177596
16843,7447479331619622159
16844,7447475738502057216
16845,7447509085202681138
16846,7447477642686696742
16847,7447459299376303370
16848,7447503291426049319
16849,7447506907230719243
16850,7447479286128200986
16851,7447479518249438500
16852,7447533709454036283
16853,7447474315743825209
16854,7447536937679768868
16855,7447488850588372260
16856,7447528604675607865
16857,7447505351768853818
16858,7447512126064708904
16859,7447329256868302140
16860,7447503624885914921
16861,7447510474813394216
16862,7447481764009823503
16863,7447424923909262627
16864,7447387402156461349
16865,7447378958011714825
16866,7447408123377224975
16867,7447477676211719481
16868,7447409502204251392
16869,7447412418147257609
16870,7447338646987967780
16871,7447390882615069961
16872,7447408182663580955
16873,7447463731216305462
16874,7447404357915577651
16875,7447365409965116684
16876,7447473452971216180
16877,7447470864053914892
16878,7447445659491372307
16879,7447517323621190970
16880,7447512350166371641
16881,7447550371800648994
16882,7447518070316338490
16883,7447476181433077052
16884,7447483599827324196
16885,7447466471287950652
16886,7447379063532047674
16887,7447443675979844883
16888,7447463119741406474
16889,7447445847148678400
16890,7447346292755352832
16891,7447545416301677876
16892,7447512303232126243
16893,7447470546670980409
16894,7447537812510870821
16895,7447548026689817896
16896,7447381061429939506
16897,7447399900637170953
16898,7447428068588735782
16899,7447357757545565479
16900,7447399506779426086
16901,7447452250852642067
16902,7447504097802030395
16903,7447341287365299482
16904,7447398186009890067
16905,7447402118056594715
16906,7447495764185517370
16907,7447459050545089844
16908,7447521390242057506
16909,7443632330599566604
16910,7447389793694043428
16911,7447467365639507211
16912,7447442211668610316
16913,7447533886667525439
16914,7447496217065508105
16915,7447506491717717308
16916,7447519979248848166
16917,7447456479801658661
16918,7447471161564302603
16919,7447454571082960128
16920,7447452720027503935
16921,7447459546391481636
16922,7447493156020505916
16923,7447469048796957962
16924,7447447510337080595
16925,7447490313792392474
16926,7447461932539317563
16927,7447450066475896090
16928,7447455720938818825
16929,7447473395723291941
16930,7447156999206341947
16931,7447344243724586259
16932,7447437613574753590
16933,7447335206479990052
16934,7447478316505795866
16935,7447377970139876646
16936,7447211787365190972
16937,7447310191831403812
16938,7447354518322302219
16939,7447388479387929890
16940,7447285504258641203
16941,7447205632018681142
16942,7447332172698045756
16943,7447225735426641211
16944,7447302563705130279
16945,7447203161573543203
16946,7447300991101324570
16947,7447362700318952704
16948,7447437369537531174
16949,7447454853363715369
16950,7447441566022618420
16951,7447452880333835558
16952,7447445773190548755
16953,7447511781389503795
16954,7447485227171056932
16955,7447453154532134180
16956,7447496853907705139
16957,7447486943979523339
16958,7447453302708522290
16959,7447428596915784960
16960,7447520309554515260
16961,7447454420922551612
16962,7447445239310175499
16963,7447721845769424165
16964,7447793856910871847
16965,7447726585827888394
16966,7447694337720208655
16967,7447727016348093733
16968,7447654825220640011
16969,7447724733346385167
16970,7447798090146336034
16971,7447834638589906235
16972,7447699112343932169
16973,7447660494485310747
16974,7447886140176207116
16975,7447908849887104314
16976,7447774404915776780
16977,7447651990080998714
16978,7447824740045098259
16979,7447758657112083724
16980,7447464315885489434
16981,7447492711986384185
16982,7447449271420472630
16983,7447449145448664354
16984,7447509236923387195
16985,7447506238423715132
16986,7447536584057965833
16987,7447482062593903930
16988,7447795766346681650
16989,7447712192473894196
16990,7447818023752322358
16991,7447890757899406603
16992,7447843353531665701
16993,7447826056746208527
16994,7447822528459885859
16995,7447838477057609001
16996,7447898212729392443
16997,7447833933544197376
16998,7447901333572635962
16999,7447859398266850610
17000,7447910827576921378
17001,7447823176664370483
17002,7447842567661653274
17003,7447895654719933734
17004,7447827052075470120
17005,7447840880074951986
17006,7447820668277771546
17007,7447835889918643466
17008,7447836310926052658
17009,7447824488978304266
17010,7447822304429591860
17011,7447837637269867785
17012,7447869964603706633
17013,7447909328583019827
17014,7447822306887470386
17015,7447463163399916811
17016,7447539384833953063
17017,7447536862463331618
17018,7447494246724160806
17019,7447537063706021179
17020,7447508689315056956
17021,7447791252407471420
17022,7447827523049721145
17023,7447734780856143138
17024,7447733581645876507
17025,7447565153815547177
17026,7447816110906412324
17027,7447720405978107162
17028,7447554139602554124
17029,7447789288546110731
17030,7447862346900458792
17031,7447810830067928371
17032,7447830805516127551
17033,7447866282994683172
17034,7447836730876513574
17035,7447788300187782450
17036,7447708057028594983
17037,7447733765259988224
17038,7447732392082640178
17039,7447752540248198457
17040,7447799165091958042
17041,7447829426454252827
17042,7447738735573241098
17043,7447836832902974757
17044,7447822102930935076
17045,7447745898135801129
17046,7447743795682217267
17047,7447788937411693864
17048,7447710536508198196
17049,7447724284354596155
17050,7447732898066599227
17051,7447769096709508371
17052,7447925821366455561
17053,7447888786819665210
17054,7447826870923562255
17055,7447883334803328271
17056,7447747198659349820
17057,7447787251402214708
17058,7447818798561758524
17059,7447727500840439092
17060,7447801623180610874
17061,7447817701935942924
17062,7447774253396577545
17063,7447827155922259200
17064,7447872416920948027
17065,7447907767907667252
17066,7447749373435333947
17067,7447886743874964777
17068,7447812680376782089
17069,7447907799985655099
17070,7448189426464869647
17071,7448190829656558906
17072,7447837089388875059
17073,7447429763016265017
17074,7447510202233965839
17075,7447875584081874228
17076,7447880187523452187
17077,7447901297770106112
17078,7447698150330092854
17079,7447702991668284707
17080,7447716873229176079
17081,7447707868796636467
17082,7447699036884208907
17083,7447718040814325042
17084,7447704885715275059
17085,7447698001159638307
17086,7447697657675435283
17087,7447698962208836902
17088,7447708474286345509
17089,7447696405621247243
17090,7447721065586887999
17091,7447703865035623706
17092,7447701603324382464
17093,7447715469496208650
17094,7447708405948534079
17095,7447714109044428082
17096,7447707054367722761
17097,7447707399449759036
17098,7447751675462405385
17099,7447701877665385743
17100,7447724929870564660
17101,7447703946413591865
17102,7447719854993394970
17103,7447697514079276346
17104,7447803585091407143
17105,7447703095544466723
17106,7447700183414017307
17107,7447719277056134441
17108,7447750225755770151
17109,7447740605846801699
17110,7447846829259066636
17111,7447513218550910266
17112,7447540282784075058
17113,7447517865751760180
17114,7447513259273489683
17115,7447511927040855336
17116,7447513582398442790
17117,7447539634306927906
17118,7447520229673930010
17119,7447522752736644387
17120,7447524678119197962
17121,7447513903652769059
17122,7447554999388867899
17123,7447524192301403451
17124,7447525028456942848
17125,7447517219313012002
17126,7447541737020575010
17127,7447550591385029925
17128,7447516693120699705
17129,7447533909363002633
17130,7447536157803564348
17131,7447533082745294114
17132,7447546870768930085
17133,7447535257030593849
17134,7447533057101385023
17135,7447533338572655907
17136,7447525624232611087
17137,7447533054265937167
17138,7447532949970373888
17139,7447534982572117288
17140,7447529781077331239
17141,7447517494048345401
17142,7447548481025232188
17143,7447517099657792808
17144,7447530765543394570
17145,7447544577059278107
17146,7447552864962006309
17147,7447532013692751104
17148,7447466566133763347
17149,7447758675269258556
17150,7447756739333737743
17151,7447849530109791545
17152,7447738168423517491
17153,7447674854557420811
17154,7447702437361765670
17155,7447746252340514048
17156,7447726615834004775
17157,7447737598077930761
17158,7447854280209370406
17159,7447796168941227303
17160,7447806973749251367
17161,7447791179552296232
17162,7447877805364317500
17163,7443066820937944380
17164,7443018067795299634
17165,7442909979461373242
17166,7442988464133393701
17167,7442977526168702208
17168,7442842533434019106
17169,7442972584267795764
17170,7443466623094148367
17171,7443344460072619316
17172,7443345155416919311
17173,7443323514582584614
17174,7443387669654113593
17175,7443258482993663291
17176,7443749084411743515
17177,7443790795422977292
17178,7443807961329241403
17179,7444158569039072552
17180,7444007136188747068
17181,7443885770089303354
17182,7444037873935912232
17183,7444394276856843531
17184,7444166101132446988
17185,7444167028853706047
17186,7444360928046402875
17187,7444384753316285753
17188,7444272689264495872
17189,7444431175180963112
17190,7444229169396944154
17191,7444692461332581672
17192,7444607506292280626
17193,7444758230355529020
17194,7444728757614677306
17195,7444580947544083724
17196,7444879414682258746
17197,7445243689322040616
17198,7445129950727818556
17199,7445284717034769676
17200,7445142202482822410
17201,7445223511230025000
17202,7445682559775771945
17203,7445445617683402038
17204,7445541490488593723
17205,7445553650195369256
17206,7445986596018523411
17207,7445949737515093302
17208,7446001743474724155
17209,7445924252055883044
17210,7445852759049407807
17211,7447107263027891465
17212,7446929435409861947
17213,7446938196434341130
17214,7447508239572389146
17215,7447368368031681832
17216,7447338505119747328
17217,7447535666306616591
17218,7447539958279081243
17219,7447448334836485376
17220,7447638381904923964
17221,7447823097232756028
17222,7447655354457951503
17223,7447821438142205241
17224,7447867807338941755
17225,7447759991588605219
17226,7447869492257901887
17227,7447665062568856892
17228,7447830338061012251
17229,7447688302615940361
17230,7447758001336831295
17231,7447381808536161536
17232,7447334472619494691
17233,7447353195174677812
17234,7447348555469065529
17235,7447336205773049103
17236,7447344776015301923
17237,7447551435039903036
17238,7447491854452542779
17239,7447523255008628009
17240,7446594590171319589
17241,7446659777800817920
17242,7447436765473918259
17243,7447502418125917466
17244,7447722031182794010
17245,7447887646740811047
17246,7447815021431770405
17247,7447734129426173243
17248,7447830713623301387
17249,7447873632564481337
17250,7447792190031465737
17251,7447695173938695487
17252,7447794819079884073
17253,7447783209544224052
17254,7447720004436397339
17255,7447709377538067746
17256,7447842984877477179
17257,7447758587104873738
17258,7447847687560400168
17259,7447823007386471690
17260,7447742049891142972
17261,7447710838611299618
17262,7447717508011887909
17263,7445351467910761740
17264,7447883009753091386
17265,7447849303743286591
17266,7447840183115926835
17267,7447744693217004815
17268,7447840370752245043
17269,7447906689392708927
17270,7448144550134156596
17271,7448154170584042763
17272,7448119167795989800
17273,7448088445299199284
17274,7448252970325626172
17275,7448211653759421705
17276,7448171746873593129
17277,7447836319394401563
17278,7447923187884559657
17279,7447689067443014962
17280,7446972324617801000
17281,7447654236113997068
17282,7448284423310609676
17283,7448060080412478757
17284,7448116392886275369
17285,7447938813277572411
17286,7447827838931062056
17287,7447836098509704508
17288,7447884596160515347
17289,7447882658157186304
17290,7447855258077793574
17291,7448037177650318619
17292,7448105034694282515
17293,7448074967205317900
17294,7448105082199084347
17295,7448089771752164648
17296,7448232828715699493
17297,7448093367365405992
17298,7448048632625958195
17299,7448252832333040908
17300,7448141340874968372
17301,7448213705214463284
17302,7448239572997164345
17303,7447832623134559514
17304,7447810369264815411
17305,7447802492819164450
17306,7447821559818898707
17307,7447839565051596059
17308,7447808279104785676
17309,7447805882810830140
17310,7447852197951458597
17311,7447816409284889867
17312,7447795719982845219
17313,7447800582099832091
17314,7447808518939299106
17315,7447808823856729356
17316,7448170356633898278
17317,7448049849775263014
17318,7447725668084895030
17319,7447701107104566582
17320,7447796440920837426
17321,7447723406058884404
17322,7447838894051069234
17323,7447691542820654370
17324,7447784651202039049
17325,7447731762710547748
17326,7447868258738359571
17327,7447800399102332171
17328,7447779161894096140
17329,7447777767116098827
17330,7447804588641537306
17331,7447703194739674425
17332,7447746687923146044
17333,7447711691212721446
17334,7447714942133800243
17335,7447926740611124537
17336,7447712994387168538
17337,7447914273365429513
17338,7447847106309573946
17339,7447807229387951401
17340,7447724562894097714
17341,7447735031344188706
17342,7447739053593693455
17343,7448134260352929059
17344,7448184723534368039
17345,7448136218363153702
17346,7448061024864832827
17347,7448180873502969126
17348,7448134073555455292
17349,7448179945148402996
17350,7448074579081186579
17351,7448192952301604135
17352,7448221092088417587
17353,7448024556020731173
17354,7447973496493296911
17355,7448081646860913955
17356,7448080685073435964
17357,7448080789457079593
17358,7448130578349673768
17359,7448026538353642786
17360,7448058968355769650
17361,7448037363168595260
17362,7448019057963568411
17363,7448137162509405450
17364,7447718766596672777
17365,7447912868986506506
17366,7447836081250110735
17367,7447756673021725962
17368,7447788378419924250
17369,7447786117308419347
17370,7447740528457764105
17371,7447797386090401060
17372,7447849635105787196
17373,7447797202358897939
17374,7447861026760052003
17375,7448142417963814201
17376,7448043108169682186
17377,7446276250026429732
17378,7445164865892781339
17379,7447068190288481545
17380,7447690639518567717
17381,7447905793912982793
17382,7447886820932603187
17383,7447748406971223311
17384,7447854726542101786
17385,7448076342018477350
17386,7448072526053248266
17387,7448069116654669092
17388,7448090694771625256
17389,7448101639640124684
17390,7448094028035362106
17391,7448175391937760563
17392,7448293388715052297
17393,7448163810944224570
17394,7448101902409043250
17395,7448140763034045759
17396,7448158220285119784
17397,7448099943417384228
17398,7448127147253812492
17399,7448149781039435065
17400,7448118340016409871
17401,7448193800251493682
17402,7448158137846222140
17403,7448138753387826470
17404,7448130426880757033
17405,7448243578922454283
17406,7448189000482835727
17407,7448093913040162105
17408,7448214816428199231
17409,7448229757147254052
17410,7448082013074083109
17411,7448155223744367911
17412,7448173444828548409
17413,7448263610838682938
17414,7448290864687779126
17415,7448099155441995060
17416,7448109771346955547
17417,7448259349388053797
17418,7448118734906035515
17419,7448088290076544313
17420,7448169472629771560
17421,7448124280618945792
17422,7448248328627686656
17423,7448271191489449257
17424,7448093029988126011
17425,7448156135527386419
17426,7448160537126407463
17427,7448156595512413498
17428,7447861080526802210
17429,7447862771666013477
17430,7447880245279083785
17431,7447862633350303030
17432,7447867626459499776
17433,7447912066028932378
17434,7447869362565827875
17435,7447898921331871036
17436,7447902798882114831
17437,7447892088852647207
17438,7447871471344504118
17439,7447864166959910170
17440,7447861488523545894
17441,7447878912140463411
17442,7447870054466620699
17443,7447910496063343907
17444,7447874544926280971
17445,7447890637640191271
17446,7447872813786090786
17447,7447917040809118987
17448,7447896954643778854
17449,7447896399783431450
17450,7447915018001124666
17451,7447890730191752506
17452,7447917654855159049
17453,7447918288107048244
17454,7447880191029824805
17455,7448090975039212857
17456,7448047307536223540
17457,7448038283877059855
17458,7448080864841321764
17459,7448062493991161125
17460,7448092043060071714
17461,7448044936072662324
17462,7448283396540747059
17463,7448032631754591525
17464,7447989421074320700
17465,7448061873318120713
17466,7448138950654446885
17467,7448193143759015225
17468,7447988242244209929
17469,7448215946793209098
17470,7448119003261799690
17471,7448150330946227491
17472,7448184983673408803
17473,7448241312127552819
17474,7448050047272389939
17475,7447955645136981257
17476,7448259642251136290
17477,7448092736810470713
17478,7448280787918572851
17479,7448050099306925338
17480,7448192503871737098
17481,7447929564036189490
17482,7448275850811804986
17483,7448098111139908921
17484,7448074712900521225
17485,7448270855903218995
17486,7448024483782233403
17487,7448072704457968936
17488,7448143437376834816
17489,7448226583485173049
17490,7448139540788759817
17491,7448176888574528809
17492,7447520980823493940
17493,7447498518618754338
17494,7447429221816782106
17495,7447883341900139803
17496,7447815684807085331
17497,7447900208035319092
17498,7447755360414256443
17499,7448055864377756969
17500,7447926167132327207
17501,7448063125712080166
17502,7448150798258687268
17503,7448250097667738932
17504,7448272612414819584
17505,7448070610745396516
17506,7448100628070485305
17507,7448249355078798632
17508,7448139982818053412
17509,7448130463912185146
17510,7448103604977683771
17511,7448175482371116314
17512,7448095796181929225
17513,7448112191460396314
17514,7448137368420273418
17515,7448246601841216822
17516,7447919967342841125
17517,7447906865909878028
17518,7447896370159144201
17519,7447911646426664218
17520,7448198996562021668
17521,7447903328081546534
17522,7447908718961823016
17523,7447898591084973352
17524,7447916297758772531
17525,7447913042886544675
17526,7447916596795870501
17527,7447899284248235302
17528,7447891455621827859
17529,7448050427033161018
17530,7448075404893556003
17531,7448190780482555188
17532,7448141285124345125
17533,7448093509275389238
17534,7448165706262203705
17535,7448185594104057100
17536,7448238408314506546
17537,7448182921548090660
17538,7448108537512807732
17539,7448033258157264128
17540,7448149749301038345
17541,7448165672779058471
17542,7448112891842055463
17543,7448122240677186827
17544,7448130486804712745
17545,7448237115722304803
17546,7448133123256110399
17547,7448167184636972325
17548,7448123950866976000
17549,7448125607453510938
17550,7448203894057995547
17551,7448162903582166291
17552,7448203765179600155
17553,7448091544424402234
17554,7445278958226001202
17555,7447828361667235087
17556,7447907900003077435
17557,7447872349954739508
17558,7447859664508751155
17559,7447854476079172879
17560,7447924128356519227
17561,7447867769137188156
17562,7447870622446701881
17563,7447872693984152891
17564,7447908582370053376
17565,7447846001034972456
17566,7447840874047884595
17567,7447876682553347343
17568,7447855793677929780
17569,7447830976819924282
17570,7447862288603680060
17571,7448167171429076250
17572,7448213122344668431
17573,7448129288584383753
17574,7448143859466374409
17575,7448177608040123708
17576,7448059086433750332
17577,7448214723293728034
17578,7448098193004432680
17579,7447945247411260711
17580,7448107906047921408
17581,7448168665318526266
17582,7448039367722994982
17583,7448069908795067698
17584,7448012268463328521
17585,7448121352835435813
17586,7448267549785050431
17587,7448246030656621883
17588,7448183523913026879
17589,7448217800885144832
17590,7448227397020765500
17591,7448074639038811430
17592,7448119235294940476
17593,7447918171626982708
17594,7448274604747033866
17595,7448226005388430633
17596,7448086070043987252
17597,7448092707546762532
17598,7448150848284167474
17599,7448014189253184795
17600,7448202583597976869
17601,7448172281756503354
17602,7445454593963674940
17603,7445374516383026495
17604,7445442754894777609
17605,7445471700356975929
17606,7445643429389831481
17607,7445847477221084475
17608,7447434764396612916
17609,7447464429244976403
17610,7447542602833857831
17611,7447461026271857983
17612,7447520886804057378
17613,7447473949178432808
17614,7447524539044531519
17615,7447537987115666745
17616,7447485367328017691
17617,7447495685072604452
17618,7447530509372034355
17619,7447552001078021415
17620,7447505898756377896
17621,7447506634051489035
17622,7447504775337217338
17623,7447711823572307211
17624,7447757526281489683
17625,7447709648326577423
17626,7447730003921341735
17627,7447585653677624636
17628,7447919824530967871
17629,7447712602970443042
17630,7447556101639376147
17631,7448049562155027750
17632,7448066309176216869
17633,7448028606455893305
17634,7448028387496545595
17635,7448028833107709242
17636,7448194198982937913
17637,7448120101959699771
17638,7448633592437099833
17639,7448540022187380006
17640,7448465469549366555
17641,7448474311989431602
17642,7448573376932695356
17643,7448577876833684763
17644,7448489724932607241
17645,7448615690677865754
17646,7448563282517986620
17647,7448536806968003852
17648,7448645113460444453
17649,7448618605417155840
17650,7448637431630384425
17651,7448524920058907944
17652,7448629682095852837
17653,7448567259426999578
17654,7448616940760747318
17655,7448506184656604456
17656,7448467337063288118
17657,7448535703392144699
17658,7448062944870518055
17659,7448258289537748281
17660,7448247932865826058
17661,7448214543076953385
17662,7448124884779158823
17663,7448045169137454399
17664,7448603066590350611
17665,7448508055416737034
17666,7448429991362137359
17667,7448243767347383603
17668,7448618506326691108
17669,7448532381155265819
17670,7448619513718869284
17671,7448492563180358947
17672,7448594251534847268
17673,7448646288658206003
17674,7448460732473036073
17675,7448484478596500774
17676,7448548541938535717
17677,7448549827895414016
17678,7448649135495974159
17679,7448527631575829800
17680,7448548792699276570
17681,7448516539025804598
17682,7448565067550854427
17683,7448544290323615028
17684,7448507923535351050
17685,7448492214637956386
17686,7448517898450046268
17687,7448545322290122018
17688,7444705910317993252
17689,7444507863575285052
17690,7444835851508534580
17691,7444927974371069236
17692,7445213498365250854
17693,7448519499927588137
17694,7448558951290998055
17695,7448551977711078666
17696,7448501996153228602
17697,7448652521628880191
17698,7448643102136487208
17699,7448620701751233801
17700,7448594161986555187
17701,7448568495517748514
17702,7448501522222124339
17703,7448536494324731162
17704,7448593556454919481
17705,7448496096478793010
17706,7448616887467969849
17707,7448472166712003849
17708,7448646052325952783
17709,7448591371805527353
17710,7448635808187190582
17711,7448664941877267769
17712,7448634865584508187
17713,7448663670986427705
17714,7448442903812148531
17715,7448394812174175503
17716,7448075917068373307
17717,7448636084445105458
17718,7448451383574924563
17719,7448580441965219110
17720,7443788773571267875
17721,7444406998910635305
17722,7445169518999014706
17723,7445203650995096871
17724,7445886641790602536
17725,7446357282058784050
17726,7446353145283743027
17727,7446351042377223487
17728,7446415082487139643
17729,7446577266932354331
17730,7446700628782386451
17731,7446788240230714636
17732,7446491075277049146
17733,7446929529609669923
17734,7447006666945563943
17735,7447072393509506323
17736,7446959778061880586
17737,7447142737717005583
17738,7446913880841784634
17739,7447140205938642191
17740,7447130394467568935
17741,7447087314221747466
17742,7447100626665884991
17743,7447111381075234088
17744,7447481277541780773
17745,7447526912815009082
17746,7447542503856819513
17747,7447456823881288987
17748,7447436264170704143
17749,7447461415004179769
17750,7447414279805898043
17751,7447190399233396027
17752,7447896655124352297
17753,7448160523306208523
17754,7448110438446877963
17755,7448153539915812107
17756,7448155073089195321
17757,7448237587392662803
17758,7448130934664203556
17759,7448472590491995407
17760,7448494096844410151
17761,7448436602793200915
17762,7448517605670882575
17763,7448503908504276261
17764,7448531488615812412
17765,7448423524349381924
17766,7448629719097986354
17767,7448190984476708134
17768,7448175591561514249
17769,7448188259445771570
17770,7448181080613539135
17771,7448191027917098278
17772,7448200269764119858
17773,7448261169934060840
17774,7448205524371344675
17775,7448220862836133129
17776,7448185270710635814
17777,7448184741179788607
17778,7448211435097738550
17779,7448241635927919911
17780,7448210658484571433
17781,7448185700270312755
17782,7448194663812435241
17783,7448238324541787426
17784,7448210697550417193
17785,7448189331711233343
17786,7448190774266580258
17787,7448199108797418778
17788,7448200029879225637
17789,7448196097454968123
17790,7448225478273469732
17791,7448238041807736101
17792,7448214305641614655
17793,7448185150703275322
17794,7448179573323205903
17795,7448182555519503673
17796,7448188696936975666
17797,7448193238390803772
17798,7448184642946616612
17799,7448277803327294771
17800,7448215921958669626
17801,7448282692518497536
17802,7448211786903358747
17803,7448273654426635535
17804,7448214638841384252
17805,7448211728963325234
17806,7448253573487480099
17807,7448195413053639975
17808,7448228863974313268
17809,7448197888661818639
17810,7448198240446483751
17811,7448186027891592467
17812,7448265825011649833
17813,7448197618842209545
17814,7448230659711094074
17815,7448220679046040890
17816,7448190263387835688
17817,7448213192917962041
17818,7448221848539532602
17819,7448241298974215487
17820,7448181993575124243
17821,7448268644720610575
17822,7448248232452410684
17823,7448196810725756212
17824,7448204549476683048
17825,7448190261106068790
17826,7448246206263774521
17827,7448255166698114339
17828,7448255480796859707
17829,7448292038694407460
17830,7448192599090810150
17831,7448181928466877730
17832,7448454885214784779
17833,7448486061875006777
17834,7448304540018969867
17835,7448463188951174436
17836,7448471468666572032
17837,7448401905132244251
17838,7448640077103631657
17839,7448385320380386618
17840,7448420574935665977
17841,7448414573545278783
17842,7448636749695159591
17843,7448487662614301952
17844,7448425123486453026
17845,7448600075250535695
17846,7448452454292655420
17847,7448376611168193792
17848,7448409664145870139
17849,7448307981327928636
17850,7448535361359220008
17851,7448467208251936009
17852,7448391359712611642
17853,7448561186418806074
17854,7448443329123077427
17855,7448648263684607271
17856,7448624298023046440
17857,7448299425585237248
17858,7448393065661828410
17859,7448443681901645094
17860,7448422786646773007
17861,7448433760753765666
17862,7448527913034517801
17863,7448429732913220922
17864,7448435738468797747
17865,7448439711909055796
17866,7448421183915150628
17867,7448647695322975547
17868,7448576281026891044
17869,7448229888781339943
17870,7448460286811458874
17871,7448595320272964864
17872,7448430467126267193
17873,7448548580480027938
17874,7448205220120677691
17875,7448451939324546344
17876,7448289459453398291
17877,7448259701751418151
17878,7448524573164801299
17879,7448406580388826368
17880,7448519020246011175
17881,7448517074164501794
17882,7448503664383216915
17883,7448501956315778339
17884,7448529205257653523
17885,7448546038102625575
17886,7448542860841946387
17887,7448604034220510473
17888,7448526111463542056
17889,7448582988264230185
17890,7448559734908538112
17891,7448554580901711131
17892,7448612600256007424
17893,7448538884998319369
17894,7448564181466434870
17895,7448586176841256244
17896,7448587230320282920
17897,7448594564580986162
17898,7448607861980056883
17899,7448272193147964712
17900,7448507147035397391
17901,7448533682186423603
17902,7448611041518423356
17903,7448652001753173308
17904,7448510346597289242
17905,7448938317715950848
17906,7448907757110988084
17907,7448792557229821211
17908,7448958676615826700
17909,7448898976566316340
17910,7448856659260181787
17911,7448690279151947062
17912,7448937586334141753
17913,7448808247013690663
17914,7448844601970019603
17915,7448840784842853682
17916,7448856089027710219
17917,7448993569706102025
17918,7448877761915079972
17919,7448948388298558735
17920,7448939793133686068
17921,7448922414660062514
17922,7448919328776359183
17923,7448922918651759910
17924,7448924969167260955
17925,7448965520113585423
17926,7448928107920166144
17927,7448921481410628899
17928,7448930147224440098
17929,7448974902876458291
17930,7448924497928834319
17931,7449010611763121466
17932,7448937721369808147
17933,7448941060681665850
17934,7449020139279830309
17935,7448922379792813327
17936,7449038122555280697
17937,7449022154277997833
17938,7448925200273427770
17939,7449031197209988363
17940,7448990556639841599
17941,7448960002229849379
17942,7448920136007961895
17943,7448947705751129402
17944,7448920187035766067
17945,7448951166060350746
17946,7448926392261168444
17947,7448920748237786379
17948,7448946921793785124
17949,7448969334510144822
17950,7448952351211179291
17951,7448940828606647592
17952,7448932074045705472
17953,7448926131677433103
17954,7448949310068215052
17955,7444581045988625664
17956,7444579652670098688
17957,7444493419638017290
17958,7444790873411439912
17959,7444946150156700969
17960,7445252880992390438
17961,7445164230455725338
17962,7445545832499121417
17963,7445615066302385434
17964,7445581645110873395
17965,7445644594802462012
17966,7445529966009240841
17967,7445519820453448979
17968,7445648748090232101
17969,7445455340935695627
17970,7445882363286015271
17971,7446000717166284069
17972,7445874245286120723
17973,7445999438524370228
17974,7445706791209422106
17975,7445861288443465023
17976,7445871332962667786
17977,7445925966586678563
17978,7445867635167759666
17979,7445862855963970870
17980,7445876491692363047
17981,7445906664923958565
17982,7445870310366137640
17983,7445862109927263498
17984,7445596779015376138
17985,7445850334028746003
17986,7445928006717066530
17987,7445878641810083132
17988,7445867916467113231
17989,7445862615189966092
17990,7446022548090916156
17991,7445891565882461455
17992,7445876207729560842
17993,7445865650167319849
17994,7445866515959663910
17995,7445816852623805746
17996,7445779921311518004
17997,7446062456138435891
17998,7445926536575814947
17999,7445891496982678799
18000,7445827671491087674
18001,7445941843486985531
18002,7445827594143960378
18003,7445937772847779131
18004,7446011184127511866
18005,7445878943292329243
18006,7445979005909585164
18007,7446033670042897724
18008,7446033984900844809
18009,7445919129313267004
18010,7445819723742317858
18011,7445715889082617123
18012,7446017757377826088
18013,7446121311732010267
18014,7446074504968670524
18015,7446265989185932595
18016,7446382144630344979
18017,7446298060122049849
18018,7446071929213046042
18019,7446242377276116262
18020,7446190901572979980
18021,7446382361631132969
18022,7446378844723940658
18023,7446485625349557523
18024,7446540257333464354
18025,7446595883757473083
18026,7446936859806010658
18027,7446758555266452771
18028,7446816939504176410
18029,7447175861440105764
18030,7446959425845267772
18031,7446951837762129163
18032,7447381223749586227
18033,7447564460413242676
18034,7447834897957309753
18035,7448174131440389417
18036,7448208107894754572
18037,7448200438379220287
18038,7448180357792304395
18039,7448137539820506378
18040,7448162333492382991
18041,7448168226850147634
18042,7448132276703022387
18043,7448262081217908009
18044,7448192543486938406
18045,7448277250354531593
18046,7448260222373678370
18047,7448472446832741647
18048,7448590447141866763
18049,7448538006333508876
18050,7448496072042843403
18051,7448481452171283739
18052,7448641724420771107
18053,7448468192353094949
18054,7448471451746848054
18055,7448597518000131382
18056,7448817350008196379
18057,7448841315485256999
18058,7448828966523260200
18059,7448833916900789539
18060,7448842559746493736
18061,7448831391502011686
18062,7448833192947223834
18063,7448825944082517286
18064,7448820033008012579
18065,7448824634453052712
18066,7448827798065548544
18067,7448833680472132901
18068,7448826812651687208
18069,7448957958236556595
18070,7448824009514290466
18071,7448844138772041020
18072,7449012795661667643
18073,7448820815061191976
18074,7448828105235418408
18075,7448886977111330087
18076,7448835545494572322
18077,7448822323429346570
18078,7448832874574548236
18079,7448856187346455820
18080,7448849073454452027
18081,7448867990541585700
18082,7448820657275571510
18083,7448822207393828130
18084,7448836190414884148
18085,7448930829973081382
18086,7448879180848188684
18087,7449031300410854708
18088,7448831046491114789
18089,7448855201726926099
18090,7448854903084125498
18091,7448971059212160282
18092,7448999138655620389
18093,7449026777424497920
18094,7448958953121156363
18095,7449002263483256115
18096,7448990710486879523
18097,7448933944965319936
18098,7448920046501399859
18099,7448944572157136168
18100,7448941266991058176
18101,7448986037155613990
18102,7448899399075237160
18103,7448940455326125352
18104,7448927347086052649
18105,7448852806733253925
18106,7449017794349387045
18107,7448949301503331599
18108,7448952395758963977
18109,7449009202871274788
18110,7448938238787603731
18111,7448844221479390522
18112,7448846777144462611
18113,7448851391323360548
18114,7448955212536057099
18115,7449001548253760802
18116,7448860867665349946
18117,7449019648013503763
18118,7448813704403094793
18119,7448791074518109492
18120,7448821263646133513
18121,7448823412895616275
18122,7448841045372161299
18123,7448825032568048953
18124,7448833312061132083
18125,7448891627168435483
18126,7448848656087715083
18127,7448837329004924195
18128,7449036176918400306
18129,7447316788687162634
18130,7448981072064367911
18131,7448839406393298236
18132,7448824840565361971
18133,7448956809689287976
18134,7448838609056075027
18135,7448831452717780282
18136,7448952815180942627
18137,7448920724347161891
18138,7449003376945155365
18139,7448821434446548259
18140,7448880018731666746
18141,7447202314101755136
18142,7448837374827646271
18143,7448811914857155876
18144,7448871562121415994
18145,7448830948935863604
18146,7448890733584485651
18147,7448973241126767929
18148,7448851070832348456
18149,7447153485524536603
18150,7446997738992028979
18151,7447141818258574631
18152,7447153956158983476
18153,7446793131883842842
18154,7447794074528042252
18155,7447762896630664507
18156,7448106400078646579
18157,7447955607283387711
18158,7447856859899317515
18159,7448117581464046848
18160,7448128359839698212
18161,7448225553661840698
18162,7448123406106512697
18163,7447947263323688227
18164,7448127812436774204
18165,7448180324535651643
18166,7448290614149385491
18167,7448130947221835060
18168,7448173341879405859
18169,7448064888309583155
18170,7448595639287532836
18171,7448667458258390322
18172,7448457302857878843
18173,7448602020375776550
18174,7448406370862238976
18175,7448905594867633446
18176,7448966642433936697
18177,7448912642271481115
18178,7448856624783002939
18179,7448955201031130387
18180,7448789192588414267
18181,7448835079029230858
18182,7448858711415590201
18183,7449030139465305378
18184,7448917809049996553
18185,7448983389908110652
18186,7448780140168940838
18187,7446382487699213628
18188,7447010506923117875
18189,7446969933470223654
18190,7446918541216992538
18191,7446917972683279656
18192,7446787460484402492
18193,7447176907847748923
18194,7447039064798170428
18195,7446935364222209330
18196,7447124646320704795
18197,7448824785548627250
18198,7448865136820981031
18199,7448843984643869952
18200,7448707270847778063
18201,7448850201286135092
18202,7448923888999796020
18203,7448877928718273826
18204,7448548096134417718
18205,7448521442804763939
18206,7448573817741462823
18207,7448547246305479976
18208,7448525625775754532
18209,7448523958091042100
18210,7448527681781517578
18211,7448558824589380883
18212,7448533408130682139
18213,7448520103055936826
18214,7448535255302032677
18215,7448551043039808820
18216,7448512316095712564
18217,7448555789310020901
18218,7448601494473002274
18219,7448511104994561316
18220,7448514566994103562
18221,7448608594066443572
18222,7448537523736907049
18223,7448546367581982002
18224,7448592100263742757
18225,7448581957107191091
18226,7448566797072125195
18227,7448605674675653926
18228,7448598137167482171
18229,7448610563170503993
18230,7448610269011447091
18231,7448611472109800741
18232,7448609189577952524
18233,7448571537055059252
18234,7448630321878142262
18235,7448636018758012197
18236,7448566838289517860
18237,7448650875549142326
18238,7448668067573288228
18239,7448642256862498099
18240,7448580919658646796
18241,7448629312841911589
18242,7448840839767297340
18243,7448843236505914659
18244,7448844640758861119
18245,7448829188016000256
18246,7448685738578709812
18247,7448749728323390777
18248,7448679496464616758
18249,7448920919109684495
18250,7448818018278182204
18251,7448684682943728908
18252,7448974295730081074
18253,7448798681031134476
18254,7448859560091077946
18255,7448926094352223548
18256,7448828672661785913
18257,7448824728292183330
18258,7448823777418300710
18259,7448996770551549203
18260,7448798329598709004
18261,7448839225388043570
18262,7448908403075779855
18263,7448649053203680570
18264,7448594610374380839
18265,7448832980967099699
18266,7448679857002777891
18267,7448869946131631396
18268,7448680779812506934
18269,7448779519776836921
18270,7448866114311949628
18271,7448857232499821884
18272,7448678565094116667
18273,7448997165050989881
18274,7448602303059316004
18275,7448606131275992332
18276,7448589422813138234
18277,7448638733106154812
18278,7448583320343989539
18279,7448637441470221626
18280,7448644005665033530
18281,7448623593040203068
18282,7448659484894973242
18283,7448641459382717732
18284,7448626214895406396
18285,7448524853683981631
18286,7448508837771971849
18287,7448639388252261673
18288,7448617840585854267
18289,7448665408518786367
18290,7448653857124519227
18291,7448641972807470386
18292,7448591042850458917
18293,7448507330901151014
18294,7448614947019377920
18295,7448628017485614370
18296,7448531718379801890
18297,7448625363544067328
18298,7448658146974895369
18299,7448643650591952187
18300,7448527378952768804
18301,7448551377271278858
18302,7448878470475599155
18303,7448822258937711906
18304,7448932157143272713
18305,7448900983964405055
18306,7448809733563125032
18307,7448934420590988585
18308,7448745191156108595
18309,7448830656257264959
18310,7448839137114803516
18311,7448797166828604682
18312,7448777482850897164
18313,7449009348312911123
18314,7448979093002947899
18315,7448838352503147816
18316,7448781693839822099
18317,7448782318900202804
18318,7448765463691103548
18319,7448846442065661242
18320,7448679857573104946
18321,7448781869203737893
18322,7448773216472026420
18323,7448758145666567481
18324,7449005789865413927
18325,7448672266596011323
18326,7448772016070462720
18327,7448670713080188169
18328,7448700820490685746
18329,7448918982419025186
18330,7449004163486207272
18331,7448758741538721034
18332,7448779947503553832
18333,7448782852994420025
18334,7448781013469105423
18335,7448783697551166783
18336,7448874913873530163
18337,7448806850746666292
18338,7449001920146017594
18339,7449016936123354431
18340,7448681685442465035
18341,7444157806271302969
18342,7447490704789490994
18343,7448569762315029770
18344,7448478390958443833
18345,7448461493953219894
18346,7448627921876438332
18347,7448526456495426816
18348,7448612892460453146
18349,7448583300999875900
18350,7448514453697563923
18351,7448546620800650511
18352,7448610612743130377
18353,7448895657533885707
18354,7448774046168255803
18355,7448945506807598376
18356,7448880801216728355
18357,7448996463058619699
18358,7448842670866255104
18359,7448950454421097780
18360,7448849472227904828
18361,7448974998921874723
18362,7448974802355850505
18363,7448840096012373306
18364,7448617612143004955
18365,7448842196956105995
18366,7448796735297621257
18367,7448859816128154934
18368,7448969308597767433
18369,7448861217336184105
18370,7448980417006325027
18371,7448975004793965887
18372,7448951958058093882
18373,7448859392989990155
18374,7448902441770192137
18375,7448936207523925267
18376,7448882590179708219
18377,7448811213292670243
18378,7448868693204913442
18379,7448567807454743860
18380,7448543598175325476
18381,7448568484155460864
18382,7448516429927812362
18383,7448585741501730059
18384,7448545337217699130
18385,7448560213398998313
18386,7448556656297856256
18387,7448608421546429707
18388,7448579334962416953
18389,7448630322951998783
18390,7448584492912004361
18391,7448553135808826624
18392,7448650653011954983
18393,7448799228157054243
18394,7448974885851778313
18395,7448890533897915659
18396,7448971839507877155
18397,7448949383900548389
18398,7448762160987032867
18399,7448874009732615450
18400,7448847123891653929
18401,7448810756419669258
18402,7448885696250563903
18403,7448894791535906087
18404,7448901984121359670
18405,7448896835202206985
18406,7448888329069694258
18407,7448916418474659084
18408,7448904459016523060
18409,7448891560655162674
18410,7448978538365062427
18411,7448931358669425977
18412,7448887971647884570
18413,7448905103223835931
18414,7448888845694766388
18415,7448886168495705344
18416,7448900400213757211
18417,7448930081537379599
18418,7448915707577879808
18419,7449005731031829820
18420,7448947438557170985
18421,7448937982863756578
18422,7449016234286402868
18423,7448897075376377098
18424,7448905622080310537
18425,7448902391795060018
18426,7448886656842632448
18427,7448980234826747173
18428,7448896310373109046
18429,7448899970394099007
18430,7448901862272683264
18431,7448871777842908416
18432,7448959780489596200
18433,7448885565082062090
18434,7448828341265698074
18435,7448918409628142898
18436,7448949120414354722
18437,7448276794693750028
18438,7447865168148598031
18439,7448281882547981603
18440,7448437449409187113
18441,7448617661329722661
18442,7448568534973648154
18443,7448475313387998518
18444,7448467495624723739
18445,7448603492853304591
18446,7448505892548447488
18447,7448523558877220130
18448,7448472357024451874
18449,7448486318771948851
18450,7448470989815565579
18451,7448447265104039183
18452,7448547613953101082
18453,7448497661226880283
18454,7448505373717220666
18455,7448569427160812811
18456,7448653274305154313
18457,7448629920835587343
18458,7448445794857798922
18459,7448941569253592329
18460,7448820884019694882
18461,7448905685246512393
18462,7448855783770557755
18463,7448791496838352138
18464,7448779882747710757
18465,7449026618174999860
18466,7448822085327080738
18467,7448848261584112946
18468,7448856720102804795
18469,7448829709263162633
18470,7448945553284615483
18471,7448792870091279627
18472,7448788904024558857
18473,7448853451594894651
18474,7448787331483520313
18475,7448849112453205287
18476,7448923630504873231
18477,7448844444671003942
18478,7448829201324592394
18479,7448816662872116516
18480,7448769780602965274
18481,7448842700507467071
18482,7448818134754020660
18483,7448863904618269988
18484,7448864068686974227
18485,7448807964225359154
18486,7448668584504495394
18487,7448841794097286410
18488,7448782756101803273
18489,7448892099371519286
18490,7448907103378476338
18491,7448995010512571648
18492,7449326300097023258
18493,7445121440820612389
18494,7449727550051388729
18495,7448352288936185140
18496,7448394061259590970
18497,7448508522435759398
18498,7448844088587193635
18499,7448902058272394508
18500,7448852957438725427
18501,7448905365590248704
18502,7448824559479950611
18503,7447920330850454843
18504,7449310643083169062
18505,7449296691590679846
18506,7449781540566977826
18507,7449595435116743990
18508,7449470409335917881
18509,7449497440060738853
18510,7449588953830673700
18511,7449702073047797027
18512,7449568468329942281
18513,7447754512883879180
18514,7448626180992797988
18515,7448483017565195559
18516,7448881467616218431
18517,7449314866831101203
18518,7449346492961164580
18519,7449396308995083558
18520,7444759762903895334
18521,7444952613969317180
18522,7444972681633484086
18523,7445174771567955215
18524,7445186518798437641
18525,7445144227106802970
18526,7445339281645718803
18527,7445484306425728313
18528,7445441094977965371
18529,7445623145370897690
18530,7445204984951622947
18531,7446621201390144768
18532,7444846424279305510
18533,7447423571439209728
18534,7447361870954056970
18535,7445130239837097253
18536,7448962564123282739
18537,7449149193635056935
18538,7444583352222371122
18539,7445084101322788155
18540,7445103392495570236
18541,7445206161286024459
18542,7445144657698360633
18543,7445182959688191244
18544,7445684951950871844
18545,7445574808600874300
18546,7445704935922027795
18547,7446371754202762508
18548,7446291989915536692
18549,7446509230946848012
18550,7446940718188219687
18551,7449221005354077503
18552,7447884920044768547
18553,7447442508654578959
18554,7447732851212078362
18555,7447876414176496933
18556,7447917960426966281
18557,7447802502298324275
18558,7448227420735311162
18559,7448455909933681977
18560,7448462089925971240
18561,7448865490052681012
18562,7448920403747114249
18563,7448902584225598770
18564,7448850580925058363
18565,7448911838638656783
18566,7448843856147139855
18567,7449368869895933184
18568,7449278963832098089
18569,7447924398385827126
18570,7447711573830831412
18571,7447817543353519399
18572,7447885157966630156
18573,7447673864550747450
18574,7447681351110675772
18575,7447754847996185883
18576,7447735679980817698
18577,7447575013311417637
18578,7447697788873346319
18579,7447777119632985407
18580,7447752500310003004
18581,7448039074503462203
18582,7448116444681850138
18583,7448130770868194569
18584,7448265734020500770
18585,7448128264263978267
18586,7448767270618287412
18587,7448858114977238322
18588,7448873305420991782
18589,7449307485334228287
18590,7449214721905003785
18591,7444833586412375296
18592,7444850395576372480
18593,7446371844682272037
18594,7446625669234248998
18595,7447171567169064201
18596,7448559353755389243
18597,7449051470596427019
18598,7448132764592786747
18599,7448895844838821179
18600,7448851997844884774
18601,7448228828150795561
18602,7447828210961648932
18603,7444725859170274571
18604,7444873272145104185
18605,7444871859801263420
18606,7444937762475674934
18607,7444781370745883954
18608,7445128554309782796
18609,7445268419722661161
18610,7445229066870951228
18611,7445064468414876985
18612,7445162981631003954
18613,7445286094897270075
18614,7445461458898455866
18615,7445495273255701823
18616,7445642693084024091
18617,7445470867921882403
18618,7445555228272839999
18619,7445832075279715599
18620,7445859895682927882
18621,7445868009157119270
18622,7446045547229629754
18623,7445898186255863050
18624,7445880624377859378
18625,7445850443751705908
18626,7445849370462817563
18627,7445928488831339811
18628,7445974922049899812
18629,7445979414996749602
18630,7445998717959703843
18631,7445943061542227234
18632,7445981374026239266
18633,7446044846571146553
18634,7445910614217739554
18635,7446270495260986635
18636,7446188973468306738
18637,7446364228610428220
18638,7446171690796682515
18639,7446153208923294986
18640,7446615031371910426
18641,7446441483789503744
18642,7446552235854564666
18643,7446777223144656165
18644,7446744072309525817
18645,7446766024080231714
18646,7446455057630940474
18647,7446549615026933002
18648,7447111227890765095
18649,7447022893952797964
18650,7446974506091957542
18651,7447000717665029402
18652,7447093940655869199
18653,7447078255284276495
18654,7446932110520208694
18655,7447362006874721548
18656,7447403282240113980
18657,7447279052479548731
18658,7447545845752368411
18659,7447293243001195828
18660,7447388339214322955
18661,7447502851749760315
18662,7447488031990222116
18663,7447375104629148955
18664,7447293943332523274
18665,7447350244615982390
18666,7447360930033192255
18667,7447845406773431615
18668,7447678267567426853
18669,7447738601590345001
18670,7447651040754699574
18671,7447564504763829562
18672,7447723506151804195
18673,7447817282056768827
18674,7447870384675785993
18675,7447878485126778122
18676,7447796412185726220
18677,7447847605620444456
18678,7447704609176472895
18679,7447828419825470746
18680,7447858820031860004
18681,7448104910136167719
18682,7448215041947569434
18683,7448104994923941146
18684,7448123732725452042
18685,7447702511768669492
18686,7448173975986834746
18687,7448123527540051238
18688,7448463693353930021
18689,7448506508242930953
18690,7448760249554636032
18691,7448754893394808115
18692,7448937911250193674
18693,7448966642551262521
18694,7448974665885879593
18695,7448975058632051979
18696,7448829917556477244
18697,7448658485954268468
18698,7448969423714651452
18699,7448959054992379173
18700,7448840784641527049
18701,7449349558854765833
18702,7449299333100424507
18703,7449367803125140762
18704,7449352065828048128
18705,7449232454134664485
18706,7449257875232296252
18707,7449354578300079419
18708,7449390599913901372
18709,7449185324279876927
18710,7449359349098614055
18711,7449249468475559206
18712,7449372452582362422
18713,7449135284966460706
18714,7449256832830295311
18715,7449556544401820988
18716,7449553584821112074
18717,7449578948201057596
18718,7449574732615273728
18719,7449560667356499236
18720,7449603707215383845
18721,7449553714106469671
18722,7449552594462100748
18723,7449602201141398810
18724,7449547383752396067
18725,7449562117155474728
18726,7449554605723159835
18727,7449567582815931663
18728,7449552588074192180
18729,7449594922149186873
18730,7449570130230545716
18731,7449553711631813924
18732,7449577156486728975
18733,7449565154729151796
18734,7449584679126191387
18735,7449594495059905827
18736,7449611156727188773
18737,7449567576432119051
18738,7449569626041716022
18739,7449546830540442890
18740,7449571169071631656
18741,7449557334981954842
18742,7449588026532990260
18743,7449555960240147738
18744,7449749830747950336
18745,7449687757045206287
18746,7448801821679832371
18747,7448930879793139001
18748,7448963648367758650
18749,7449107511216442681
18750,7449098793343061306
18751,7449095882827484474
18752,7449478521937775929
18753,7449687837085125945
18754,7449481821307325756
18755,7449686767441038652
18756,7448882649453595914
18757,7449438451486788901
18758,7449646487568403721
18759,7444395436103830843
18760,7445471762449534208
18761,7445489931943693603
18762,7445553231729560851
18763,7445479335554780451
18764,7445479636470943011
18765,7445565795570060578
18766,7445494076616543525
18767,7445647045437836571
18768,7445558667736321337
18769,7445548613377346816
18770,7445534220564450586
18771,7445522711826205964
18772,7445529218974256442
18773,7445451928793845030
18774,7445898102805908777
18775,7445797936262303027
18776,7446042808609246522
18777,7446359731322637607
18778,7446073200682732859
18779,7446589225488665907
18780,7446895621216243002
18781,7447798196719406394
18782,7447891137693617434
18783,7447798609531194639
18784,7447800330105982217
18785,7447867726170754367
18786,7447860186921930047
18787,7447832576418385206
18788,7447843318555315466
18789,7447878353807297819
18790,7447907375660404026
18791,7447834302454271267
18792,7447883941278747963
18793,7448175979253599523
18794,7448216003961523508
18795,7448230649816780044
18796,7448278020277669170
18797,7448207862511209754
18798,7448255993399495948
18799,7448205452678139146
18800,7448261965115362618
18801,7447809742732283187
18802,7448109654275656994
18803,7448221686635253051
18804,7448286701996363058
18805,7448178057405320474
18806,7448275111012044090
18807,7448266644486475034
18808,7448252706805845283
18809,7448259260435189027
18810,7448257065283374372
18811,7448250010162023707
18812,7448297372792261926
18813,7448649196279762213
18814,7448624702064512292
18815,7448523965368192256
18816,7448596578832551225
18817,7448510684675067193
18818,7448453433918639372
18819,7448454233696816434
18820,7448545406352510271
18821,7448797690726485257
18822,7448881369985436987
18823,7448765340793703730
18824,7448939940529835318
18825,7448559777573113107
18826,7449247003000737074
18827,7449153490619731238
18828,7449342282911780131
18829,7447707310153092392
18830,7448827879909018891
18831,7448810607740013864
18832,7448783355929251123
18833,7448827443919572263
18834,7448806035311037707
18835,7449198620340931877
18836,7449338119825984768
18837,7449175860898270479
18838,7449244392340147496
18839,7449195088351071551
18840,7449194775510600996
18841,7449285089311116555
18842,7449160047566785846
18843,7449266244064251148
18844,7449355387171654912
18845,7449325498489900315
18846,7449371489968688421
18847,7449336884720848188
18848,7449283290294537509
18849,7449352622659702076
18850,7449221413325606198
18851,7449297570515389696
18852,7449345092390784308
18853,7445259229428026659
18854,7447714833799056649
18855,7447735073291373833
18856,7447713465948540160
18857,7447698667470949689
18858,7447747667440061722
18859,7447812581886053691
18860,7447807844251864371
18861,7447668166441962815
18862,7447838982462885132
18863,7448098035634113830
18864,7448170563274624306
18865,7448491847397182770
18866,7448426205574925625
18867,7448576989323201843
18868,7448493845634993462
18869,7448852152480566580
18870,7447347509099302144
18871,7449020598992276776
18872,7448838707727191348
18873,7448940972836162835
18874,7448927399531679013
18875,7448658997067926784
18876,7448808979095915816
18877,7449287400712457510
18878,7449273979795197199
18879,7449225739880156453
18880,7449224925505801509
18881,7449224414362635532
18882,7449208105386183993
18883,7449347136623234355
18884,7444512221041937724
18885,7444523302837669135
18886,7444457829748002088
18887,7444575035089554751
18888,7444577083554155812
18889,7444526996010405158
18890,7444497995472669986
18891,7444498999135980852
18892,7444583194046893312
18893,7444476457147026738
18894,7444505490966531386
18895,7444582268904934656
18896,7444523927805660454
18897,7444582706723261755
18898,7444527308876107068
18899,7444493811079859497
18900,7444554992733768987
18901,7444496159562812729
18902,7444500981456456995
18903,7444564818863951145
18904,7444492139054091579
18905,7444579722400484623
18906,7444515071138614585
18907,7444458374277713192
18908,7444463565957877004
18909,7444511755574758716
18910,7444580573340781881
18911,7444554894264028416
18912,7444508868501196090
18913,7444614967371828538
18914,7444607901890628901
18915,7444692370110598412
18916,7444676285185412367
18917,7444688428681186618
18918,7444590948027305270
18919,7444697980180991270
18920,7444602322698734906
18921,7444615907294416165
18922,7444697122668088587
18923,7444605492988546362
18924,7444680926627466537
18925,7444695267284241704
18926,7444673273960402234
18927,7444796813422431546
18928,7444619648462556426
18929,7444957216622316826
18930,7444615507426250043
18931,7444908492856626467
18932,7444899382400503079
18933,7444844432471444794
18934,7444615662791675174
18935,7444716206617103635
18936,7444695732910673211
18937,7444695650249280779
18938,7444774719766744331
18939,7444951043387051316
18940,7444951015041944869
18941,7444778343506922790
18942,7444637659500154138
18943,7444675374631456019
18944,7444619950372719932
18945,7444673267044011273
18946,7444686546717969716
18947,7444675977688517947
18948,7444645520619949370
18949,7444699431049481530
18950,7444589092412624188
18951,7444805757868051770
18952,7444588360221363456
18953,7444588658449042745
18954,7444621671014616355
18955,7444740559064878386
18956,7444692127466016054
18957,7444680732305394996
18958,7444589259652140322
18959,7444613150516792614
18960,7444622484034407738
18961,7444642142087171387
18962,7444906582237793546
18963,7444611203814460732
18964,7444617236419038522
18965,7444693973186121020
18966,7444667867188022539
18967,7444956317116009728
18968,7444590730309307675
18969,7444622947760786714
18970,7444818769207151929
18971,7444700213454933306
18972,7444681011453119754
18973,7444770052542352698
18974,7444604168431570203
18975,7444621620947242275
18976,7444608983001812251
18977,7444605719388654908
18978,7444675318373158201
18979,7444725877553876284
18980,7444787709673000252
18981,7444955602612161850
18982,7444632879855930650
18983,7444590637673876796
18984,7444657597476637971
18985,7444653632479333673
18986,7444765592655088911
18987,7444606467652472102
18988,7444656368897903930
18989,7444902561418644776
18990,7444589233643228455
18991,7444647159091219746
18992,7444588350415097098
18993,7444955767465151801
18994,7444694765645335846
18995,7444677119608720690
18996,7444683873520225576
18997,7444587800923557146
18998,7444645119317364019
18999,7444947604322012426
19000,7444608842685615371
19001,7444692970000928015
19002,7444703694291045644
19003,7444713324945722639
19004,7444917851737066791
19005,7444698149936958757
19006,7444606707570969906
19007,7444647220667747642
19008,7444590058604219657
19009,7444652770839268660
19010,7444662822178409738
19011,7444587555795914035
19012,7444946303521393972
19013,7444657428764855586
19014,7444943255520726298
19015,7444648545023544595
19016,7444985686140259636
19017,7445328609352420658
19018,7445051242180529459
19019,7445320361949924648
19020,7445256212356025660
19021,7445255766560214281
19022,7445059114968878399
19023,7445327429457022247
19024,7445325967435861283
19025,7445325698014694708
19026,7445320169401912636
19027,7445053211557334272
19028,7445139787696082211
19029,7445327971696643328
19030,7445037779320458550
19031,7445253091387051298
19032,7445245280808750371
19033,7445034859824827687
19034,7445033094135942427
19035,7445227858613570876
19036,7445325133557910819
19037,7445308887680470298
19038,7445054621141241097
19039,7445318904756440378
19040,7445317782956199219
19041,7445321993727118651
19042,7445053313285918011
19043,7445317588558581029
19044,7444977056930090280
19045,7445267726534233385
19046,7445248038659968283
19047,7445059711658888508
19048,7445066790268407099
19049,7445273786263309602
19050,7445063775729863973
19051,7445130171041975604
19052,7445205846465793307
19053,7445320475078692123
19054,7444974321207954746
19055,7445322190033063226
19056,7445048510392667449
19057,7445248552634158374
19058,7445201618787634471
19059,7445327680502877492
19060,7445052091665567027
19061,7444989478130748735
19062,7444962122477407515
19063,7445061449174617396
19064,7444985606775606543
19065,7445153452365319462
19066,7445324105311603995
19067,7445008059006471439
19068,7445301687910141243
19069,7445067866052873512
19070,7445324615271927055
19071,7445324007731203366
19072,7445221564846591292
19073,7445096805542546748
19074,7444960051602722084
19075,7444954008541744441
19076,7445036204392811776
19077,7445318860183555367
19078,7445305937994288425
19079,7445219335896976699
19080,7445278506780462393
19081,7445052845994413346
19082,7445042298242485538
19083,7445129639485394236
19084,7445289508192537916
19085,7445184276699548939
19086,7445318734882901257
19087,7445268336813919546
19088,7445313679920237881
19089,7445320890771918115
19090,7445323224897867059
19091,7445148068019735835
19092,7445040871352913210
19093,7444711384190930186
19094,7445319758666304804
19095,7445202372445441318
19096,7445221531807927567
19097,7445308574236003584
19098,7445319963717487881
19099,7445320008722320700
19100,7445320689503980809
19101,7445252864236145931
19102,7445035807640997177
19103,7444958881228344610
19104,7445242608303017275
19105,7444959981603966243
19106,7445322852951166227
19107,7445296130360872243
19108,7445318458188762406
19109,7445325173412154633
19110,7445146113658621219
19111,7445041929957526819
19112,7445277274238225702
19113,7445206061415402810
19114,7445125355834281275
19115,7445140433417571599
19116,7445073571405172003
19117,7445131414091173139
19118,7444978274524073256
19119,7444993579711204643
19120,7445182961848257792
19121,7445094854020828426
19122,7445064063500995855
19123,7445327365497949499
19124,7445324777318862089
19125,7445317704136838426
19126,7445284334254165307
19127,7445050339071495484
19128,7445000598719663418
19129,7445318132614368512
19130,7445271299875720500
19131,7445322679789374772
19132,7445328577278643475
19133,7445317423181401381
19134,7445041962547252514
19135,7445277890888961330
19136,7445011876167109946
19137,7445064630696774972
19138,7445626192599715112
19139,7445551906832928057
19140,7445565203485379880
19141,7445616454545755442
19142,7445614321498934565
19143,7445595230457449766
19144,7445698105112087817
19145,7445484435945868604
19146,7445624875361848611
19147,7445617732592078115
19148,7445567568527510843
19149,7445596165288103226
19150,7445689335782968636
19151,7445491013164043578
19152,7445514838891187483
19153,7445645855396252969
19154,7445516460270603546
19155,7445527349103299881
19156,7445427187357846844
19157,7445656116123487546
19158,7445558863077641487
19159,7445642571516333370
19160,7445472082059611401
19161,7445617793485049103
19162,7445555636412206345
19163,7445514623991794983
19164,7445654227457789236
19165,7445504137132821772
19166,7445539413968407818
19167,7445470673243311397
19168,7445503443952815419
19169,7445476164426075428
19170,7445424328184728870
19171,7445482154898869513
19172,7445566893395643659
19173,7445507175860030732
19174,7445614678018903347
19175,7445535389265202442
19176,7445609241995513140
19177,7445557291459431699
19178,7445607494065327375
19179,7445399451272842532
19180,7445505119950605602
19181,7445597590818737468
19182,7445461350823775546
19183,7445584426047737122
19184,7445501010715561255
19185,7445550986120203579
19186,7445673299859737915
19187,7445585535369841977
19188,7445673966456425762
19189,7445497305391746319
19190,7445553543781633334
19191,7445491710857071923
19192,7445544294909250850
19193,7445429241929354553
19194,7445526427149012243
19195,7445458338223099151
19196,7445609585085320507
19197,7445486584108993830
19198,7445660298960227611
19199,7445505111339715867
19200,7445448254042524969
19201,7445598511413923131
19202,7445492371497684265
19203,7445498271117626665
19204,7445457009719201075
19205,7445559359414783270
19206,7445491863609445691
19207,7445661072964521242
19208,7445615389758803252
19209,7445500288334679311
19210,7445612370774265138
19211,7445609772302273842
19212,7445494807637593385
19213,7445662492824522023
19214,7445651095709437242
19215,7445618910302309695
19216,7445660801689587003
19217,7445513429000981771
19218,7445567903119822140
19219,7445558781653568783
19220,7445548167766101258
19221,7445539148909284667
19222,7445525524950027539
19223,7445580878186581302
19224,7445539261304147226
19225,7445517271784639755
19226,7445517439045045531
19227,7445590833635626252
19228,7445447848658783526
19229,7445646281386544418
19230,7445555909956242707
19231,7445688765391179035
19232,7445664575996939561
19233,7445649701455662388
19234,7445640285754887481
19235,7445493222140300601
19236,7445648901153000764
19237,7445480233580514575
19238,7445675453261679899
19239,7445462720528289083
19240,7445566885866900773
19241,7445501438354083091
19242,7445515424516590874
19243,7445621802287516985
19244,7445656783693090048
19245,7445656555036429608
19246,7445476794800688421
19247,7445447888529788172
19248,7445669884509293883
19249,7445438758217993481
19250,7445496944165735730
19251,7445587055884684559
19252,7445470101509246271
19253,7445548546721418515
19254,7445575790541999418
19255,7445663588527656201
19256,7445487689996012854
19257,7445576414155345204
19258,7445576468152765736
19259,7445523650880523554
19260,7445468165355719996
19261,7445549985871056169
19262,7445419919446936867
19263,7445330830882278716
19264,7445561590193147148
19265,7445601623155559743
19266,7445506876755807538
19267,7445463164076018996
19268,7445693988058762553
19269,7445484212972440858
19270,7445500204649811200
19271,7445678593943883067
19272,7445370344732380453
19273,7445365044826721571
19274,7445594082405010746
19275,7445646443618028858
19276,7445417771883613498
19277,7445593392530083132
19278,7445669380848880953
19279,7445558593635601723
19280,7445652596896828731
19281,7445554472123714870
19282,7445619854121389362
19283,7445442235195329801
19284,7445513296037334284
19285,7445484689218899209
19286,7445569419473898762
19287,7445609316608003343
19288,7445477266202676518
19289,7445623345179036986
19290,7445492899980086540
19291,7445613317147675919
19292,7445587208075103545
19293,7445532886498938151
19294,7445520330006760744
19295,7445515109075668233
19296,7445504894531931431
19297,7445692109518064931
19298,7445551618092748070
19299,7445542782686514486
19300,7445445005298109737
19301,7445565471908171020
19302,7445451652204596540
19303,7445566383548665139
19304,7445509671126879522
19305,7445517199088962835
19306,7445556036792077568
19307,7445554688524553531
19308,7445409798025153792
19309,7445625435326631227
19310,7445430420478463289
19311,7445499949988515072
19312,7445468643690810650
19313,7445497918812982562
19314,7445637477492067647
19315,7445493784441392443
19316,7445610358548598074
19317,7445515110476516648
19318,7445560940298292539
19319,7445524896123227455
19320,7445411465160314121
19321,7445505287764610343
19322,7445654275008531771
19323,7445561733097246003
19324,7445618139963936036
19325,7445499532269473082
19326,7445644051388353852
19327,7445572620411538714
19328,7445539355420085543
19329,7445636618746088755
19330,7445524599741205771
19331,7445641350957010211
19332,7445548507303251236
19333,7445659068779351354
19334,7445582603526130955
19335,7445580609952501042
19336,7445598925282741544
19337,7445436802460044553
19338,7445660134501551394
19339,7445415343884897594
19340,7445477832463027508
19341,7445466979005123840
19342,7445633246819306790
19343,7445663398022466867
19344,7445651701719125285
19345,7445512233746025728
19346,7445523980070489370
19347,7445441197616794916
19348,7445629014343044389
19349,7445405015692315964
19350,7445595976271662346
19351,7445623144792050985
19352,7445591937052052762
19353,7445562593218956596
19354,7445631440852651274
19355,7445437913191419195
19356,7445607645387574586
19357,7445502778027363643
19358,7445499488313117990
19359,7445616766987914536
19360,7445667731292097831
19361,7445507290406358326
19362,7445631641311038779
19363,7445634937148951860
19364,7445457456215444776
19365,7445587582206987560
19366,7445531707014499593
19367,7445607448573906186
19368,7445526278620450102
19369,7445566015498407204
19370,7445494938965429519
19371,7445508619107454249
19372,7445611745999162658
19373,7445587896985226531
19374,7445684881088089395
19375,7445494702163463435
19376,7445573509910220090
19377,7445435298948992265
19378,7445681681333341480
19379,7445603677248736547
19380,7445600552190233892
19381,7445551744685247803
19382,7445635638243740966
19383,7445482386793434425
19384,7445564016296021307
19385,7445561567497751866
19386,7445593147104660795
19387,7445491276146855178
19388,7445511660569152795
19389,7445598196342033704
19390,7445475988328254730
19391,7445666699497508134
19392,7445525987669953850
19393,7445634712892165427
19394,7445496521514126619
19395,7445646467877981450
19396,7445547485616983331
19397,7445499823161150735
19398,7445684314756451625
19399,7445506387494407439
19400,7445639199639883017
19401,7445525362370448690
19402,7445626583999614262
19403,7445557293099289915
19404,7445663685185506617
19405,7445508727483927862
19406,7445602173527887113
19407,7445392659792940314
19408,7445630303986535740
19409,7445541354282831144
19410,7445499917310758204
19411,7445402772129860902
19412,7445687115196747066
19413,7445276835832761652
19414,7445431272647691580
19415,7445474974099459337
19416,7445460006029331752
19417,7445567086606306570
19418,7445546119578324262
19419,7445577467760364826
19420,7445521198806584634
19421,7445570614502427967
19422,7445568898931428662
19423,7445624327568936249
19424,7445603299945958656
19425,7445539321932746020
19426,7445654632916995387
19427,7445626659077623100
19428,7445569893950295311
19429,7445552556299865370
19430,7445438660729769235
19431,7445556032652217651
19432,7445673405656878386
19433,7445446625813728549
19434,7445581317238033703
19435,7445574253522603314
19436,7445331592408616255
19437,7445631714229030201
19438,7445504156019838268
19439,7445543649292668212
19440,7445432756231769382
19441,7445492043079568681
19442,7445575414237482275
19443,7445610809754914057
19444,7445519012609428776
19445,7445636098992131368
19446,7445666574435929363
19447,7445602163503418639
19448,7445507741793226042
19449,7445570811601210682
19450,7445636949429210422
19451,7445503005736176954
19452,7445606520735239464
19453,7445482802440719643
19454,7445561696741084453
19455,7445432288197741887
19456,7445633820906278203
19457,7445675251200953640
19458,7445662050480622859
19459,7445531415426452745
19460,7445422538265562425
19461,7445558041740725530
19462,7445606874797362490
19463,7445553073419865356
19464,7445610826561604874
19465,7445634816831163705
19466,7445468055792045321
19467,7445688008428244234
19468,7445646989754109199
19469,7445644340795297058
19470,7445622247068273979
19471,7445642266389007676
19472,7445647089704455484
19473,7445571789306088764
19474,7445345591686696202
19475,7445475227179470091
19476,7445575144069778697
19477,7445603229942992188
19478,7445483857823960335
19479,7445573476288630031
19480,7445659139847540026
19481,7445600838279662863
19482,7445566695164415289
19483,7445605924456189193
19484,7445567877622566153
19485,7445450644477070655
19486,7445592324626861322
19487,7445585272642784566
19488,7445631984723856698
19489,7445613129196719400
19490,7445531169581436199
19491,7445690326242708795
19492,7445592391769247035
19493,7445519299600502070
19494,7445392106627157285
19495,7445663410580245800
19496,7445496418506280243
19497,7445493105681321273
19498,7445491072270224650
19499,7445557531520372005
19500,7445612104888896825
19501,7445581310531308852
19502,7445533690907725075
19503,7445625335216868649
19504,7445613180023328059
19505,7445494494776151348
19506,7445607141018193163
19507,7445692895488691466
19508,7445617882031017268
19509,7445688038014848316
19510,7445640688152169766
19511,7445655440794455347
19512,7445451826125704488
19513,7445501388848631079
19514,7445490062470515987
19515,7445630885069720892
19516,7445512357024959798
19517,7445531728711519497
19518,7445580227595504954
19519,7445631426805992715
19520,7445643979145727292
19521,7445575069306326299
19522,7445569488243723557
19523,7445605229791350053
19524,7445515728389786919
19525,7445687722557099315
19526,7445580152366566682
19527,7445636894035053833
19528,7445543524923133244
19529,7445682775006432550
19530,7445603929183849787
19531,7445596285970844963
19532,7445619549820456226
19533,7445612859716816187
19534,7445596972880383282
19535,7445610439062375740
19536,7445625872851143936
19537,7445464392310787378
19538,7445667640003005733
19539,7445504238999964969
19540,7445641372905901372
19541,7445677480112885030
19542,7445533010226597139
19543,7445633758683778338
19544,7445508602627951898
19545,7445566224764898571
19546,7445697747908381964
19547,7445572557819923747
19548,7445520497367895305
19549,7445448500919258419
19550,7445598084748348710
19551,7445600499677629756
19552,7445645833883684131
19553,7445407876761275687
19554,7445509122130201913
19555,7445506678377729331
19556,7445533563354631483
19557,7445572942966115641
19558,7445398595508964643
19559,7445672867510897946
19560,7445588732851277114
19561,7445350211356085519
19562,7445462245854711098
19563,7445613825782467855
19564,7445357910735015180
19565,7445637492537052425
19566,7445506464560549183
19567,7445492880770075930
19568,7445592656186592562
19569,7445646549171899705
19570,7445617345843744060
19571,7445570526543711524
19572,7445675076705340712
19573,7445598234191433000
19574,7445552555008036135
19575,7445572223793925376
19576,7445604581289004351
19577,7445571483105086778
19578,7445568188227620123
19579,7445547447570419004
19580,7445586433038896393
19581,7445505479880625435
19582,7445522950519917882
19583,7445546936871980325
19584,7445457260920212748
19585,7445599403601120551
19586,7445477672131546387
19587,7445491165467561231
19588,7445615403784621372
19589,7445495614743268619
19590,7445606416871640335
19591,7445569001826127158
19592,7445681116977122572
19593,7445631871393746226
19594,7445594422332378403
19595,7445663929558224178
19596,7445634018520927528
19597,7445626322212146444
19598,7445588854863695162
19599,7445537018530041128
19600,7445507988472859943
19601,7445498251614129427
19602,7445517643261480244
19603,7445631274913385762
19604,7445538971943341321
19605,7445591800791698740
19606,7445677940425215291
19607,7445517169888185627
19608,7445587423871962395
19609,7445694462963109130
19610,7445582037991410953
19611,7445589102277283099
19612,7445629247181344060
19613,7445355227080854838
19614,7445436771258748170
19615,7445555156604833039
19616,7445517809473293625
19617,7445557005047057715
19618,7445633227508731195
19619,7445519080196558138
19620,7445526554236570938
19621,7445525832333905209
19622,7445474004409781519
19623,7445691350722350399
19624,7445531677205515579
19625,7445556154396052773
19626,7445345318696144163
19627,7445550885838654754
19628,7445607667223055666
19629,7445618552247192882
19630,7445587132380499240
19631,7445541874967891215
19632,7445544838935711035
19633,7445531718276222235
19634,7445632652046109987
19635,7445579013311008019
19636,7445530537084587323
19637,7445605479432064266
19638,7445612143300381967
19639,7445646285828410682
19640,7445534871876898085
19641,7445432365297536283
19642,7445669595538672906
19643,7445639354455723276
19644,7445439488660098338
19645,7445540362086567227
19646,7445636874024013113
19647,7445623297590545664
19648,7445571622016208138
19649,7445345791201299769
19650,7445536753441656123
19651,7445596059356630306
19652,7445578514281041192
19653,7445461113317133626
19654,7445517311852743976
19655,7445460800254397711
19656,7445684472810310972
19657,7445573255529860393
19658,7445600050153000249
19659,7445645945196399932
19660,7445550034055089448
19661,7445520116017581370
19662,7445495153747332409
19663,7445343561542929703
19664,7445671876493446457
19665,7445388720510897467
19666,7445492534794669339
19667,7445560694776335655
19668,7445535310911507722
19669,7445530464032443700
19670,7445623436883266816
19671,7445514815990271289
19672,7445473506738916645
19673,7445519434745204022
19674,7445576768934677794
19675,7445592371221237028
19676,7445490387038326057
19677,7445495749820960019
19678,7445619845091183930
19679,7445549362618371366
19680,7445440912253062457
19681,7445584424055459108
19682,7445565346389527827
19683,7445539217024797986
19684,7445635545042128138
19685,7445626157476678970
19686,7445608762469108992
19687,7445446628393159970
19688,7445554091444440361
19689,7445617464462839099
19690,7445437683259690297
19691,7445572109637635369
19692,7445546276411755827
19693,7445514384769666361
19694,7445580577362742579
19695,7445547336618593555
19696,7445418440258620730
19697,7445606829901597990
19698,7445639880211713292
19699,7445670112893390121
19700,7445663062603959590
19701,7445603580133821755
19702,7445617206626356538
19703,7445668921866226971
19704,7445448380354022671
19705,7445539468578180415
19706,7445655748312452388
19707,7445514525786328360
19708,7445537303348448562
19709,7445677020836678971
19710,7445639158158134554
19711,7445608100075261243
19712,7445497781826915625
19713,7445565266160782644
19714,7445491788867046667
19715,7445589911165603109
19716,7445686250398436608
19717,7445597132263869711
19718,7445336047971536162
19719,7445592143680376121
19720,7445497567095377204
19721,7445535348655983926
19722,7445509855118445884
19723,7445639123106368818
19724,7445686440333200655
19725,7445459356084096256
19726,7445649606756601145
19727,7445647846105287970
19728,7445496262662556947
19729,7445456787207146815
19730,7445560657673522469
19731,7445667537062202681
19732,7445667397463248137
19733,7445522133364559123
19734,7445557772344790312
19735,7445628866854407439
19736,7445504893961473292
19737,7445634258686790964
19738,7445533154162511119
19739,7445620853133397260
19740,7445670582428945673
19741,7445534366094134568
19742,7445474941148908850
19743,7445461632467176744
19744,7445698420733496628
19745,7445640687640481084
19746,7445554422026980665
19747,7445647053172002063
19748,7445637823832657189
19749,7445489498898681140
19750,7445526993665412406
19751,7445598896388050233
19752,7445461506038172940
19753,7445520766185065747
19754,7445552310245248293
19755,7445356179926158642
19756,7445556552913669416
19757,7445593304390978868
19758,7445550961575103802
19759,7445562482694868233
19760,7445530985006910778
19761,7445509272605101351
19762,7445605768566476044
19763,7445582146015628554
19764,7445482127682014522
19765,7445617630246980902
19766,7445462362640895272
19767,7445598132768935225
19768,7445596485518888242
19769,7445573041045654844
19770,7445540816099003707
19771,7445565750821129487
19772,7445332303628209466
19773,7445626049125207354
19774,7445504765892611363
19775,7445662391037185316
19776,7445518251234200843
19777,7445602383905688891
19778,7445538936803429647
19779,7445564991362583846
19780,7445693598063971596
19781,7445465816985898300
19782,7445514233661377829
19783,7445610289535503627
19784,7445487066114231609
19785,7445574004296961317
19786,7445665493735853352
19787,7445332355834842383
19788,7445616500259556619
19789,7445538808881237263
19790,7445492989893381410
19791,7445483944952352012
19792,7445458164071320843
19793,7445606068308299035
19794,7445667201476005179
19795,7445570405672176934
19796,7445611862890188059
19797,7445560904374111498
19798,7445537825543441699
19799,7445484176679210280
19800,7445622767657012521
19801,7445501863992118566
19802,7445490587706445108
19803,7445568647558450468
19804,7445573323771186484
19805,7445644074461187387
19806,7445514051309882658
19807,7445503899114556698
19808,7445532665102486803
19809,7445462719953849600
19810,7445577691727793408
19811,7445536483345222970
19812,7445619454895000891
19813,7445567858018356514
19814,7445690933011631386
19815,7445624984803757327
19816,7445344521979809063
19817,7445577754117934362
19818,7445521382236097843
19819,7445667175911738665
19820,7445650278315052347
19821,7445573252270804282
19822,7445544554482208019
19823,7445660658919656716
19824,7445475732320488764
19825,7445604399373618466
19826,7445529973479296256
19827,7445491948858707234
19828,7445560232962575673
19829,7445557031215336743
19830,7445552723715509544
19831,7445530137761729842
19832,7445678533357161763
19833,7445544006425120059
19834,7445634937450990857
19835,7445530703074233663
19836,7445679675575192841
19837,7445657205958774042
19838,7445609504626068747
19839,7445593071095500089
19840,7445507976074431802
19841,7445654022872157477
19842,7445609128132611338
19843,7445455331079114022
19844,7445579818780986674
19845,7445487364522216764
19846,7445590104606772539
19847,7445526950627626251
19848,7445593541591502091
19849,7445503638992211239
19850,7445518459691158784
19851,7445519104150228281
19852,7445618749018836281
19853,7445590267920403763
19854,7445538199960702268
19855,7445505910908259599
19856,7445524198388288803
19857,7445636211085036858
19858,7445363055657028900
19859,7445566566751587644
19860,7445640202602827023
19861,7445588093756771636
19862,7445652708347972902
19863,7445656783894498597
19864,7445623073530727714
19865,7445633734201642299
19866,7445508735469964602
19867,7445472611955395850
19868,7445515558856035621
19869,7445496392761625883
19870,7445662849734593842
19871,7445633169862266124
19872,7445571685945707811
19873,7445628115889556794
19874,7445523158687354169
19875,7445671456912018723
19876,7445558245747412233
19877,7445450095165705535
19878,7445581631374527802
19879,7445660431856717090
19880,7445545675292560667
19881,7445616353316195643
19882,7445547805051047206
19883,7445607876577611068
19884,7445573604399451452
19885,7445643414646820135
19886,7445683151138999590
19887,7445502823619497266
19888,7445647843156708623
19889,7445517335781199130
19890,7445604323628748091
19891,7445627724149902602
19892,7445666985830026523
19893,7445449275846282530
19894,7445628276812401974
19895,7445515935122722108
19896,7445631646365240634
19897,7445617381633756426
19898,7445553192730922280
19899,7445555585132678439
19900,7445657323638443314
19901,7445472391263800576
19902,7445484898720238884
19903,7445563584567987496
19904,7445678038160788794
19905,7445667395923987764
19906,7445466935229287695
19907,7445607002912410916
19908,7445629385253604608
19909,7445534545882991931
19910,7445683847204719881
19911,7445679097746918682
19912,7445523450833210678
19913,7445574914939079946
19914,7445582889028177215
19915,7445583222341143868
19916,7445670404548562195
19917,7445479094415838522
19918,7445533957627579683
19919,7445370688816434490
19920,7445498559446666507
19921,7445605427728878860
19922,7445537505308462375
19923,7445630372039249179
19924,7445601295211220251
19925,7445614602655665445
19926,7445448679932185910
19927,7445677673776565519
19928,7445459748830465339
19929,7445556594613538107
19930,7445534115887140130
19931,7445644252819770682
19932,7445631038665018684
19933,7445587595129556281
19934,7445491621283597620
19935,7445477252642491648
19936,7445656319379492131
19937,7445522131347066172
19938,7445694023811009852
19939,7445692078132104448
19940,7445646927523368244
19941,7445490517330218290
19942,7445557225415839027
19943,7445500510108503348
19944,7445551333463084299
19945,7445645197037374761
19946,7445628423583698214
19947,7445655214021037364
19948,7445601189447617807
19949,7445492947493145867
19950,7445617715072617764
19951,7445500494409174331
19952,7445686932266372387
19953,7445554041339268406
19954,7445574639847345446
19955,7445593852880211257
19956,7445469207531244812
19957,7445597948911553849
19958,7445669210426019130
19959,7445509893093723442
19960,7445392324118449466
19961,7445670642508172581
19962,7445532813748735232
19963,7445445384308067594
19964,7445698663680183589
19965,7445540948962053417
19966,7445468957932358947
19967,7445635245442878780
19968,7445553980530314515
19969,7445588845598412091
19970,7445580976949857594
19971,7445478221665013052
19972,7445460461564235020
19973,7445620403168480512
19974,7445653323480452378
19975,7445536549443210559
19976,7445547372320476452
19977,7445522660408249600
19978,7445569089939967283
19979,7445622730369600826
19980,7445631123322948864
19981,7445606791926254907
19982,7445499189930298663
19983,7445425564078443786
19984,7445597451525868811
19985,7445521406181379338
19986,7445628570430541094
19987,7445558730843901184
19988,7445613136784248099
19989,7445648209969483048
19990,7445618525365914920
19991,7445657170122739001
19992,7445644925732982050
19993,7445578464175918386
19994,7445450227869306152
19995,7445449460731219210
19996,7445513881134337295
19997,7445521888685657371
19998,7445647537266003200
19999,7445654149456268601
20000,7445516377961581864
20001,7445618749719235898
20002,7445484889794825508
20003,7445517647644495113
20004,7445472996464086298
20005,7445648819339021603
20006,7445554618450431284
20007,7445582470294080809
20008,7445606798465256758
20009,7445529757174779174
20010,7445629235550571833
20011,7445536909444631835
20012,7445649739577658634
20013,7445683300783410469
20014,7445626501329866044
20015,7445673757227699507
20016,7445457161506852154
20017,7445607367628098854
20018,7445499401902017819
20019,7445557396845464869
20020,7445531832453582140
20021,7445632625219308858
20022,7445462990184353084
20023,7445600997348543780
20024,7445691736929701174
20025,7445540015553187082
20026,7445683817941044480
20027,7445568511302208783
20028,7445554643838537019
20029,7445505774085803299
20030,7445647842565180726
20031,7445675861229063450
20032,7445568694639480124
20033,7445603702263614777
20034,7445556616574930210
20035,7445640105886321980
20036,7445512680904985868
20037,7445561517405130020
20038,7445616986727435555
20039,7445532749647138105
20040,7445613181935848716
20041,7445502037766262075
20042,7445645166246907193
20043,7445521781617675579
20044,7445509889645890868
20045,7445429614492536114
20046,7445580257865764156
20047,7445657715507989820
20048,7445503944178158900
20049,7445610089169423626
20050,7445650659950529852
20051,7445526294449687820
20052,7445507238397021479
20053,7445673929366048060
20054,7445692563580783882
20055,7445549331278499091
20056,7445439445333069091
20057,7445609369539988793
20058,7445536848388181248
20059,7445663288395861286
20060,7445591821784337722
20061,7445466305718668594
20062,7445613489839738169
20063,7445502549332987176
20064,7445526697740438836
20065,7445518974202203452
20066,7445565290294955327
20067,7445586673552919848
20068,7445653117473000715
20069,7445432795381370170
20070,7445580402330307899
20071,7445571119337327935
20072,7445491126439546138
20073,7445511950164872482
20074,7445639739262242108
20075,7445501552049130764
20076,7445554937779539219
20077,7445491941917084969
20078,7445545705067793702
20079,7445546560777194811
20080,7445570366799432970
20081,7445487428938239251
20082,7445605739432889657
20083,7445608441600658700
20084,7445551883264986427
20085,7445570691258207529
20086,7445563975460343092
20087,7445568742047714598
20088,7445621440226839865
20089,7445651281890381091
20090,7445537319299337509
20091,7445628444844510514
20092,7445548531550670117
20093,7445349493559577856
20094,7445845655429369126
20095,7445703271844482341
20096,7446057354770107659
20097,7445979094908456250
20098,7445870016249056571
20099,7445855028566347034
20100,7446018668644797706
20101,7445988432914042152
20102,7445800241653173567
20103,7445988889979866395
20104,7445993343235935545
20105,7445794366834167097
20106,7445877705691729189
20107,7445882969018879291
20108,7445882376917421375
20109,7445909434045304121
20110,7445701070111657216
20111,7445986630818598194
20112,7445971997252701474
20113,7445914947915222287
20114,7445878685283994919
20115,7445972402372234511
20116,7446036528729476392
20117,7445835391820713254
20118,7445808125187296538
20119,7445813497809734927
20120,7445829485380881724
20121,7445802872501030153
20122,7445936341998685499
20123,7445995342287473980
20124,7445989227877256487
20125,7445849145832705280
20126,7445903825216572723
20127,7445999754154216763
20128,7445878310883642678
20129,7445858014214507833
20130,7446029140014239010
20131,7446011682662403387
20132,7446063917928828218
20133,7446028589100830003
20134,7446040109188713786
20135,7445939272697367819
20136,7445969935173471515
20137,7445896355857354025
20138,7445874587339935028
20139,7445813406436773161
20140,7445967395962834233
20141,7445722479550680377
20142,7445817256585612595
20143,7445719155258477876
20144,7445917502191799603
20145,7446026560928304420
20146,7445877700507569466
20147,7446042631345294627
20148,7445957479478857014
20149,7445812250280987962
20150,7445952663071575356
20151,7445924280220568892
20152,7445802523811794203
20153,7445838205816982819
20154,7446002019741060409
20155,7445856081764470031
20156,7445888924616101161
20157,7445975746411072827
20158,7445957464303996210
20159,7445995008395660556
20160,7445883482485591334
20161,7445873608267746619
20162,7445871749113154876
20163,7445867393810828585
20164,7445880543599676713
20165,7445972687970733323
20166,7445878863122451731
20167,7446019713735363852
20168,7445896208012332346
20169,7445849447243779364
20170,7445980259566112034
20171,7445798755904834876
20172,7445967514791677241
20173,7445908529359179023
20174,7445985942797700391
20175,7445908579896282426
20176,7445868242008034596
20177,7445931457408699667
20178,7445985737952054566
20179,7446016763164183808
20180,7445867376320548122
20181,7445851598418431268
20182,7445936236306468154
20183,7445828517998103865
20184,7445872138625518906
20185,7445991423809277235
20186,7445850379432021288
20187,7445858836541443340
20188,7446031403302571314
20189,7445796371162025253
20190,7445720406620704011
20191,7445736876327095567
20192,7445848986042387771
20193,7445910102399339816
20194,7445889207937011004
20195,7445885961805909306
20196,7445839991181266217
20197,7446017775073496380
20198,7445961542987828537
20199,7446020248752508170
20200,7445811685253827881
20201,7445802336770903348
20202,7445810293982121276
20203,7445579089102064911
20204,7446009914788547850
20205,7445797041394994489
20206,7445992739122072892
20207,7445940067786411314
20208,7445929739740581154
20209,7445941010888215868
20210,7445903757335973154
20211,7445998443958488359
20212,7445961250992819475
20213,7445829835898768697
20214,7445898704168422667
20215,7445969052893285670
20216,7446022534677548300
20217,7445939329349831936
20218,7446015870628891964
20219,7446023116670733628
20220,7445793896900103458
20221,7445912805603101961
20222,7446001022893395260
20223,7446066850921778482
20224,7445981680671788348
20225,7445936351406476585
20226,7445930106104614203
20227,7445925887251467580
20228,7445983305188609292
20229,7445877444738960676
20230,7445982832792456508
20231,7446053708120591631
20232,7445940342718762276
20233,7445829354443066651
20234,7445987400288849204
20235,7445986956078583098
20236,7446016711725174035
20237,7445974562522631483
20238,7445866355401739531
20239,7445958982096719163
20240,7445964079954398518
20241,7446001937843031350
20242,7446057589525253436
20243,7445919203112127796
20244,7445929042722737434
20245,7446002802234641727
20246,7445918064060681506
20247,7445891090982440255
20248,7445928007287590196
20249,7445920746133638459
20250,7445957479294389513
20251,7445957475058126119
20252,7445826126598933769
20253,7445895993276599612
20254,7445928368530345253
20255,7445810056349732130
20256,7445889983480728868
20257,7446016684260887848
20258,7445989702269799714
20259,7445942313051901224
20260,7445982016597757219
20261,7445801873522560314
20262,7446063381850721576
20263,7445805869742247180
20264,7445987533755927842
20265,7445958838240562444
20266,7445961373713993012
20267,7446015919719025978
20268,7445785029382278438
20269,7445913590344748348
20270,7446035212535991592
20271,7446046832641264932
20272,7446045379738586409
20273,7445866792188136715
20274,7445868093127101759
20275,7445875746456767803
20276,7445867667761712419
20277,7445985037612256527
20278,7445922168464100645
20279,7445728458879159578
20280,7445847044612279592
20281,7445955771986169138
20282,7445845892210445606
20283,7446020096583109903
20284,7446012788226493754
20285,7446014004012567817
20286,7445968052249742646
20287,7446031336449592617
20288,7445973251974548796
20289,7445988001181601084
20290,7445952705375391036
20291,7446058846012968242
20292,7446026354421665043
20293,7446003608052616502
20294,7446012170027961615
20295,7445829191129500966
20296,7445958738923539770
20297,7446012478661627196
20298,7446057844048219392
20299,7446053848910761227
20300,7445916213554859324
20301,7445962289150266683
20302,7445929068895194395
20303,7445994681470635298
20304,7445879561671200038
20305,7445824286050225417
20306,7445930329875025204
20307,7445961343158521123
20308,7446001844087786787
20309,7446008516243983667
20310,7445970610099883275
20311,7445976380254276924
20312,7445808462736444731
20313,7445884613555277116
20314,7446005271333178639
20315,7445931348977651002
20316,7445973250733034812
20317,7445987801859919167
20318,7445874029644303670
20319,7445822841569692967
20320,7445935234140425484
20321,7445865294964329766
20322,7445943823953399050
20323,7445859615926996281
20324,7445885984492768570
20325,7445935696315043110
20326,7445961825251806504
20327,7445854640953953577
20328,7445865432604560700
20329,7446061273885838611
20330,7446009175861218572
20331,7445809688177888570
20332,7445950826067070265
20333,7445962460454079807
20334,7445986413289508153
20335,7446048891931299099
20336,7445803860809108763
20337,7446015316452248884
20338,7445959859788434722
20339,7445988935412501799
20340,7445990894282575167
20341,7445859809758285082
20342,7446028093355019558
20343,7445807310124928307
20344,7446025385965276427
20345,7445981316706798907
20346,7445913919366974778
20347,7445897304252386619
20348,7446004900913368320
20349,7446032877378112825
20350,7445947591377898804
20351,7445849174203026739
20352,7445960747705814331
20353,7446044239273676066
20354,7446027592953564453
20355,7445973738975235337
20356,7445828015176699187
20357,7446025625753734440
20358,7446047105765920036
20359,7445814658432322826
20360,7445974271504977162
20361,7445828533672348968
20362,7446034456177036601
20363,7445969432091872570
20364,7445908895643585826
20365,7445895632671231241
20366,7445909436188855593
20367,7445933799214533925
20368,7446021088854773019
20369,7445833697762233635
20370,7445700427011738899
20371,7445872083592170806
20372,7445867381835992377
20373,7445894019638398248
20374,7445993605371546880
20375,7445863186495999269
20376,7446069717153877308
20377,7445869390957989157
20378,7446025692292156698
20379,7445957164968987963
20380,7445948977868033290
20381,7445831780201925946
20382,7445976607212293412
20383,7446003518172876067
20384,7446000750242663732
20385,7445882575089962278
20386,7445966770478894396
20387,7446004114523278649
20388,7446045188012690723
20389,7445888363611049231
20390,7446025742250544441
20391,7445869053907832123
20392,7445700734508666170
20393,7445961824203230503
20394,7446060857034820883
20395,7445950158010977593
20396,7445893571586116900
20397,7445679852818091324
20398,7446031727790689596
20399,7445845672298925339
20400,7446005586610654501
20401,7446044062836067594
20402,7445881356984257818
20403,7445884654839778619
20404,7445891281248734504
20405,7446014735457324303
20406,7445930394387549467
20407,7445976737931873562
20408,7445817536190401842
20409,7446038704965094706
20410,7446043800469900582
20411,7445972917311016232
20412,7446018817937018138
20413,7446001261909953851
20414,7445864783179533579
20415,7445929585138519308
20416,7445927662230441231
20417,7445961318785420583
20418,7445829497934449980
20419,7445984704802622731
20420,7446011990775958799
20421,7445977613312494906
20422,7445912093712239932
20423,7445809220991143207
20424,7445875444076858662
20425,7446031598048283955
20426,7445717378203192591
20427,7445943312902524212
20428,7445910055871876361
20429,7445955983941176626
20430,7446004002761854234
20431,7446019223333129507
20432,7445930984622574898
20433,7446046791801343283
20434,7445968147691080979
20435,7446036727979937039
20436,7446048059999505722
20437,7445868755411946804
20438,7445975682355645730
20439,7445882779818102056
20440,7445734741308951868
20441,7445777726369205531
20442,7445975437869616410
20443,7445806916791438604
20444,7445965746959551755
20445,7446015387654802738
20446,7445993996666604834
20447,7445862618184699148
20448,7446002186502343955
20449,7445885088929287458
20450,7446022776806264076
20451,7445997834870066444
20452,7445787637685718307
20453,7445853417148452105
20454,7445975160135355688
20455,7445993674581855514
20456,7445819938931100928
20457,7445824415146839336
20458,7445738931506711846
20459,7445952196325199164
20460,7445953687664495922
20461,7445989499999505715
20462,7446008603837828404
20463,7445842291421367612
20464,7445871014187158823
20465,7445908744296435007
20466,7445861316780248354
20467,7445866037570047270
20468,7445987866246761762
20469,7445718980762881306
20470,7445957640808582437
20471,7445901207715056935
20472,7445970815490788627
20473,7445779228760575295
20474,7446036881785064767
20475,7445990636529978636
20476,7446011455205395748
20477,7446021856039161099
20478,7445819952768044348
20479,7446047198950870313
20480,7445886260331154745
20481,7445987697371450634
20482,7445742297255382312
20483,7446005630793518363
20484,7445910615878831370
20485,7445912186259606821
20486,7446022069478788387
20487,7446004067366636836
20488,7446019621288774969
20489,7445863381849967931
20490,7445826509232721209
20491,7446023855585414411
20492,7445968127596285244
20493,7445715321559797052
20494,7445973719073312054
20495,7445845922937933114
20496,7445720261850123577
20497,7446025904901442843
20498,7445856321406078271
20499,7445952565155581243
20500,7446033139454971196
20501,7445803648300436748
20502,7445974577747954982
20503,7445991473750805787
20504,7445873489229139211
20505,7445922969731255609
20506,7446030884148481314
20507,7445937131391847680
20508,7445880079168671036
20509,7445851170137967881
20510,7446024785194142976
20511,7445886132925009190
20512,7445839746653326628
20513,7446015273649556763
20514,7445916091219528999
20515,7446026408356220172
20516,7445858850642742562
20517,7445876348012301626
20518,7446016848056945980
20519,7446041131512646924
20520,7446015682027785482
20521,7445932725787168019
20522,7445963232579276090
20523,7445999936010849596
20524,7445872039849626917
20525,7445945398381907210
20526,7445843021574327609
20527,7445967867079560463
20528,7446035504291646772
20529,7445826302705225019
20530,7445985186564590908
20531,7445980839076236604
20532,7445895059771264297
20533,7445942068939099429
20534,7446010227608063269
20535,7446006644988841242
20536,7445836602712083748
20537,7445926122254126396
20538,7445900608478956837
20539,7445903364107324711
20540,7445786264692919592
20541,7445976578942651687
20542,7445864897998572851
20543,7445996405400849674
20544,7445987241672887586
20545,7446046282763799842
20546,7445897659681967411
20547,7445910160607956276
20548,7445885134152207667
20549,7445903643439549754
20550,7445827733273300282
20551,7445889814685060362
20552,7445980968957103419
20553,7445919729711090983
20554,7445878739017141563
20555,7446043634765516092
20556,7445831366790417690
20557,7445936237245992231
20558,7445862744693263676
20559,7445901720288283967
20560,7446046234961317155
20561,7445806691469331750
20562,7445875547508444428
20563,7446040415272324393
20564,7446019110510529803
20565,7445888467797544243
20566,7445950133222542592
20567,7445862682604915983
20568,7445862242232356132
20569,7445747392575540531
20570,7445911211771759929
20571,7446023122601512244
20572,7446017554851695891
20573,7446036106333867279
20574,7445998688985500980
20575,7445973863915179316
20576,7445801262043581730
20577,7445811660847107385
20578,7445840269905333564
20579,7445866149218110778
20580,7445904927529946380
20581,7445993184192105767
20582,7446049291963059510
20583,7445992905413545235
20584,7445987917865979196
20585,7445960795608894731
20586,7445992188254752035
20587,7445984844082924859
20588,7445846799811611919
20589,7445842106234490162
20590,7445962417873423650
20591,7445834343966117170
20592,7446001474817101096
20593,7445984880434973952
20594,7446038093158780201
20595,7445919423904386363
20596,7445923710915136828
20597,7445937783492971785
20598,7445961571261615399
20599,7445994225528868107
20600,7445791641585192192
20601,7445973846106164506
20602,7445946090135768358
20603,7446004798295526716
20604,7446066626627194127
20605,7445891164588313906
20606,7446057256023543097
20607,7445822189426838841
20608,7445907996640595209
20609,7445877171454758202
20610,7445970990842088731
20611,7445938693820386619
20612,7445950633791769894
20613,7445829953536412980
20614,7445864880986459442
20615,7445818106770967866
20616,7445990979104034084
20617,7445948003178843442
20618,7445824869519887652
20619,7445960203058629946
20620,7445922705158704441
20621,7445827377009069369
20622,7446001143592848649
20623,7445844100177333539
20624,7445961252683140378
20625,7445971124850134309
20626,7445929330116463935
20627,7445976086271364409
20628,7446034425055333690
20629,7445923093375241532
20630,7445998204681800969
20631,7445972424425803042
20632,7445814172329315624
20633,7445959528358612264
20634,7445834148192750905
20635,7445859954650582272
20636,7445896466037558588
20637,7445856768212634895
20638,7446025714408721701
20639,7445890566933531955
20640,7446013714723081535
20641,7445865047106129186
20642,7446028450038615308
20643,7445919649507691833
20644,7445979160641572159
20645,7445877304682630458
20646,7445825220935437603
20647,7445717473032195385
20648,7446030387165334841
20649,7445922049115049235
20650,7445889997116329275
20651,7445975818557214012
20652,7445821196760780051
20653,7445868321553075495
20654,7446059364781133114
20655,7446020337600318780
20656,7445973347080359228
20657,7445929230644399412
20658,7446002787244117311
20659,7445902130784832831
20660,7445841297002220836
20661,7445840224439110912
20662,7445966942369860923
20663,7445844355228749106
20664,7445889968075017529
20665,7446010823509577011
20666,7445988056781344052
20667,7445920307354930451
20668,7445840200409959720
20669,7445913777511451944
20670,7445936484160490792
20671,7445809589808844042
20672,7445875487555046707
20673,7445873858395016457
20674,7445857003651550524
20675,7445760103078235432
20676,7445717272427056442
20677,7445867175929302282
20678,7445801018002099490
20679,7445944336577006887
20680,7446007971684928828
20681,7445843880714554662
20682,7446057307445808438
20683,7445976119276211497
20684,7445965276459339027
20685,7445957657510333711
20686,7445892636600323387
20687,7446031938135035155
20688,7445979608534502716
20689,7445800217741511996
20690,7445950207658855738
20691,7445858922369387814
20692,7445931865569021235
20693,7445962818265877770
20694,7445865302321139004
20695,7445840179262278972
20696,7446027352959683875
20697,7445859645568060731
20698,7446046230674722106
20699,7445830115163933952
20700,7445901858280934666
20701,7445878217111604539
20702,7445822259987483967
20703,7445812183683943718
20704,7445975387147865404
20705,7445977067285515580
20706,7445990627159969062
20707,7446003073421561146
20708,7445876008269516071
20709,7446025282575764795
20710,7445796215708486969
20711,7446011658230615337
20712,7446022476804492553
20713,7445873086035004699
20714,7445962199673212220
20715,7445948118740389179
20716,7446023879165742396
20717,7445869395936693523
20718,7445997131443211532
20719,7445837308487535926
20720,7446014553571233061
20721,7446046557767617829
20722,7446033911148334395
20723,7445892355145649434
20724,7446038915493973307
20725,7445881768785300795
20726,7445925474863254844
20727,7446058101842726180
20728,7445972216161815865
20729,7445928657207561530
20730,7445976558659030287
20731,7445995825034956092
20732,7445927245937429801
20733,7445854473756446009
20734,7446028221553888575
20735,7445816712768818482
20736,7446059151526038843
20737,7445970645009091880
20738,7445911623707020571
20739,7445882696800275775
20740,7445869225501052200
20741,7445768283879427388
20742,7445881788561476924
20743,7445703331260976410
20744,7445866622125870346
20745,7446046184902331683
20746,7446041364518702386
20747,7445851537756212514
20748,7445848525314805043
20749,7445889614050626874
20750,7445814048224038159
20751,7445983376764390671
20752,7445867419895139647
20753,7445986009264721211
20754,7445863328359943481
20755,7446028602174459155
20756,7445794746418662706
20757,7445931983655488808
20758,7445926987408903461
20759,7445879701324746023
20760,7445931333760683321
20761,7445833636139601190
20762,7445844888387636480
20763,7445981038133710080
20764,7445937828497870107
20765,7445887332990913818
20766,7445983261819456779
20767,7446010333069643034
20768,7445816936765738277
20769,7445871563804527910
20770,7446011495923633408
20771,7445884977402711347
20772,7445857346980449590
20773,7445743277384469801
20774,7445923810211040523
20775,7445780415090068772
20776,7446068312481484092
20777,7445868855261515068
20778,7445937027452833062
20779,7445702039524445475
20780,7445899531964665126
20781,7445874944249990426
20782,7445901298945379643
20783,7445885956428664116
20784,7445838282577038602
20785,7445874949387996451
20786,7446031337661795599
20787,7445917841439722812
20788,7445921104511716645
20789,7446003597659229450
20790,7445867131968703795
20791,7445904498230332735
20792,7446005006542622010
20793,7446026949077585203
20794,7446056682335063354
20795,7446054659996814631
20796,7446044252116667658
20797,7446014561930497330
20798,7445847927542598923
20799,7446066153933393178
20800,7445700269679136052
20801,7445870481636363579
20802,7445947445181271356
20803,7445993422265027866
20804,7445977002693152058
20805,7445918432656117042
20806,7445965243802471692
20807,7446037017131027771
20808,7445793989560765754
20809,7445956810609102140
20810,7445847612118306086
20811,7446048305408183593
20812,7446052047562067235
20813,7446028487606996261
20814,7445932049833168186
20815,7445829678050397478
20816,7445983715806776611
20817,7445926481517088039
20818,7445821780876348732
20819,7445854195279842586
20820,7445821204088327443
20821,7445899204020522290
20822,7445995856995667258
20823,7445963996601126204
20824,7445974565592878348
20825,7446012039673204003
20826,7445891561298103571
20827,7446040637406792975
20828,7446009780931415330
20829,7445866547060477199
20830,7445856863754685731
20831,7445907143053544740
20832,7445873698076183868
20833,7446028415825612092
20834,7446069220896443663
20835,7445811228166933811
20836,7445944613665393972
20837,7446069545418231097
20838,7445840147645467963
20839,7445915920674983225
20840,7445898179091942667
20841,7445850181171465484
20842,7445958254628326671
20843,7445956817814834470
20844,7445965345975831866
20845,7445870651832896808
20846,7445935388067122451
20847,7445965306624740662
20848,7445987431909756170
20849,7446009649603611904
20850,7445725630601186575
20851,7445911558670044454
20852,7445927941101440313
20853,7445941355949411623
20854,7446023501284166950
20855,7445910947199257906
20856,7445886279486655754
20857,7446016285160262962
20858,7445934892443061504
20859,7445963927546039579
20860,7445834403088960795
20861,7445811914745089320
20862,7445909500801879348
20863,7446034687715200314
20864,7445805028260007195
20865,7446046593771474211
20866,7446016750681886009
20867,7446019814755192073
20868,7445840697028136249
20869,7445847723070295346
20870,7446050122837855545
20871,7445904261038345509
20872,7446059992718822665
20873,7445947909989846283
20874,7445931738569772345
20875,7445988082790239507
20876,7445964622600948992
20877,7445734299267124540
20878,7446035932559461673
20879,7445804158168436025
20880,7445881546034122021
20881,7446063607701441803
20882,7446035194982763785
20883,7445880982386871588
20884,7445879055662026041
20885,7445920010406530363
20886,7445907057758276923
20887,7445945562353896714
20888,7445903153268149515
20889,7446068558355828031
20890,7445739406004112697
20891,7445962982867176715
20892,7445935947658644763
20893,7446017595418873126
20894,7445985004796005632
20895,7445943890777083194
20896,7445969070383533352
20897,7446023728355347772
20898,7445810343009406244
20899,7445882982155488570
20900,7445943203930311995
20901,7445995313946479909
20902,7445890122077326651
20903,7445906399411916067
20904,7445819312599878951
20905,7445915295044078905
20906,7446023938473282873
20907,7445845449564556594
20908,7445950250017099065
20909,7445858083319942457
20910,7445901435985874202
20911,7445853005007686931
20912,7445946066249272591
20913,7445875831097789748
20914,7445984502511389988
20915,7445852363346267411
20916,7445972195571993913
20917,7445832046984826172
20918,7445944284013923593
20919,7445866501766155577
20920,7445990303531715880
20921,7445877597789064511
20922,7445833867388357947
20923,7445963350762130740
20924,7446008602541706556
20925,7445945035440278794
20926,7445998783248256316
20927,7445929036213275955
20928,7445866535651986751
20929,7445862193653976379
20930,7445824141128666431
20931,7446002357860683058
20932,7445859546142231858
20933,7445906999235185935
20934,7446031061429079306
20935,7445980411370523945
20936,7446031409136848169
20937,7445859603725815077
20938,7445918831303871781
20939,7446028400277441804
20940,7445986518130281762
20941,7446014875463126313
20942,7445950482742299955
20943,7445994038316092672
20944,7446037110047427899
20945,7446030207653285179
20946,7445992090884001035
20947,7445846244540370211
20948,7445836265557151027
20949,7445925384136199460
20950,7445861441850199353
20951,7445878597233003788
20952,7445884359917194556
20953,7445852820105907508
20954,7445856336589491491
20955,7445811386397052217
20956,7446052523275816244
20957,7445889484081712399
20958,7445876013239766272
20959,7445974675466882338
20960,7445997753295064330
20961,7445997006989856036
20962,7445870822884904251
20963,7446049839441399097
20964,7445779814092492072
20965,7445901284302949668
20966,7445702685338209594
20967,7445844154334137610
20968,7445867842844527881
20969,7445853437780331833
20970,7445937791009131833
20971,7445980809980333369
20972,7445896611667905843
20973,7445957270204108043
20974,7446029741263506697
20975,7446434530837253410
20976,7446432540115684658
20977,7446073511807847721
20978,7446180037843225882
20979,7446155685378772265
20980,7446152153422368037
20981,7446074251628514618
20982,7446342927955037494
20983,7446161097511505164
20984,7446113014631189820
20985,7446177642904079673
20986,7446386278519541030
20987,7446150351582940431
20988,7446161644578671907
20989,7446174337289227577
20990,7446094482614816054
20991,7446435687412370724
20992,7446157171596856602
20993,7446432309848329512
20994,7446337121465470265
20995,7446173451129261349
20996,7446073723771243834
20997,7446165508346400038
20998,7446261835499654426
20999,7446404862679600418
21000,7446162086415142202
21001,7446322075121224998
21002,7446167422991666490
21003,7446317500825931042
21004,7446440757092699432
21005,7446433913913756967
21006,7446071659959799049
21007,7446162281068498202
21008,7446433349507337535
21009,7446179436539464975
21010,7446267663283653898
21011,7446128011629366539
21012,7446180718771834123
21013,7446290379436985658
21014,7446127831425223947
21015,7446169944061971727
21016,7446159022077578553
21017,7446181358151503140
21018,7446175458812529930
21019,7446164897597099314
21020,7446097833641528639
21021,7446259764712967482
21022,7446164056626498866
21023,7446383143340346665
21024,7446435033511906618
21025,7446150594076642614
21026,7446137265199369524
21027,7446120068079013177
21028,7446339614991863076
21029,7446437229762841916
21030,7446431911389433097
21031,7446173544490257715
21032,7446140686937771299
21033,7446074223673494811
21034,7446157441013763382
21035,7446187193502010683
21036,7446074980002958650
21037,7446152497112026428
21038,7446225734114282811
21039,7446179063082880315
21040,7446433412556000524
21041,7446433898617261350
21042,7446420936137395467
21043,7446157301381156159
21044,7446095252261293362
21045,7446300467161779515
21046,7446431459910454587
21047,7446192756885589267
21048,7446152493542755638
21049,7446439471748336915
21050,7446072283736657210
21051,7446347833445272859
21052,7446084347083476258
21053,7446089954280721721
21054,7446180984745184570
21055,7446363102012149032
21056,7446433810679352627
21057,7446440364363304233
21058,7446107417449909539
21059,7446181634858110266
21060,7446166895092403513
21061,7446264903129763099
21062,7446432198833474875
21063,7446229499919846683
21064,7446140659322424586
21065,7446431629951765801
21066,7446161926914116903
21067,7446338903675604284
21068,7446181952702532875
21069,7446209850033442105
21070,7446434932425051418
21071,7446337005505482044
21072,7446175705928322361
21073,7446072764924005666
21074,7446318736665054527
21075,7446111397295017273
21076,7446173471287037203
21077,7446174924420418857
21078,7446301453964053770
21079,7446275288440311049
21080,7446105445862788387
21081,7446355469561531689
21082,7446175272472300850
21083,7446136519997410597
21084,7446374224320531772
21085,7446435894019575090
21086,7446158258919722274
21087,7446167106481097999
21088,7446386185976417576
21089,7446309117318253884
21090,7446136323842362687
21091,7446436889067932985
21092,7446441948778466570
21093,7446431719810452745
21094,7446181886080175417
21095,7446351032017341731
21096,7446171969017498940
21097,7446434893795495205
21098,7446433118417849619
21099,7446338241604767015
21100,7446433512296566068
21101,7446163756750507291
21102,7446438691758787875
21103,7446169854148693307
21104,7446159954827906355
21105,7446334603213802752
21106,7446073972589923642
21107,7446016555948707084
21108,7446159743879597322
21109,7446092616799718716
21110,7446381338158026019
21111,7446420614736334143
21112,7446178443990945061
21113,7446103137259244851
21114,7446204100661808421
21115,7446094188136910137
21116,7446237531122830642
21117,7446106492819803419
21118,7446378998499691834
21119,7446278855016385826
21120,7446149576031030562
21121,7446173138360077622
21122,7446432351439097147
21123,7446262931173461284
21124,7446225517692374283
21125,7446170730871475493
21126,7446435391072177445
21127,7446316543966711090
21128,7446071125664206117
21129,7446432554414050598
21130,7446433927281118522
21131,7446172260362161427
21132,7446095895747235098
21133,7446248233690582306
21134,7446312356721790265
21135,7446179080346651923
21136,7446436061217115427
21137,7446440352409587002
21138,7446350837191855370
21139,7446139339584638243
21140,7446435432394509608
21141,7446072212056018235
21142,7446429962720087311
21143,7446179279991262483
21144,7446365473031081276
21145,7446104594901372223
21146,7446078069032422682
21147,7446285970086939919
21148,7446124227373042954
21149,7446247655992298771
21150,7446095825995926793
21151,7446430377436040499
21152,7446433872583216411
21153,7446388589354585385
21154,7446254755527150908
21155,7446390161828613387
21156,7446435968539692297
21157,7446099626588933436
21158,7446092304089156874
21159,7446167212341120315
21160,7446416727354772747
21161,7446418315209198848
21162,7446387888905817402
21163,7446327877047504167
21164,7446362251407183162
21165,7446175784168918308
21166,7446232717257084217
21167,7446347658593176843
21168,7446403145313307964
21169,7446363911605079305
21170,7446172142405717311
21171,7446422808994811195
21172,7446100509141798170
21173,7446103707671940392
21174,7446293391308049703
21175,7446437985777732904
21176,7446432164880649482
21177,7446371578784402746
21178,7446071234863025420
21179,7446340230652661002
21180,7446281332574965032
21181,7446333336923999546
21182,7446165993170210108
21183,7446136401625648399
21184,7446179340208917787
21185,7446364864332811547
21186,7446165309779692840
21187,7446337271927803188
21188,7446305021114780986
21189,7446350282084076858
21190,7446140588522474764
21191,7446145710795328826
21192,7446153519834418444
21193,7446172342335671587
21194,7446144307230149924
21195,7446333049324801338
21196,7446230793321483580
21197,7446187590807473419
21198,7446398710239530298
21199,7446245286097276196
21200,7446413472205655330
21201,7446177557331856694
21202,7446116335613971772
21203,7446073243003407674
21204,7446175228906065209
21205,7446206475820633378
21206,7446327473379347764
21207,7446211002682740022
21208,7446269974764686651
21209,7446161280295079204
21210,7446171398013259068
21211,7446221971404164412
21212,7446072381854076187
21213,7446182179488550203
21214,7446246309633215784
21215,7446439454883007807
21216,7446438139532561722
21217,7446073696659279155
21218,7446156205577358611
21219,7446353004086742306
21220,7446406630100454713
21221,7446436455855050025
21222,7446142123344252175
21223,7446170216079330611
21224,7446291172890283314
21225,7446312392318913850
21226,7446272397558238524
21227,7446293970889542912
21228,7446174876513144098
21229,7446366076541078825
21230,7446404291742436662
21231,7446180689956932927
21232,7446252294393367834
21233,7446399493031120179
21234,7446402920767049023
21235,7446074344209501475
21236,7446251339320921379
21237,7446551415599697209
21238,7446569394387307827
21239,7446527341569772857
21240,7446806715309313334
21241,7446541311722786089
21242,7446527677722414370
21243,7446549247287151887
21244,7446546375178784058
21245,7446527414592703802
21246,7446592610426195259
21247,7446554112633736500
21248,7446466398592765241
21249,7446552652458118441
21250,7446802610956340521
21251,7446685856552717618
21252,7446547789590449448
21253,7446595925843201330
21254,7446486954788572452
21255,7446525683234262309
21256,7446551745234324772
21257,7446537925619158329
21258,7446500136055835931
21259,7446552078790511922
21260,7446617736194641189
21261,7446443757827820840
21262,7446548034894220555
21263,7446518709084114235
21264,7446801579035888936
21265,7446476626679827749
21266,7446575861991607610
21267,7446488035841133882
21268,7446556226177043738
21269,7446532315083312421
21270,7446689151639932198
21271,7446477906592730427
21272,7446443423441177883
21273,7446539129292131611
21274,7446491291858341177
21275,7446541917317319936
21276,7446521028592913721
21277,7446549126193433913
21278,7446715210821324095
21279,7446463241720466724
21280,7446550302842522921
21281,7446551328848891186
21282,7446467815168658688
21283,7446458208522095907
21284,7446758966211644672
21285,7446710671607123254
21286,7446466919718292774
21287,7446548372237995315
21288,7446541744205778211
21289,7446550663053495593
21290,7446806038529002812
21291,7446749632744410380
21292,7446767287006252346
21293,7446478300140031295
21294,7446804832310054195
21295,7446508392715128104
21296,7446637721843551547
21297,7446553665105612090
21298,7446537201724280116
21299,7446503228876852495
21300,7446586514248617276
21301,7446468930060700938
21302,7446461496915184934
21303,7446543546615598363
21304,7446812745539783947
21305,7446805537091587388
21306,7446803522206600475
21307,7446490474573008188
21308,7446797464788684092
21309,7446740896516738362
21310,7446781986779221305
21311,7446540504583523603
21312,7446759069903277362
21313,7446544114918690058
21314,7446611035336789274
21315,7446614378834644243
21316,7446544418397572361
21317,7446473959782042939
21318,7446779119746010377
21319,7446812556540382490
21320,7446627659607559484
21321,7446678421763034395
21322,7446489629341027603
21323,7446805804348394811
21324,7446577184505875746
21325,7446468246305246502
21326,7446652943975091471
21327,7446489520180071680
21328,7446805034563538236
21329,7446457973058129203
21330,7446804975071595834
21331,7446519146147302713
21332,7446660167766117669
21333,7446520360830323980
21334,7446528257803013414
21335,7446466404326395163
21336,7446688359562480937
21337,7446588587031792946
21338,7446538032192228619
21339,7446550339530001722
21340,7446803133226863911
21341,7446459423402233103
21342,7446811359917952306
21343,7446803952051539260
21344,7446784924629175552
21345,7446536284656405819
21346,7446753485606980905
21347,7446738445390712121
21348,7446802897116908835
21349,7446526645340491059
21350,7446544643623275785
21351,7446556237551996220
21352,7446458247977979195
21353,7446542674275863871
21354,7446547692483890466
21355,7446463364387065139
21356,7446457369069915401
21357,7446800496012119354
21358,7446549546978561332
21359,7446801602775698698
21360,7446529284715351346
21361,7446812929221070099
21362,7446459053837995321
21363,7446542448064466210
21364,7446555049251163426
21365,7446803944795409724
21366,7446748545606028601
21367,7446459598669630779
21368,7446553516010638651
21369,7446727017858469139
21370,7446551217108487465
21371,7446744651161242938
21372,7446545967303675162
21373,7446806216463994169
21374,7446556167901302074
21375,7446564469322403124
21376,7446597671030164755
21377,7446524972190682425
21378,7446684055271165218
21379,7446784377930943807
21380,7446716224177818938
21381,7446479261256486181
21382,7446649815095659815
21383,7446538092283989307
21384,7446466303830805810
21385,7446809953500761398
21386,7446539862938897718
21387,7446628776349338932
21388,7446601927007227177
21389,7446460314008210697
21390,7446507456554863909
21391,7446802572272274738
21392,7446809400691526975
21393,7446804272613690661
21394,7446515519731125554
21395,7446671764588891404
21396,7446487418007555369
21397,7446470692058549530
21398,7446767058236362034
21399,7446557539430305050
21400,7446530612195757364
21401,7446772124074741050
21402,7446637790239952188
21403,7446481651384749347
21404,7446812858102336809
21405,7446784634362301708
21406,7446539187697863948
21407,7446443447524936987
21408,7446752920336452900
21409,7446476156712406299
21410,7446525264823078202
21411,7446464601866259769
21412,7446537081678990633
21413,7446809988212804914
21414,7446554886692556089
21415,7446552092849884457
21416,7446617419788913935
21417,7446636509618326822
21418,7446795283838602559
21419,7446550180310158649
21420,7446735198537960723
21421,7446774590862314812
21422,7446463104751308067
21423,7446806554285854012
21424,7446536240461057316
21425,7446466428091321641
21426,7446540929554550067
21427,7446548803349482811
21428,7446724995276868927
21429,7446551110472502587
21430,7446450958185401650
21431,7446533416243219751
21432,7446547858209262889
21433,7446774835604163852
21434,7446549041355263282
21435,7446576035916696889
21436,7446729076758433083
21437,7446777569975749947
21438,7446591375245610297
21439,7446612855287237945
21440,7446753223353896219
21441,7446490869546470716
21442,7446477544913702153
21443,7446469210886196534
21444,7446757965698174246
21445,7446714221389237513
21446,7446810338726563107
21447,7446547222843411739
21448,7446767040989285659
21449,7446467564143775036
21450,7446705709363809595
21451,7446653078499118351
21452,7446628178833067304
21453,7446535188437273915
21454,7446802948828466458
21455,7446445646934019386
21456,7446608723323145524
21457,7446644935777848630
21458,7446769403464551739
21459,7446762964515851561
21460,7446468685214108987
21461,7446543432887160090
21462,7446442790298340666
21463,7446542232020159744
21464,7446802339937258788
21465,7446609827666677046
21466,7446671298475986176
21467,7446464301214338345
21468,7446668264601652540
21469,7446558205292875067
21470,7446765512702315813
21471,7446766247565364520
21472,7446808106316631347
21473,7446546997475069243
21474,7446803748594240778
21475,7446557312183029049
21476,7446486351706344761
21477,7446467020410981632
21478,7447080660692471074
21479,7447094790124014848
21480,7446909904465448211
21481,7446843302378294565
21482,7446829835139255606
21483,7446990358648556800
21484,7447010708438519098
21485,7446821983687314738
21486,7447084265289862451
21487,7447125908919422245
21488,7447181808682257715
21489,7446937753259937062
21490,7446879140701080891
21491,7446993942609939747
21492,7447180241203711247
21493,7446715593425767739
21494,7447110272277318963
21495,7446813854941728015
21496,7446902240117361939
21497,7446399712070094116
21498,7447175893635714339
21499,7447139605972913446
21500,7447180037507337513
21501,7446913786918735142
21502,7447176982250425638
21503,7447088336264564008
21504,7446820536635739426
21505,7446819025620929792
21506,7446885179500580148
21507,7446896810326625586
21508,7446991491261598986
21509,7447174047496015131
21510,7446835362556579130
21511,7447174040525032764
21512,7446889858934558010
21513,7446853939992988979
21514,7447118321767517451
21515,7447173750954478911
21516,7447084321271319845
21517,7447106167303654667
21518,7446929420872437007
21519,7446886792684408100
21520,7447178970371460410
21521,7447083235294727435
21522,7447138482864016680
21523,7447163338959670538
21524,7447174389902118144
21525,7446929361791503626
21526,7447173580942544138
21527,7446869154361019699
21528,7447108703892901154
21529,7446867652980608256
21530,7447178299526204731
21531,7446822833264659712
21532,7447151639464561956
21533,7446996873988115749
21534,7446920189016427813
21535,7447094048675958076
21536,7447147575200877875
21537,7447062650564906249
21538,7446910410516598016
21539,7446922347782720804
21540,7446926547350588713
21541,7447081852801731899
21542,7446967333517659429
21543,7447175993917263156
21544,7446897059485060411
21545,7446924919176187194
21546,7447147345168370959
21547,7446925586326474019
21548,7446973292700912955
21549,7447171400714030388
21550,7447108906477718810
21551,7446847414146780470
21552,7447168201542077755
21553,7447177900924669243
21554,7447122731180510516
21555,7447182532325412132
21556,7447166933151059238
21557,7447099094234959155
21558,7446918375793495322
21559,7447176973199199527
21560,7446925196730174779
21561,7446928137721629987
21562,7447094121304444220
21563,7446818824403373371
21564,7447102113320127770
21565,7446923816875412770
21566,7446829620005031202
21567,7446880954032966971
21568,7446909553549118735
21569,7447184334831832347
21570,7447173918659513660
21571,7447093462190656827
21572,7446924237903809818
21573,7447174907898776889
21574,7446902398682959164
21575,7446914247579241737
21576,7446907083150101786
21577,7446976109738003762
21578,7447048767313808640
21579,7446887350715600154
21580,7447090357088619827
21581,7446916910186384680
21582,7446928105656061218
21583,7446928732562001209
21584,7446825801963670821
21585,7447111100849540363
21586,7447177881622416675
21587,7446917072031960357
21588,7447093897173552444
21589,7446913410089995561
21590,7447177050491833635
21591,7447147362016857396
21592,7447038084862053659
21593,7447121604846292281
21594,7447011795497127228
21595,7446905761201949987
21596,7446833979635813692
21597,7446920904770080027
21598,7446873804418125092
21599,7446816931815984424
21600,7447144955065240872
21601,7447034222650428699
21602,7446897158558682387
21603,7447126387632131366
21604,7447181917302164751
21605,7446912757049445689
21606,7447102810895732027
21607,7446819185734274331
21608,7446901797047815434
21609,7447094273167658297
21610,7446910657326304553
21611,7446819898019335439
21612,7446826200846159144
21613,7446830717520203018
21614,7446819194739379492
21615,7447100542842719547
21616,7447138148330507547
21617,7447053233454861603
21618,7446815305235565882
21619,7446904503925804347
21620,7447138366329605413
21621,7447053366766669096
21622,7447091879021219110
21623,7447173729437732146
21624,7446834391868853531
21625,7447146126022610216
21626,7446926463309319483
21627,7447064667337297167
21628,7446904941899189538
21629,7447175720574536998
21630,7447071642150292772
21631,7446921955652980028
21632,7446915886365068601
21633,7446913194141994297
21634,7447175349642808602
21635,7447077563383598376
21636,7447099987172805940
21637,7447113722272730395
21638,7447181107595873570
21639,7446909855748705563
21640,7447173581466881280
21641,7446949345343048987
21642,7447114853073898778
21643,7447137746260380968
21644,7446904597689470220
21645,7446901364166298940
21646,7446906232960601395
21647,7446924536559308084
21648,7447091253570800933
21649,7447166107342982419
21650,7447181100973133095
21651,7447141674850995492
21652,7446954255270890793
21653,7447156894529113404
21654,7446863310068256050
21655,7447088215284026681
21656,7447120585529773321
21657,7447069655828679977
21658,7447178165161708835
21659,7447054920454278459
21660,7446825322441428250
21661,7447124372801867066
21662,7447140590556286258
21663,7447356062417636660
21664,7447289096742915343
21665,7447402991621098809
21666,7447480603273989433
21667,7447422984152698171
21668,7447429861209050404
21669,7447424614659083559
21670,7447185288801127743
21671,7447283898754534715
21672,7447532944413052200
21673,7447548070008556809
21674,7447281343395925302
21675,7447290481375022376
21676,7447544794177473851
21677,7447327626592619786
21678,7447546849453526331
21679,7447298519267839270
21680,7447312046770638138
21681,7447402753015532852
21682,7447544266827500812
21683,7447419695537425702
21684,7447253552428338483
21685,7447509651815533865
21686,7447164880894954809
21687,7447365477162044711
21688,7447397973710867770
21689,7447367436917034259
21690,7447193339654393097
21691,7447500446085762364
21692,7447422827382197563
21693,7447554957932252450
21694,7447264931046542643
21695,7447551953820798234
21696,7447273355914284339
21697,7447354298863848704
21698,7447538684917730579
21699,7447547759726480667
21700,7447229300626951462
21701,7447196458979233074
21702,7447524804728474938
21703,7447494681853742386
21704,7447501478878547258
21705,7447542130643455284
21706,7447515362574355727
21707,7447352662061763874
21708,7447352226336574779
21709,7447445395883461951
21710,7447236630609513788
21711,7447288502775254307
21712,7447339830603746618
21713,7447444901559553334
21714,7447210388397034810
21715,7447526187888315699
21716,7447318435308080442
21717,7447544935869320499
21718,7447297225144732968
21719,7447440983534456098
21720,7447461238054849846
21721,7447424396194483516
21722,7447544984426859835
21723,7447200244502252858
21724,7447388570119048506
21725,7447335154961354010
21726,7447262703011237161
21727,7447289648541338938
21728,7447435348327632166
21729,7447287453175582003
21730,7447547556739042599
21731,7447414388354501945
21732,7447553708591762746
21733,7447291315240324412
21734,7447185897679867170
21735,7447519614486990131
21736,7447502894082886953
21737,7447512173305285923
21738,7447284791558294842
21739,7447289590777498937
21740,7447422272211569958
21741,7447406759125290266
21742,7447517616609971515
21743,7447550107597229369
21744,7447297540984196410
21745,7447323278735068476
21746,7447419765158694180
21747,7447533976446717222
21748,7447421102965443876
21749,7447194203609632057
21750,7447260122478382371
21751,7447300193558531347
21752,7447384328440384795
21753,7447548149234699554
21754,7447330414156385596
21755,7447515328462048552
21756,7447221993016921404
21757,7447290129279929657
21758,7447278761042529594
21759,7447188331995204899
21760,7447329842359553306
21761,7447372667981712678
21762,7447282039264398629
21763,7447285945033821478
21764,7447479557323590924
21765,7447546561942375730
21766,7447545008313437449
21767,7447545185371737359
21768,7447549039152844069
21769,7447300464770682171
21770,7447550417031925007
21771,7447511069230206223
21772,7447509183307451707
21773,7447361208090447161
21774,7447296343841803580
21775,7447554575961181449
21776,7447519759811284274
21777,7447287826221239578
21778,7447293296289893686
21779,7447487529814609206
21780,7447543921451863355
21781,7447526188240719163
21782,7447545583461584138
21783,7447296252414266663
21784,7447289173603634468
21785,7447424413105966372
21786,7447340713420918075
21787,7447273369612946745
21788,7447290552476912923
21789,7447528099085847820
21790,7447415229241249084
21791,7447521657993907507
21792,7447530109415771407
21793,7447296482958462219
21794,7447286941562768700
21795,7447538112932171023
21796,7447429476406807860
21797,7447294130499210554
21798,7447282110404234553
21799,7447293937020079387
21800,7447275254101101882
21801,7447544732961541391
21802,7447296290486078779
21803,7447286600410729728
21804,7447513607597854009
21805,7447486762219359538
21806,7447536383276649768
21807,7447270740786679066
21808,7447549016256089395
21809,7447294828112661801
21810,7447279479317204284
21811,7447221135168638268
21812,7447249414986534202
21813,7447213463211920697
21814,7447332493411339578
21815,7447285224167181568
21816,7447554686913170714
21817,7447205585994485051
21818,7447327947666607412
21819,7447190559048928569
21820,7447296822340521227
21821,7447474461823012154
21822,7447547753154006283
21823,7447554381827935526
21824,7447279667469372684
21825,7447518763441802547
21826,7447298886357601574
21827,7447376367034977546
21828,7447225719261826343
21829,7447548120940006708
21830,7447522624558648588
21831,7447546952998276388
21832,7447452363536747816
21833,7447524400850554150
21834,7447532891355041061
21835,7447272492802084155
21836,7447335190969535795
21837,7447280076158209292
21838,7447197673179974969
21839,7447269975959555369
21840,7447336863821516092
21841,7447293248793529650
21842,7447547562145353023
21843,7447363501607193894
21844,7447269303382002998
21845,7447429669017718035
21846,7447471193730452777
21847,7447535188076285238
21848,7447321707699785000
21849,7447376114042850619
21850,7447546318802783548
21851,7447485580000103706
21852,7447516048837938468
21853,7447283164189412660
21854,7447269718139866405
21855,7447288227708325160
21856,7447365389631147322
21857,7447456505831378236
21858,7447225378399063305
21859,7447189932382096697
21860,7447267399943949609
21861,7447300658530700583
21862,7447206809498176826
21863,7447373958057364776
21864,7447495552738020667
21865,7447355309212962087
21866,7447367207014698291
21867,7447545470785719610
21868,7447287074396392716
21869,7447195770178080034
21870,7447481177637801274
21871,7447438571188931900
21872,7447522039822388518
21873,7447474239604673851
21874,7447351476604685628
21875,7447346451945934132
21876,7447924477087780105
21877,7447836358632164666
21878,7447563301430496527
21879,7447668182128626995
21880,7447568679560138019
21881,7447729409638878521
21882,7447670705736453417
21883,7447716389793582373
21884,7447664857677122851
21885,7447814874010258745
21886,7447667509467172146
21887,7447655621912022284
21888,7447660824702897420
21889,7447624036600925498
21890,7447730554964888883
21891,7447629435718651177
21892,7447801909232061754
21893,7447743039537204499
21894,7447643408677473571
21895,7447753664036375865
21896,7447560024508976444
21897,7447650241651739945
21898,7447740797954444596
21899,7447562234177310009
21900,7447711179813686543
21901,7447667404718591295
21902,7447672465494412570
21903,7447614442432433449
21904,7447669953081183548
21905,7447661370784353573
21906,7447691039093116170
21907,7447900805417520443
21908,7447769874681662735
21909,7447596101940677946
21910,7447885553862708520
21911,7447813203863653689
21912,7447926750027271482
21913,7447921554295442748
21914,7447662585576443193
21915,7447871447852223798
21916,7447789664913607971
21917,7447663770291178788
21918,7447567421755493647
21919,7447758823990824227
21920,7447806583993634106
21921,7447666079763025179
21922,7447623590561729851
21923,7447736661607304506
21924,7447670821000105251
21925,7447867957524401465
21926,7447873638327504168
21927,7447918652717829430
21928,7447559073274318139
21929,7447564754991762722
21930,7447777049495768380
21931,7447631391770086715
21932,7447599426547272995
21933,7447606016570658074
21934,7447638799900855586
21935,7447652910869138746
21936,7447668182833204515
21937,7447824200082967866
21938,7447878502818303251
21939,7447790568169671951
21940,7447823589501390121
21941,7447701205050068283
21942,7447558753362234681
21943,7447591984396586298
21944,7447779179199843624
21945,7447623120761982265
21946,7447669805978553638
21947,7447666205306965267
21948,7447577785964465423
21949,7447590976245320975
21950,7447924124774649103
21951,7447663165699099919
21952,7447869463631809819
21953,7447620972229692687
21954,7447635840005672242
21955,7447558254164561209
21956,7447907428886220091
21957,7447655079202590009
21958,7447636586512108857
21959,7447677677667945788
21960,7447621194813050127
21961,7447690658912963874
21962,7447563097017011514
21963,7447642897568075034
21964,7447917731489385764
21965,7447651643463666978
21966,7447670787546418492
21967,7447638826882845992
21968,7447669947360152870
21969,7447576999171738930
21970,7447665017111072058
21971,7447572438491122985
21972,7447916186563562806
21973,7447852592497052967
21974,7447836221436349755
21975,7447664851612077372
21976,7447657435147422995
21977,7447926708243615036
21978,7447570603990600972
21979,7447657138458987830
21980,7447745638776851746
21981,7447747898588138802
21982,7447657226333867273
21983,7447582892416322867
21984,7447563711734189350
21985,7447563855162592550
21986,7447667137063161145
21987,7447753530112298278
21988,7447682488861740346
21989,7447663938789051689
21990,7447658939350601019
21991,7447657342964960551
21992,7447660704741559567
21993,7447670344745340196
21994,7447655686621629707
21995,7447644158497410338
21996,7447857477074406719
21997,7447669254985469211
21998,7447670269335866681
21999,7447556935878020410
22000,7447585709306694952
22001,7447630426127994171
22002,7447557884495301922
22003,7447660703311301947
22004,7447659725107268899
22005,7447756881856073014
22006,7447671289805950208
22007,7447839378916822299
22008,7447920570273991986
22009,7447918492214463803
22010,7447891434662792487
22011,7447668756152700223
22012,7447915651584249148
22013,7447658357395033356
22014,7447640924215102778
22015,7447921806574488870
22016,7447654850290011392
22017,7447924178797317434
22018,7447659876207152443
22019,7447923405568970036
22020,7447919466689596731
22021,7447562535634521344
22022,7447669132088184102
22023,7447907264381340965
22024,7447559610606603555
22025,7447669176358948146
22026,7447670123231448378
22027,7447656316669103419
22028,7447640274672667923
22029,7447669031613533455
22030,7447663076343598377
22031,7447836077655706892
22032,7447578936101375295
22033,7447597936541814025
22034,7447666757336173836
22035,7447884222972431674
22036,7447593796923133236
22037,7447652538867797302
22038,7447664174626344252
22039,7447568462274104635
22040,7447828073417805113
22041,7447664483553627450
22042,7447879412290161977
22043,7447671165625060662
22044,7447822013005188410
22045,7447645499311639862
22046,7447563118554762535
22047,7447648513590037772
22048,7447668018466835747
22049,7447834851329215759
22050,7447666727464308026
22051,7447560335948647717
22052,7447738684587117881
22053,7447761804136107321
22054,7447666319740128572
22055,7447906966434761995
22056,7447921081710644480
22057,7447564496446573861
22058,7447559215264058639
22059,7447668041061567779
22060,7447840946064002361
22061,7447631746159365411
22062,7447559135840800040
22063,7447853627907132687
22064,7447664650595994914
22065,7447559220926434599
22066,7447741849231494426
22067,7447661858661682495
22068,7447650740526517540
22069,7447836118952774964
22070,7447807448963943680
22071,7447567088568241443
22072,7447662930792926521
22073,7447653303611116850
22074,7447664747006233916
22075,7447652193429245234
22076,7447924254433201458
22077,7447916101775756594
22078,7447660198015012134
22079,7447658787999075624
22080,7447923766425898303
22081,7447923708544535865
22082,7447667543050947866
22083,7447604687924153650
22084,7447591163650952458
22085,7447822407693487420
22086,7447643994558827833
22087,7447637977766972707
22088,7447641764728507706
22089,7447688638705503503
22090,7447805587741527331
22091,7447737300831751424
22092,7447832521359772947
22093,7447590215947914511
22094,7447757205820001562
22095,7447831234429914407
22096,7447655551749705011
22097,7447836844735155513
22098,7447764643981888808
22099,7447889396642106650
22100,7447557159434472744
22101,7447557542974213386
22102,7447664128828640575
22103,7447725810846338362
22104,7447698568867040550
22105,7447782615760784640
22106,7447798623775067452
22107,7447580411477167360
22108,7447770759549766971
22109,7447838854658264380
22110,7447719960194944291
22111,7447769776815918348
22112,7447895261243837755
22113,7447587046652267834
22114,7447561918404889892
22115,7447809204359908623
22116,7447840847581760803
22117,7447724246333246735
22118,7447759993098489126
22119,7447916552470515004
22120,7447702545507634491
22121,7447767456728239394
22122,7447687718575852854
22123,7447567196961688884
22124,7447584584297991451
22125,7447571970595491098
22126,7447568813320604987
22127,7447659638335556864
22128,7447661821609200953
22129,7447624406211382587
22130,7447851794711072015
22131,7447743600236055860
22132,7447789137643490572
22133,7447919515888799014
22134,7447582564216229146
22135,7447880564578749723
22136,7447632819867667738
22137,7447751432561872187
22138,7447805806839418150
22139,7447768129666682151
22140,7447567245561040186
22141,7447783983556857142
22142,7447669059987967247
22143,7447558132064079158
22144,7447802302355868987
22145,7447864331514989874
22146,7447565353921662242
22147,7447644900998319386
22148,7447666800621276476
22149,7447698219456400698
22150,7447716052349340940
22151,7447874369365216548
22152,7447590432235703604
22153,7447791022593117492
22154,7447876705403817273
22155,7447698999303294260
22156,7447810403976891648
22157,7447734838066449721
22158,7447743937948831011
22159,7448204657366715660
22160,7448077087228890426
22161,7447942148084813107
22162,7448167487876762938
22163,7448216658121985337
22164,7448148553647656207
22165,7448226447539309863
22166,7448180040090553659
22167,7447943555605122363
22168,7448201903311179034
22169,7448251887268252943
22170,7448153119512399144
22171,7448101063128878395
22172,7448022837811481868
22173,7448235909109026105
22174,7448035411827510591
22175,7448224180727827722
22176,7448252362747137332
22177,7448139287373073683
22178,7448267955340692755
22179,7448099470170000659
22180,7448226440664878336
22181,7448065643103997222
22182,7447930345321794879
22183,7448053201376513290
22184,7448169817347018018
22185,7448122766097796364
22186,7448220339215109413
22187,7448189239466020137
22188,7448154771044781351
22189,7448082839591079207
22190,7448271397735959867
22191,7448234143189634330
22192,7448256271515389235
22193,7448154603469770034
22194,7448264426970483978
22195,7448248215649963324
22196,7448059082310814976
22197,7448115657687813415
22198,7448139801674403082
22199,7448059706347719994
22200,7448210375578864956
22201,7448250160339111208
22202,7448177883555663143
22203,7448179317483277627
22204,7448110949942168884
22205,7448038594683489551
22206,7448048300600610084
22207,7448104409952701753
22208,7448133429587184956
22209,7448144233891941689
22210,7448249695073275145
22211,7447930154871049484
22212,7448061884432928015
22213,7448053609549303075
22214,7447926951714557247
22215,7448272909254085945
22216,7448096902840700219
22217,7448174471275482380
22218,7448241116119338281
22219,7447960939501980964
22220,7448134909174009128
22221,7447927019087711545
22222,7448269028600171776
22223,7448219277850676540
22224,7448194069991263498
22225,7447994676860259647
22226,7448070628399254842
22227,7447928618967256355
22228,7448156906746662180
22229,7448015439088651578
22230,7448092763024854287
22231,7448044202174221625
22232,7448073561790549308
22233,7448101524988906771
22234,7448122415248428346
22235,7448158776995204387
22236,7448250901946584361
22237,7448084996272835881
22238,7448151770489982243
22239,7448097845988642107
22240,7448032225485982985
22241,7448103501303008562
22242,7448060765690465562
22243,7448109577289125135
22244,7448282149398088972
22245,7448037709664242978
22246,7448190816146738444
22247,7448106313000717568
22248,7448001616206171433
22249,7448246657176603964
22250,7448169368619322681
22251,7448203640373890358
22252,7448197798593334587
22253,7448181073395207443
22254,7448238077035679035
22255,7448116372980108601
22256,7448142916486253862
22257,7448199249075899659
22258,7448098710539554059
22259,7448052411995868435
22260,7448084462627327282
22261,7447928083522391354
22262,7448171231095852300
22263,7448275055643086121
22264,7448282665725234441
22265,7448198444340055315
22266,7448089255009602826
22267,7448142364746583296
22268,7448037253546315067
22269,7448104611639987515
22270,7448025468172946715
22271,7448218900157746490
22272,7447824692251036987
22273,7448244676588539172
22274,7448043441210002748
22275,7448110255612939531
22276,7448088848690597158
22277,7448208295300566323
22278,7448075456689098036
22279,7448236925653175591
22280,7448092330734783804
22281,7448125774785203506
22282,7448231243541531963
22283,7448236860050115880
22284,7448136033746685210
22285,7447918698939043123
22286,7448117834590293305
22287,7448078311516851471
22288,7448217026000178469
22289,7448034409426570537
22290,7448076460113366330
22291,7448029596093615401
22292,7448204543407476031
22293,7448189087607115062
22294,7448031995344555264
22295,7448245038519242019
22296,7447941460285984038
22297,7448254416077065508
22298,7448134459490176314
22299,7448227729792650496
22300,7448247482645105959
22301,7448089183387667721
22302,7448295982917274938
22303,7448284330452946239
22304,7448207011432516899
22305,7448122357341883706
22306,7448095062698806569
22307,7448195542435335464
22308,7448039198541565199
22309,7447927476916931852
22310,7448012281163681058
22311,7448045479834733887
22312,7448272805491248403
22313,7448078577528016164
22314,7448233685460995385
22315,7448148067964030217
22316,7448028509471100194
22317,7447946360147430716
22318,7448024622311787814
22319,7448069857633013033
22320,7448212348101315878
22321,7448161989551017243
22322,7448038261940931867
22323,7448228286838132027
22324,7448033803139910962
22325,7448024469261667634
22326,7448063997380775207
22327,7448281288676592946
22328,7448100658701536564
22329,7448035196097629467
22330,7448074082437926203
22331,7448019944706411830
22332,7447932093541207353
22333,7448040867320827172
22334,7448021594934365474
22335,7448119938130201882
22336,7448236443123682570
22337,7448229932821466409
22338,7448043261538684217
22339,7448035821552225596
22340,7448294424867589433
22341,7448029908179225891
22342,7448096708166257920
22343,7447941408738004224
22344,7448161215836146996
22345,7448230692770549049
22346,7448268460301339941
22347,7448294899918572863
22348,7448037659768900922
22349,7448002371642215690
22350,7447987791692057916
22351,7448031785654553914
22352,7448117692273364281
22353,7448023217182117120
22354,7448093513805286683
22355,7448143698208083258
22356,7447946812138343732
22357,7447927716260859177
22358,7448206250464054543
22359,7448257753614716211
22360,7448055373254167867
22361,7448019778905673012
22362,7448003468607917370
22363,7448018504692878630
22364,7448032318687628555
22365,7448035453418097977
22366,7448031002225659196
22367,7448125944876862732
22368,7448209670554111266
22369,7448038667983129892
22370,7448220157799075112
22371,7447958729942633782
22372,7448015542394309940
22373,7448010076708752649
22374,7448261097540308283
22375,7448089966678150415
22376,7448051542550154556
22377,7448172062532734235
22378,7448226192131378484
22379,7448242523023150377
22380,7448271607077899560
22381,7448088294996413706
22382,7448201449017838863
22383,7448152867388525881
22384,7448083749754899721
22385,7448056229399710976
22386,7448204123910049051
22387,7448215762046586121
22388,7448034984813743396
22389,7448222543590231359
22390,7447934235605781800
22391,7448035548045806908
22392,7447975558568348940
22393,7448046057415576870
22394,7448198231852420412
22395,7448230490907200809
22396,7448035999906581820
22397,7448233529005165884
22398,7448015297996524836
22399,7448203985086975291
22400,7447891426974747913
22401,7448030589829123382
22402,7448030886911593767
22403,7448218507952557370
22404,7448061277424848139
22405,7448076497585278220
22406,7448013212441644297
22407,7448046960638053669
22408,7448046446625967417
22409,7448022632554892603
22410,7447940897473449216
22411,7448084243617451327
22412,7448285719400877338
22413,7448024908967333139
22414,7448167031054011686
22415,7448292041412447514
22416,7448009075960384802
22417,7448126191682309435
22418,7448050217653521721
22419,7448090536277282058
22420,7448055975610682639
22421,7448169230412860709
22422,7448059767664151866
22423,7448017022492871971
22424,7448016282135350585
22425,7448034673072147738
22426,7448254917996842294
22427,7447931090259512635
22428,7448130223691812133
22429,7448009529612111161
22430,7448190574248742194
22431,7448210736905506086
22432,7448213865881423116
22433,7448042945049070905
22434,7448018997842365696
22435,7448188337619291429
22436,7448132236659936546
22437,7448291405882985765
22438,7448041142924430651
22439,7448104874006285626
22440,7448111095920856379
22441,7447942147531181375
22442,7448253479832915259
22443,7448119122535238923
22444,7448081784702553398
22445,7448255627861724431
22446,7448233036132502842
22447,7448143353989877051
22448,7448143096816192809
22449,7448240134782225723
22450,7448118513815850299
22451,7448218239844224315
22452,7448294759824674105
22453,7448046931273682185
22454,7448250458382109978
22455,7448072458399141131
22456,7448069448222772540
22457,7448115008673762570
22458,7448051213934939451
22459,7448128030892920076
22460,7448148291159641355
22461,7448246390364310824
22462,7448286795336355099
22463,7448054564139371839
22464,7448077491866062138
22465,7448094728135937290
22466,7447934218417523968
22467,7448171369763802426
22468,7448260216833035561
22469,7448184486828723496
22470,7447950303946722614
22471,7447928401970613542
22472,7448063045647060235
22473,7448237918918954298
22474,7448089406235233594
22475,7447969837768314169
22476,7448146120070516025
22477,7448143069297298740
22478,7448267859416878336
22479,7448285513150221577
22480,7448116417238486313
22481,7448031456984583435
22482,7448276661704903986
22483,7448089258713156916
22484,7448016043496197416
22485,7448185049746328895
22486,7448267316233538857
22487,7448229630751919369
22488,7448123202343111972
22489,7448086478011288890
22490,7448045375547510027
22491,7448233742872759612
22492,7448216484188310843
22493,7448222767167687970
22494,7448232457603779900
22495,7448053369253530907
22496,7447930797065080104
22497,7448288103795625276
22498,7447944392532331839
22499,7447948375888104738
22500,7448042865449585979
22501,7448192381016444219
22502,7448134554105187599
22503,7448056395968073020
22504,7448006276719611176
22505,7448103230824860987
22506,7448197392718908723
22507,7448270590152019251
22508,7448241169898671418
22509,7448286185287453978
22510,7448074753463668026
22511,7448033283041955081
22512,7448254848790760730
22513,7448060885626572095
22514,7448046454125481252
22515,7448169619245813052
22516,7448192072932216102
22517,7448182871442935077
22518,7448233353842625852
22519,7448052721829055781
22520,7447927298797489468
22521,7448221216046877952
22522,7448175478206254374
22523,7448152953841519881
22524,7448235080302103843
22525,7448232534476983610
22526,7448239324769963290
22527,7448276799039049012
22528,7448135566778027291
22529,7448051287712730428
22530,7448058412430101819
22531,7448025535596318004
22532,7448238011218775333
22533,7448126069531577611
22534,7448154812887108923
22535,7448192542572629287
22536,7448296318155377974
22537,7448283427670887695
22538,7448223139143781647
22539,7448111941421108491
22540,7447934754592148777
22541,7448080127562435878
22542,7448239594853731611
22543,7448054030082805044
22544,7448218002669063487
22545,7447997379044822329
22546,7448585156014705930
22547,7448612506836225295
22548,7448575976738426122
22549,7448484461848628514
22550,7448514170493979944
22551,7448588467614813491
22552,7448460548200484154
22553,7448494707354750266
22554,7448600072977157411
22555,7448552117301808435
22556,7448590339058846988
22557,7448531644442545446
22558,7448517805613354240
22559,7448479928187702554
22560,7448651574492106018
22561,7448599191590325567
22562,7448422422602206523
22563,7448475501104090420
22564,7448408986342149386
22565,7448594136178887996
22566,7448517593763187994
22567,7448451745950321956
22568,7448486879885872395
22569,7448572813465718016
22570,7448343151951088906
22571,7448553524041993524
22572,7448406642078633266
22573,7448486142514597172
22574,7448302819666414898
22575,7448567278452411698
22576,7448208725875133759
22577,7448457783822798137
22578,7448607105612893498
22579,7448614443769974076
22580,7448597272566320434
22581,7448477561799200057
22582,7448519053452365094
22583,7448436061048425767
22584,7448598928318041370
22585,7448562930217389350
22586,7448607153348250940
22587,7448385756512455945
22588,7448552346814139686
22589,7448419630487555338
22590,7448621937850387772
22591,7448661871667793167
22592,7448365431498345737
22593,7448464263678594319
22594,7448536505212996873
22595,7448470112820006207
22596,7448500526632783114
22597,7448538590344121609
22598,7448459706085035279
22599,7448631641301437722
22600,7448618538782248249
22601,7448582538731195688
22602,7448478732706270515
22603,7448627944475446564
22604,7448423268358376762
22605,7448317151947099411
22606,7448462769134767372
22607,7448505738726526218
22608,7448386974806789410
22609,7448639413099253030
22610,7448565773871648034
22611,7448625814666513698
22612,7448556731359169818
22613,7448624843680943360
22614,7448634950087118090
22615,7448575906479623461
22616,7448638940715715891
22617,7448612016035548475
22618,7448597743125204261
22619,7448377384455228712
22620,7448414412597185846
22621,7448564406553824549
22622,7448577982500736256
22623,7448457358549765435
22624,7448634775591570726
22625,7448487672059907339
22626,7448580051123047732
22627,7448471568620981542
22628,7448427686738808064
22629,7448485695892573492
22630,7448649354476293439
22631,7448562540595940648
22632,7448540850101013820
22633,7448490385577479450
22634,7448519933207612732
22635,7448611131511426361
22636,7448645689288051995
22637,7448576839645252899
22638,7448634779144129828
22639,7448533532130954506
22640,7448514274206469410
22641,7448636007366397234
22642,7448505436204010809
22643,7448656070962072841
22644,7448612990909222202
22645,7448666579987877157
22646,7448656239216627004
22647,7448525423937391887
22648,7448430956869881107
22649,7448639797217774863
22650,7448440816344878395
22651,7448487392429739323
22652,7448541043085086012
22653,7448511103564369212
22654,7448627413145242921
22655,7448315993329405220
22656,7448648442504695050
22657,7448402941456682274
22658,7448622290150903078
22659,7448658148870606140
22660,7448650198433189130
22661,7448524868615736613
22662,7448644430162152754
22663,7448543198382837044
22664,7448615661384813860
22665,7448644583937887547
22666,7448309924020505916
22667,7448658147985624331
22668,7448401481918680331
22669,7448415351425076538
22670,7448493517560712484
22671,7448388463910587705
22672,7448648419305917754
22673,7448661161605664015
22674,7448626492029816073
22675,7448403846948261120
22676,7448579020012260635
22677,7448472922596969739
22678,7448182664835697956
22679,7448469646656703803
22680,7448492172690656569
22681,7448392131065990454
22682,7448384440918625548
22683,7448468327086787879
22684,7448416725407649058
22685,7448631183535050024
22686,7448514527630462249
22687,7448425793274776890
22688,7448511722626862345
22689,7448405267261279488
22690,7447817051143458089
22691,7448416282313116955
22692,7448423898368036105
22693,7448400172410883369
22694,7448645087027907899
22695,7448401118058515752
22696,7448518472578911545
22697,7448642734488948028
22698,7448366878692478266
22699,7448580312231169307
22700,7448649695510990140
22701,7448403018141207866
22702,7448543771886619961
22703,7448465654820130084
22704,7448494613754580283
22705,7448574409834630435
22706,7448510988313185593
22707,7448438535910083899
22708,7448353401668242703
22709,7448452113987816767
22710,7448655477942127924
22711,7448500965025516863
22712,7448538760221969664
22713,7448626310605262119
22714,7448655130112609596
22715,7448442419437112586
22716,7448625970627562752
22717,7448650775204547878
22718,7448447749630086435
22719,7448503950438829324
22720,7448520402025843983
22721,7448393900055727396
22722,7448665938863377700
22723,7448453730950728998
22724,7448303289940102458
22725,7448411101865266484
22726,7448658933952040218
22727,7448600675648425228
22728,7448593895803374882
22729,7448559528225852706
22730,7448412527458798911
22731,7448307220988611867
22732,7448568892550548736
22733,7448563363816197435
22734,7448636821505903922
22735,7448449763361475875
22736,7448465904473492790
22737,7448612264795508025
22738,7448576850105814326
22739,7448455490759167273
22740,7448447266139983163
22741,7448575986905500938
22742,7448528298059091212
22743,7448487380140559674
22744,7448450335980440843
22745,7448440209173122338
22746,7448481342695804194
22747,7448396547131313435
22748,7448404447820123411
22749,7448535797197819148
22750,7448329924441541922
22751,7448603122542316837
22752,7448612338862656828
22753,7448593154233650447
22754,7448648452365356345
22755,7448663882131983666
22756,7448452032538676492
22757,7448442075772833036
22758,7448459304736263436
22759,7448461783259532601
22760,7448461515033709850
22761,7448464404858817842
22762,7448424934918999355
22763,7448309735801048358
22764,7448513542858345763
22765,7448592548722953524
22766,7448594326260682047
22767,7448600227491089691
22768,7448573832337575203
22769,7448483635272961306
22770,7448475833628396850
22771,7448463603532827942
22772,7448603836899446075
22773,7448648249956699426
22774,7448663625688009984
22775,7448629329556180281
22776,7448460551753157925
22777,7448357322772073778
22778,7448556517902650661
22779,7448568648286915867
22780,7448507586950810921
22781,7448611645888286003
22782,7448483904849333563
22783,7448496881044311337
22784,7448471807860002106
22785,7448541456576351515
22786,7448501390831308059
22787,7448427892972866866
22788,7448461326524992808
22789,7448468189538831668
22790,7448472113775725878
22791,7448379121899490594
22792,7448566386709892409
22793,7448503676592753970
22794,7448616079326268711
22795,7448517577497726245
22796,7448501985877249289
22797,7448465040413297979
22798,7448456803236465977
22799,7448395251607145738
22800,7448610889395211580
22801,7448602699651763507
22802,7448588313289575689
22803,7448630272393891130
22804,7448645836411555098
22805,7448489592740711743
22806,7448438152450133288
22807,7448408016476491068
22808,7448404475808697659
22809,7448423317700234554
22810,7448521707087858996
22811,7448515007660231995
22812,7448537793942392122
22813,7448579565271764276
22814,7448610823884377370
22815,7448587078062853436
22816,7448632147017059603
22817,7448945181421833509
22818,7448749558949006631
22819,7449034189854362938
22820,7448670953984363830
22821,7448669243299663163
22822,7448781225591950602
22823,7448778814915677451
22824,7448673214978460955
22825,7448791041164971301
22826,7448857522653433124
22827,7448780446910926089
22828,7449008608395775247
22829,7449008007079398697
22830,7448952925000355084
22831,7448683458186022153
22832,7448960302311410996
22833,7448772482963754275
22834,7448673580298063161
22835,7448777529759993145
22836,7448986705249504531
22837,7448668969629699354
22838,7448928251256278322
22839,7448788051490262322
22840,7448848474902170895
22841,7449007817576484105
22842,7448665272975658251
22843,7448731191534013754
22844,7448773192677657916
22845,7448868144455699721
22846,7448779684424289599
22847,7448777336687840553
22848,7448777781195967779
22849,7448783497390574857
22850,7448833678005800231
22851,7448775698212310331
22852,7448771907895299386
22853,7448779220479692089
22854,7448764060927003915
22855,7449039675383188794
22856,7448770794047442176
22857,7448697453596953906
22858,7448766426141281548
22859,7448773314744454437
22860,7448802346693430567
22861,7448784176033074471
22862,7448757480315784458
22863,7448775699676056873
22864,7448806341394664744
22865,7448751418825002266
22866,7448986852922592570
22867,7449030369891912994
22868,7448766502272093480
22869,7448781953236553017
22870,7448673989007838498
22871,7448766434366295354
22872,7448735109211049226
22873,7448746944282807611
22874,7448873791641423131
22875,7448763512324705570
22876,7449005954311392551
22877,7448990488058809627
22878,7449033379871231247
22879,7448741949672000795
22880,7448684408300752143
22881,7449031981255478587
22882,7448679205677616447
22883,7448849060707994916
22884,7448956107827055899
22885,7448776866204306745
22886,7448904581188242700
22887,7449030421884521780
22888,7448761757448817946
22889,7448779773289057536
22890,7448745595126189346
22891,7448702252073635131
22892,7448823867914587455
22893,7448758941602909459
22894,7449032307861654844
22895,7449019946455043337
22896,7448954195237031226
22897,7449039317630061882
22898,7448672023829630245
22899,7448914116569320761
22900,7448898985735097609
22901,7448850440155843877
22902,7448983705407868200
22903,7448731998631251200
22904,7448937433846123830
22905,7448944371908545850
22906,7448674130364206372
22907,7448846338470513970
22908,7448771002751929654
22909,7448749094786370873
22910,7449038900787547433
22911,7448873955944877346
22912,7448773454674922792
22913,7448895871640440122
22914,7448877009045818678
22915,7448979602879352104
22916,7448878922462235944
22917,7448776378842959163
22918,7449036437678312713
22919,7448935100311522570
22920,7448953972141985039
22921,7448811175573327144
22922,7448780506965003560
22923,7448804437872692530
22924,7448774380894555451
22925,7449030638063193344
22926,7448954235544227135
22927,7448955265216564540
22928,7448773167616740608
22929,7448963671574842664
22930,7448791870957751586
22931,7449003471262453019
22932,7449000081044409657
22933,7448956278006631731
22934,7448823766806793498
22935,7448834830663568680
22936,7448806711969762619
22937,7448811571221990714
22938,7448803819426794752
22939,7448872931888811324
22940,7448926358836743464
22941,7448897721685019939
22942,7448982749442100506
22943,7448865266374626620
22944,7448832885701823807
22945,7448936380782185739
22946,7448976941551553852
22947,7448943393717194023
22948,7449016516772662567
22949,7448707941269540148
22950,7448831349193985295
22951,7448804835236924711
22952,7448788812177640713
22953,7448958314492251429
22954,7448917174363704610
22955,7448782434302217509
22956,7448963431614401849
22957,7448967073910361344
22958,7448997468005518626
22959,7448888986384207131
22960,7448867926465187106
22961,7448958250256567603
22962,7449019919020215564
22963,7449001984088165659
22964,7448997808629222665
22965,7449013475130543417
22966,7448848742578441512
22967,7448845420828101924
22968,7448849353847934266
22969,7449013383275269385
22970,7448998810535087410
22971,7448859713493568819
22972,7448822584906435897
22973,7448778475412000059
22974,7448844502057389323
22975,7448699557334060303
22976,7448701080927604020
22977,7448669309041216783
22978,7448855323647020345
22979,7448868912927755520
22980,7448913433090641178
22981,7448889446100946216
22982,7448897062592154938
22983,7448876496120286505
22984,7448822398046063891
22985,7448904615996804402
22986,7448964742766480703
22987,7448954248294927668
22988,7448996891674643750
22989,7448993562265537804
22990,7448822245696294153
22991,7448843820357192998
22992,7448867674878266664
22993,7448861910851800377
22994,7448794936146709760
22995,7448949125980228902
22996,7448968966015405371
22997,7448863456045927737
22998,7448918874218581300
22999,7448860440764910905
23000,7448776219111329081
23001,7448806699244211491
23002,7448931594125004089
23003,7448992599974628620
23004,7448995074274266378
23005,7448988095573265679
23006,7448982442188295463
23007,7448683722083208459
23008,7448927058626907401
23009,7448767212103503138
23010,7448961234592124186
23011,7448995828317818122
23012,7448844304954461459
23013,7448803900301266203
23014,7448880399461141817
23015,7448926064405007675
23016,7448869447063932212
23017,7448981589737884985
23018,7448946985236827446
23019,7449014904192847143
23020,7448995364943727930
23021,7448842061803015451
23022,7448892501248707898
23023,7448885025719815459
23024,7448807491485388092
23025,7448818280673922342
23026,7448790829902155067
23027,7448928282474450227
23028,7449148001622199571
23029,7449156006820564274
23030,7449127122683104571
23031,7449051423196712252
23032,7449050045120286006
23033,7449142752014617916
23034,7449132527517732148
23035,7449053501033827641
23036,7449146287141768482
23037,7449061823594220826
23038,7449135492379036964
23039,7449124626182982931
23040,7449057142675426612
23041,7449139610686344508
23042,7449153921760660762
23043,7449155544784342272
23044,7449117009414999305
23045,7449149357930073371
23046,7449147377845292340
23047,7449148198347722042
23048,7449140763130121531
23049,7449126302772235560
23050,7449122819998321979
23051,7449050090519530802
23052,7449150960401681701
23053,7449045349588536635
23054,7449149896596262201
23055,7449088973332434227
23056,7449047318046772537
23057,7449040723405475081
23058,7449142888182730041
23059,7449118308546170148
23060,7449048816243805455
23061,7449136690075061567
23062,7449042200224075043
23063,7449135785875377444
23064,7449044278183054630
23065,7449120701728034059
23066,7449148261044096313
23067,7449145128373046562
23068,7449111776970509608
23069,7449118825599061298
23070,7449132286001417530
23071,7449227631020559656
23072,7449201543921831231
23073,7449133581626002740
23074,7449379767989701914
23075,7449107117304270139
23076,7449139498224454947
23077,7449143220937739578
23078,7449147445071678771
23079,7449143065928846602
23080,7449044941654789415
23081,7449159344223948089
23082,7449146759139331385
23083,7449148063626693946
23084,7449059600860466492
23085,7449147459428683062
23086,7449119764934364456
23087,7449115591778077962
23088,7449324304581496073
23089,7449143895461465398
23090,7449155447724035343
23091,7449379757931662626
23092,7449130665108409611
23093,7449153733306371355
23094,7449151403878026496
23095,7449049993136180520
23096,7449150926805290297
23097,7449136988336213305
23098,7449125098570796348
23099,7449136550954208570
23100,7449135057182215439
23101,7449125017373265206
23102,7449053079766371643
23103,7449213284185541929
23104,7449060243843140890
23105,7449181219822046474
23106,7449309814666120507
23107,7449365602516471055
23108,7449118517451951360
23109,7449389395423104283
23110,7449293058702675257
23111,7449290926024854836
23112,7449144906607562020
23113,7449291468520361276
23114,7449315973154245907
23115,7449314326210415899
23116,7449374888378322216
23117,7449263404071537930
23118,7449274754462223667
23119,7449259300754558268
23120,7449133343117036858
23121,7449078895413824780
23122,7449387990276771130
23123,7449407728608365862
23124,7449134644101942588
23125,7449264707355151628
23126,7449365245040119055
23127,7449291404708154633
23128,7449370223515372812
23129,7449066955950066985
23130,7449040639586553097
23131,7449158464754044187
23132,7449188688485027124
23133,7449395546336365843
23134,7449309143053241659
23135,7449329121383009563
23136,7449274565391306047
23137,7449318604060790056
23138,7449136313678318888
23139,7449231935592860986
23140,7449135008452775231
23141,7449208589090098469
23142,7449356678761336116
23143,7449189032514293050
23144,7449165861551672585
23145,7449142578252959026
23146,7449293818865651004
23147,7449310358935768361
23148,7449340525372624167
23149,7449334371145862419
23150,7449331813236985148
23151,7449348780572445978
23152,7449304014946159882
23153,7449142954922429755
23154,7449318242352516367
23155,7449331619686649114
23156,7449266617818647817
23157,7449275170050805031
23158,7449222482013277449
23159,7449163454985817371
23160,7449191772338572553
23161,7449372093596060978
23162,7449211194700729637
23163,7449302370439220543
23164,7449305223014681916
23165,7449360139519315258
23166,7449244327307431219
23167,7449362833575349558
23168,7449214407126699321
23169,7449202096722808116
23170,7449211640173595964
23171,7449298388782239026
23172,7449343802856328463
23173,7449318616400432399
23174,7449337614437584164
23175,7449327801343184180
23176,7449317732216098111
23177,7449371000614964515
23178,7449366575158758714
23179,7449342871146188070
23180,7449196771026275642
23181,7449359147683826982
23182,7449377449256815906
23183,7449131607719497000
23184,7449099334181850395
23185,7449395538916592923
23186,7449161931631365436
23187,7449342456149085490
23188,7449241801082342695
23189,7449334785769491762
23190,7449327069281914131
23191,7449324533124762907
23192,7449308208289582395
23193,7449186809608752384
23194,7449288246321777974
23195,7449280140875500858
23196,7449254445067586826
23197,7449094729653931323
23198,7449173644326079771
23199,7449211207694814498
23200,7449345709066702092
23201,7449331082354248999
23202,7449351790128155955
23203,7449126213362191674
23204,7449333950331292986
23205,7449351927432826172
23206,7449385539947679033
23207,7449381472550538511
23208,7449227871035477260
23209,7449174928340831538
23210,7449180188782365971
23211,7449155543819701555
23212,7449264300914429199
23213,7449329101032164668
23214,7449320780229283087
23215,7449273264980905252
23216,7449313325353143562
23217,7449324651563568443
23218,7449378865727819065
23219,7449045554358701338
23220,7449166293355203898
23221,7449300014926433594
23222,7449323453817064754
23223,7449403131093388601
23224,7449331871147625747
23225,7449366713520459066
23226,7449357707938647333
23227,7449319438098205986
23228,7449232313369627958
23229,7449247574160182554
23230,7449331719380978953
23231,7449297005098093835
23232,7449371550525967655
23233,7449109907338513673
23234,7449151072158879010
23235,7449218781844491555
23236,7449280481499123002
23237,7449390574823673124
23238,7449380003898281242
23239,7449408833392282892
23240,7449039768463101193
23241,7449351843777367356
23242,7449240807120440595
23243,7449242029122407690
23244,7449364351137402162
23245,7449271981226102076
23246,7449043634646764809
23247,7449348057826594074
23248,7449307111852412186
23249,7449251860067765561
23250,7449297552408644921
23251,7449235083535437119
23252,7449291834766953763
23253,7449314263836921126
23254,7449333807406222632
23255,7449404191224630563
23256,7449395635133926713
23257,7449185926187699471
23258,7449152766427008314
23259,7449151044040363322
23260,7449258146574404891
23261,7449210667103489314
23262,7449146424777837876
23263,7449296056237575459
23264,7449315284776701193
23265,7449381692105559355
23266,7449256920831020315
23267,7449166143647911208
23268,7449170691812887817
23269,7449304068142419259
23270,7449308602575195442
23271,7449329572648160527
23272,7449327271879462202
23273,7449349359537376527
23274,7449200878222986531
23275,7449204799003823379
23276,7449192587753311529
23277,7449154314796387644
23278,7449320760427973900
23279,7445556190106504508
23280,7448947522581695771
23281,7448939360579374396
23282,7445163853383617846
23283,7445673715188206883
23284,7445614706812931347
23285,7445647007999429907
23286,7445585160831012159
23287,7445653268933446952
23288,7445661279240342842
23289,7445588927320165691
23290,7445650044713192756
23291,7445647208654884137
23292,7445651085223595322
23293,7445651722854206757
23294,7445477593245109542
23295,7445652211893423418
23296,7445590358823570699
23297,7445833647711669561
23298,7445809977962335545
23299,7445815850948398394
23300,7445879286268972329
23301,7446715327716576527
23302,7447537722387877139
23303,7448139088152005951
23304,7448182135707503891
23305,7448177836411604260
23306,7448239906180091196
23307,7448186647247605004
23308,7448209858114882843
23309,7448222310072405288
23310,7448082472346062107
23311,7448101991974260027
23312,7448188071452904704
23313,7448086017032080703
23314,7448183389724675354
23315,7448207695313751348
23316,7448176629177666827
23317,7448196524053417250
23318,7448186178165165375
23319,7448188238063291657
23320,7448177303621864715
23321,7448231457631292732
23322,7448185616786869539
23323,7448234547042356540
23324,7448265365588610363
23325,7448175686554029327
23326,7448189340544535871
23327,7448538378825436470
23328,7448587108798762278
23329,7448492589449317689
23330,7448466254584614144
23331,7448461419999235364
23332,7448503247955938597
23333,7448601102506937650
23334,7448693507734146355
23335,7448862901315571002
23336,7448917002317499686
23337,7448950693395811593
23338,7448916528050801957
23339,7448941847566634298
23340,7448782686191176969
23341,7449203702075903269
23342,7449187469867765050
23343,7449341781617003833
23344,7449291966216555791
23345,7446040064523586831
23346,7446008851742182716
23347,7445910742039022907
23348,7445972173757467913
23349,7445864709233937721
23350,7445876832374656315
23351,7445870448233041163
23352,7446065032246463801
23353,7445957744693185850
23354,7445954313639316747
23355,7446028768935775538
23356,7446145525944044812
23357,7446128932165815602
23358,7446107931067698473
23359,7446771493406592314
23360,7446692133043539237
23361,7446629423559757067
23362,7446806308684057890
23363,7446612380533968165
23364,7448528328899792163
23365,7448492345886068027
23366,7448612353152781627
23367,7449031199839767819
23368,7448945797418323236
23369,7448798093618760994
23370,7448981081367334184
23371,7448844061504589090
23372,7448961474455784730
23373,7448890943698160934
23374,7449003776612011303
23375,7448995085301091636
23376,7448994063543553334
23377,7448973341613935929
23378,7448843121426746665
23379,7448797570618477878
23380,7448870372537158950
23381,7449020793515789608
23382,7445142721469173052
23383,7449310243164523788
23384,7449195258472140089
23385,7449340002753940793
23386,7449234537923546380
23387,7449219884807916860
23388,7449248082165861682
23389,7449040388897131835
23390,7449361270794390825
23391,7449225585198386442
23392,7449349602928610617
23393,7449214933864058150
23394,7449434655272553743
23395,7449745495334915354
23396,7449530575477656891
23397,7449625339485031689
23398,7449341399465479465
23399,7445850466975534362
23400,7445989504210472201
23401,7445991942967561508
23402,7445852889769086243
23403,7445843158639971634
23404,7445802225818946875
23405,7446033323639524645
23406,7446097219867970825
23407,7449366160547663113
23408,7449324229369105690
23409,7449757702282022202
23410,7446058905219632443
23411,7446007269763960102
23412,7446028365246647561
23413,7448775785038515508
23414,7447798603856366886
23415,7448962329905040655
23416,7446296849444556042
23417,7449328300079467785
23418,7449744926876716340
23419,7449565953672613157
23420,7449561255435668746
23421,7449681433171332379
23422,7449686826639461642
23423,7445666872281877775
23424,7446290769972825356
23425,7446265672281230652
23426,7446228207700806972
23427,7446240233982577974
23428,7446074278715477306
23429,7446256012648008996
23430,7446354460063845672
23431,7446084845735923004
23432,7446363338440838412
23433,7446193107990875407
23434,7446223892714114323
23435,7446363660081040692
23436,7446746852675898682
23437,7446729520167603493
23438,7447123923130453311
23439,7447181036477287720
23440,7446831146085797132
23441,7448255793272474899
23442,7448958646224047395
23443,7449017990357568778
23444,7448934812410318091
23445,7448840691192565007
23446,7448809254242323769
23447,7449026000396078348
23448,7449164334892076342
23449,7449156604454341926
23450,7449356879416872192
23451,7449297381209738532
23452,7449054102211923259
23453,7449333829677960507
23454,7449239466755067151
23455,7449214643756633380
23456,7449131895364881704
23457,7449298573847547155
23458,7449390443747347747
23459,7449352415863737658
23460,7449241176386948363
23461,7449737706499755301
23462,7449555064160521531
23463,7446837708011359545
23464,7448769233305079097
23465,7448857798189894971
23466,7448995018901032255
23467,7449387944458079522
23468,7449196031419469094
23469,7449277848033987866
23470,7449290709804289290
23471,7449720743060950329
23472,7449671585486621993
23473,7449549781237550388
23474,7449670671845575972
23475,7449648789578730806
23476,7449422691334884635
23477,7446424603230031163
23478,7448824402138975528
23479,7448824256164564276
23480,7448772965027646759
23481,7448812760068115731
23482,7448979661956140288
23483,7448782229989264650
23484,7448963393882508584
23485,7448796389875780922
23486,7448991964273364284
23487,7448897970373741882
23488,7448820092952988985
23489,7448927281122118939
23490,7448913690864274745
23491,7449330863252262171
23492,7449198633469152546
23493,7449108217814175013
23494,7449196082841554185
23495,7449343032274603264
23496,7449159478483750163
23497,7449103528724811062
23498,7449310887359417626
23499,7449738416624831781
23500,7449747627119250748
23501,7449680749915049250
23502,7449479934038379802
23503,7449525878733753610
23504,7449307322565872911
23505,7449341564037418300
23506,7449371658780986681
23507,7449275060839304489
23508,7449239577535040778
23509,7449294333448179004
23510,7449300715178052915
23511,7449366993423142201
23512,7449297522629070143
23513,7449362852768402745
23514,7449316369281207611
23515,7449289878375894272
23516,7449260450820214075
23517,7449267329839451427
23518,7449240256957648180
23519,7449359285164854580
23520,7449670482128833843
23521,7449674367962713394
23522,7449693512884342043
23523,7449459530108308762
23524,7449707450053233955
23525,7449521116659387663
23526,7449675292592901435
23527,7449685699579759930
23528,7449686896122383670
23529,7449744598508883241
23530,7449734049733692711
23531,7449565558908915004
23532,7449515594619096372
23533,7449735295525801231
23534,7449706409912012084
23535,7449715034738920756
23536,7449760578547109130
23537,7449572387307146555
23538,7449754457237245199
23539,7449776869349788982
23540,7449661830399544591
23541,7449695939352071463
23542,7449656148518653203
23543,7449736567540829440
23544,7449679521508379941
23545,7449757268842679612
23546,7449695290568871209
23547,7449712289416088892
23548,7449739344035777807
23549,7449701658830884111
23550,7449537622839495999
23551,7449709881470356763
23552,7449714487109635368
23553,7449060470960459035
23554,7446358599074385161
23555,7449083638257421620
23556,7449129577831615754
23557,7449096992443092234
23558,7446317420018453797
23559,7449150084941466906
23560,7449148569438735625
23561,7449228313173724431
23562,7449266295830252860
23563,7449163778341555490
23564,7449140082545577274
23565,7449202130856004883
23566,7449210953708719395
23567,7448716115133353270
23568,7448715668834323723
23569,7448938761624276281
23570,7448959977458371903
23571,7448921940347145522
23572,7448715809863535935
23573,7448856712305593627
23574,7449155235685109049
23575,7449228268063968521
23576,7449150005534788915
23577,7449236179158846783
23578,7449248710216715580
23579,7449245824669715771
23580,7449193938474257723
23581,7449236385136921895
23582,7449305545980284217
23583,7449142379451305250
23584,7449225855122902331
23585,7445547026059742503
23586,7449296604370160948
23587,7449294740979191049
23588,7449197649347104039
23589,7449204246341340450
23590,7449199493431528731
23591,7449212133717314853
23592,7449209633618562356
23593,7449203782853954856
23594,7449217915431243042
23595,7449222174335847717
23596,7449206843966016822
23597,7449222500388457737
23598,7449214567776783650
23599,7449271273273740555
23600,7449246373670702374
23601,7449205661117861147
23602,7449303630798130443
23603,7449206543494417714
23604,7449207490606124322
23605,7449340787327864099
23606,7449280549400644879
23607,7449203139716156723
23608,7449205398583774504
23609,7449224029044559161
23610,7449359535157824827
23611,7449233978172722473
23612,7449276407135391034
23613,7449221628447313164
23614,7449199449680727334
23615,7449198776138353956
23616,7449219466086468902
23617,7449296585449688360
23618,7449342376918797568
23619,7449222144837373219
23620,7449222275187887400
23621,7449221682566384933
23622,7449203284033719578
23623,7449306222034963724
23624,7449349527493987634
23625,7449221099767778612
23626,7449224872183565606
23627,7449351203818868002
23628,7449222104416881978
23629,7449233791433968930
23630,7449208289876806951
23631,7449277736717225226
23632,7449312410088885523
23633,7449209646818037031
23634,7449215147274521908
23635,7449248175669415194
23636,7449251569138257203
23637,7449219431927942427
23638,7449370446639762728
23639,7449270073069407499
23640,7449380882336566539
23641,7449214364864875811
23642,7449292710990630144
23643,7449227147668901155
23644,7449329569720569145
23645,7449340336960310540
23646,7449233939299880218
23647,7449276353687326009
23648,7449376148426919168
23649,7449213524103925046
23650,7449284995081866523
23651,7449383919838891275
23652,7449280183070100787
23653,7449328108907351332
23654,7449361909729611071
23655,7449202372192128296
23656,7449247767089696034
23657,7449270786981924122
23658,7449205207289892107
23659,7449210718341139738
23660,7449309758114237759
23661,7449293060539796771
23662,7449213721387289871
23663,7449212430275644707
23664,7449211036697201931
23665,7449208031390207232
23666,7449209531231489317
23667,7449327867713899836
23668,7449241114428706089
23669,7449303875615493391
23670,7449212505710284059
23671,7449358313432616219
23672,7449243067409861926
23673,7449259636416367922
23674,7449217997631163674
23675,7449239556664102171
23676,7449297250141949203
23677,7449316514122960164
23678,7449295497434615040
23679,7449277659898531113
23680,7449284289801276710
23681,7449350571477224762
23682,7449211678966697266
23683,7449219356883553576
23684,7449202821129424139
23685,7449286941549415743
23686,7449293537545358643
23687,7449274608336784680
23688,7449294996408208677
23689,7449206642014539034
23690,7449205507862170890
23691,7449221324704107816
23692,7449324834258947363
23693,7449293080131325238
23694,7449334727699483942
23695,7449248626712333594
23696,7449265926211521807
23697,7449202223172570378
23698,7449210843515964682
23699,7449213484757159231
23700,7449295383076834612
23701,7449261928657980729
23702,7449258454167981348
23703,7449265065255013682
23704,7449314059079453979
23705,7449284472127638825
23706,7449310893852200201
23707,7449355945781529871
23708,7449355673365663015
23709,7449314232279108915
23710,7449290250683206966
23711,7449273141261552911
23712,7449268403489000754
23713,7449309184522259727
23714,7449300784279260468
23715,7449293110779071803
23716,7449298069796949298
23717,7449367839112170803
23718,7449296829059009833
23719,7449298031867907347
23720,7449362121541848332
23721,7449299289420942602
23722,7449303255865101626
23723,7449309606708251943
23724,7449314027131440438
23725,7449296730329287990
23726,7449302418367466815
23727,7449310729406024987
23728,7449295299610283314
23729,7449287590559255844
23730,7449288714020326666
23731,7449293252638870821
23732,7449400471833414972
23733,7449406104271949116
23734,7449405561528913215
23735,7449365419657268537
23736,7449309692754464009
23737,7449350246456397071
23738,7449377848898358554
23739,7449574379966450981
23740,7449385047347514651
23741,7449323441896819987
23742,7449325853479013689
23743,7449369354115812617
23744,7449323573577108777
23745,7449385383357369612
23746,7449508622859570483
23747,7449688019302501647
23748,7449584496397061433
23749,7449580292316073251
23750,7449656767732075815
23751,7449623940441345317
23752,7449506066854858047
23753,7449675563062676787
23754,7449565219979889939
23755,7449330519856139539
23756,7449197713243032871
23757,7449330258462903606
23758,7449348363629235507
23759,7449323207112264987
23760,7449314918697880873
23761,7449319741019229499
23762,7449369188331769114
23763,7449395727475739931
23764,7449365176840752399
23765,7449362216832290075
23766,7449344650395143465
23767,7449406070361034044
23768,7449367237087022390
23769,7449319380732677427
23770,7449306193488514340
23771,7449360130530921763
23772,7448967134966713636
23773,7449023008301190441
23774,7448951246175685924
23775,7449223129898978595
23776,7449102740426378554
23777,7449206535105875257
23778,7449175564654628147
23779,7448986994350361908
23780,7449324500581190931
23781,7449289994306407715
23782,7449148814147063075
23783,7449262345123122469
23784,7449192071061163300
23785,7449289941718224163
23786,7449172973992316219
23787,7449286712196435227
23788,7449184067775417615
23789,7449373499338132787
23790,7446974177472433467
23791,7448990717294169403
23792,7449010503927598347
23793,7448962464777047355
23794,7448981741697518887
23795,7449005932475895049
23796,7448968654571588904
23797,7449003992098655526
23798,7449148427092397352
23799,7449384233631485193
23800,7449296549839899958
23801,7449191639014264083
23802,7449145393717218579
23803,7449214773016694067
23804,7449205755691027772
23805,7449252908069178639
23806,7449246548233407782
23807,7449197744721382667
23808,7449329867872587047
23809,7449203154429693238
23810,7449268953173527827
23811,7449268862110977339
23812,7449332285125545242
23813,7449185960509689103
23814,7449236438962474277
23815,7449225105755983119
23816,7449265440162909455
23817,7449165209727454464
23818,7449158803989269779
23819,7449291565320703267
23820,7449155558009081146
23821,7449205342296182057
23822,7449200072211942713
23823,7449284585885535500
23824,7449276240306998566
23825,7449248709663083815
23826,7449368533047250234
23827,7449168647781764411
23828,7449293483212377402
23829,7449235880889290025
23830,7449185501111749928
23831,7449259187999132978
23832,7449211919430372618
23833,7449255250042686780
23834,7449251689368014107
23835,7449208043914480946
23836,7449240742372871475
23837,7449134619720568074
23838,7449206974589242624
23839,7449260905361067299
23840,7449185919120313626
23841,7449025295010565416
23842,7449211825432071483
23843,7449250230312193315
23844,7449207507471306019
23845,7449267322201591052
23846,7449296122771787060
23847,7449226198078590258
23848,7449304364142857511
23849,7449310423213411642
23850,7449217385841593637
23851,7449379226135874868
23852,7449294490893815050
23853,7449259220471483682
23854,7449269688904731938
23855,7449275392336170267
23856,7449374210956201228
23857,7449321762833059081
23858,7449285740736875813
23859,7449317484689198363
23860,7449016345628282151
23861,7449029433048026403
23862,7449017409182108954
23863,7449018475546217780
23864,7449358513215769867
23865,7449139471703919907
23866,7449172857638128905
23867,7449406316772085033
23868,7449018585755700495
23869,7449018987716840738
23870,7449026540567842099
23871,7449015779439168794
23872,7449024673255329078
23873,7449059690182479119
23874,7449205312977898752
23875,7449248422592269587
23876,7449210529182223666
23877,7449346320025898274
23878,7449194703448231183
23879,7449357218740309275
23880,7449394464713411855
23881,7449303640801676602
23882,7449290135008595212
23883,7449294502038162742
23884,7449186245449616677
23885,7449312796522679604
23886,7449322148163783988
23887,7449177982830136595
23888,7449261863977700618
23889,7449303953788947751
23890,7449118369799785779
23891,7448827715450441000
23892,7448970535582633254
23893,7448988631315828026
23894,7448989696992054588
23895,7448995067383123258
23896,7448983419368770826
23897,7449027735743221011
23898,7448900689356393787
23899,7448968417203195171
23900,7448867874053180712
23901,7449344990842572092
23902,7449369770601844028
23903,7449336646882905394
23904,7449110760032161076
23905,7449283852863868175
23906,7449277595172048155
23907,7449255185408429352
23908,7449218808503356682
23909,7449193374826990905
23910,7449209206038711589
23911,7449324524862033167
23912,7449337941861748026
23913,7449242878041181455
23914,7449243045825875234
23915,7449242505234763023
23916,7449268606262660389
23917,7449362056756743450
23918,7449402180995534092
23919,7449233335278243083
23920,7449338669883739402
23921,7449383487376870708
23922,7449371830713978127
23923,7449261657894735164
23924,7449240158810934586
23925,7449350728432258362
23926,7449380589561531699
23927,7449254385168698681
23928,7449263075594603786
23929,7449384242888379707
23930,7449244599907913000
23931,7449283890377805113
23932,7449299810886241573
23933,7448637422360857908
23934,7448850056557514022
23935,7448963153523674420
23936,7448988209553394944
23937,7448874700991728947
23938,7448978531675065635
23939,7448981311974346010
23940,7448895238644583699
23941,7448985700193668378
23942,7448986211353513216
23943,7448997845446741299
23944,7448964787809094953
23945,7449012840914013497
23946,7449009385570848057
23947,7449221031937576246
23948,7449155096748756281
23949,7449176020218907945
23950,7449201253512514854
23951,7449225127943851298
23952,7449174641500802361
23953,7449292873465466148
23954,7449247819040361755
23955,7449172136918256946
23956,7449213251344256308
23957,7449213391916272911
23958,7449206835325750578
23959,7449198573956107558
23960,7449281994967551295
23961,7449284504595729690
23962,7449210247652068617
23963,7449211989362101540
23964,7449190486264286516
23965,7449212024661331237
23966,7449210095881293090
23967,7449357440967068991
23968,7449109965475745087
23969,7449219392086248713
23970,7449751469407964443
23971,7449755758914325799
23972,7449760066237893903
23973,7449751053777571112
23974,7449770396087323923
23975,7449746343976783158
23976,7449769319833013538
23977,7449746809360108811
23978,7449744077341347087
23979,7449747758258588939
23980,7449774654828350739
23981,7449766857847917858
23982,7449750721139887397
23983,7449762729532951859
23984,7449746693458824463
23985,7449771582668475660
23986,7449753553234562313
23987,7449778837698678079
23988,7449758545798532391
23989,7449768322238893350
23990,7449745428679019776
23991,7449767745408748860
23992,7449759990077721891
23993,7449759238144003386
23994,7449773847110339878
23995,7449697005070273828
23996,7449733940438519076
23997,7449719577375690038
23998,7449711493932715321
23999,7449751470032899343
24000,7449763791849508156
24001,7449743410308730150
24002,7449739276520115493
24003,7449753787243269395
24004,7449756956123729203
24005,7449769606245338403
24006,7449730640519417146
24007,7449657392414936370
24008,7449332354528709899
24009,7449399771548241192
24010,7449349832017218842
24011,7449369410269220148
24012,7449377627699186980
24013,7449361550156057919
24014,7449377941991066931
24015,7449384861137128754
24016,7449377242838240553
24017,7449344314649464100
24018,7449378911797988646
24019,7449349169397009699
24020,7449342586025823527
24021,7449330199134522662
24022,7449349655747448124
24023,7449369272658267411
24024,7449325046906080553
24025,7449371948997463347
24026,7449370762932276540
24027,7449556910019235098
24028,7449582715550125324
24029,7449585030013259008
24030,7449566241053855035
24031,7449570199721872651
24032,7449675875911568667
24033,7449664656613952805
24034,7449570928406580534
24035,7449569290866527540
24036,7449554433861520652
24037,7449600602461555995
24038,7449692887530474767
24039,7449744190130359571
24040,7449561449136999695
24041,7449666246833933568
24042,7449579866015485235
24043,7449422229416250682
24044,7449525131493346620
24045,7449516262855658789
24046,7449776206980926777
24047,7449609261098732809
24048,7449545920670125371
24049,7449707256792337691
24050,7449562280729087289
24051,7449610341631282447
24052,7449573101391678772
24053,7449507287124774153
24054,7449507479060221193
24055,7449554453457374501
24056,7449679148689263923
24057,7449591978452372790
24058,7449586852127919360
24059,7449532067047591179
24060,7449586427500776739
24061,7449588082912939301
24062,7449682325652114700
24063,7449595856010939700
24064,7449757008237956409
24065,7449591755852270848
24066,7449592249597447460
24067,7449586620606565673
24068,7449528575637622068
24069,7449735338190195968
24070,7449595955382373667
24071,7449589038614367526
24072,7449678951670123812
24073,7449595807180836131
24074,7449603632351153427
24075,7449580355616509220
24076,7449586177012731136
24077,7449594335667997962
24078,7449598287604206860
24079,7449582651909917988
24080,7449667366121753892
24081,7449626512254438682
24082,7449737047549529403
24083,7449582943426710844
24084,7449338063655816467
24085,7449359969880706316
24086,7449373317489904947
24087,7449439988040699146
24088,7449678790638325042
24089,7449716033151159611
24090,7449319948909923619
24091,7449376959118822719
24092,7449332729113529657
24093,7449383372343856384
24094,7449357321198652735
24095,7449354009191681338
24096,7449383889488956687
24097,7449399925311327514
24098,7449363046377606451
24099,7449327027309513995
24100,7449327472094481704
24101,7449311465019870490
24102,7449337786626329893
24103,7449337736009501961
24104,7448418822651972898
24105,7449300328966540598
24106,7449251721353710857
24107,7449317187485060409
24108,7449311524130147635
24109,7449311707001834762
24110,7449259207435603237
24111,7449397581702008076
24112,7449410400292031759
24113,7449465555830017339
24114,7449441529896258879
24115,7449580340009618722
24116,7449679748697033984
24117,7449637008135195923
24118,7449503582992305467
24119,7449501613405883667
24120,7449414622098083132
24121,7449741145812241702
24122,7449306954876439858
24123,7449326509707365669
24124,7449237395683233084
24125,7449230585517591862
24126,7449236619300719898
24127,7449300872296729893
24128,7449318470572952870
24129,7449230327295282444
24130,7449232024562355482
24131,7449230632665795850
24132,7449224469811318052
24133,7449240043052387634
24134,7449229518687980854
24135,7449249347650243880
24136,7449303521800801570
24137,7449229493144751423
24138,7449271302537465138
24139,7449237338842025216
24140,7449229965570116927
24141,7449357706743254281
24142,7449290987723099411
24143,7449224127128407350
24144,7449351447663234363
24145,7449266514437459236
24146,7449233712614591780
24147,7449321020126743866
24148,7449237189856202010
24149,7449229363691801865
24150,7449293447233539343
24151,7449227920633007396
24152,7449277657486839051
24153,7449237260626709770
24154,7449337043332697378
24155,7449753225303051520
24156,7449760854070873402
24157,7449774855739723045
24158,7449760402591763769
24159,7449749987711356175
24160,7449715377451322664
24161,7449738393468144954
24162,7449762958441336073
24163,7449707463563103545
24164,7449729384669252874
24165,7449697780861259023
24166,7449767756100242714
24167,7449696799889034530
24168,7449741528869784889
24169,7447646046152379707
24170,7449786701968362806
24171,7449880219470679359
24172,7449991163832061195
24173,7450107420849851698
24174,7449895433146502457
24175,7450087154589404456
24176,7449788402062429503
24177,7450068776407633167
24178,7450105487430929704
24179,7449992526217448738
24180,7449907285792542006
24181,7449887948461428025
24182,7449960695111699748
24183,7449981398066220315
24184,7450114776006544659
24185,7450029014749646137
24186,7449942057843576124
24187,7449839728142126348
24188,7450020746748906810
24189,7449785813191200010
24190,7450042915155496226
24191,7450000897481936138
24192,7450061001778679049
24193,7449917657903664422
24194,7450042138101812491
24195,7449897607712787749
24196,7450039524119366969
24197,7450129498801999130
24198,7450109266859429178
24199,7449805492550962486
24200,7450108406855175439
24201,7449943656473038115
24202,7450407521568804123
24203,7450180826534399244
24204,7449969548695981371
24205,7449911331760753978
24206,7450464273098198331
24207,7450298506092219706
24208,7450725225924136232
24209,7450451487005658425
24210,7450102795203513600
24211,7450073629003402532
24212,7449982979964685608
24213,7450075047672204580
24214,7450011027627920649
24215,7449951634085498164
24216,7450495678800760121
24217,7450374803191598363
24218,7450392344056089866
24219,7446599055557266707
24220,7446968449311575307
24221,7447198943198383419
24222,7447816075695246630
24223,7447875445476969739
24224,7449306791428541754
24225,7449239147727932681
24226,7449329647529053481
24227,7449200466182802700
24228,7449199599023164711
24229,7449267779884125480
24230,7449099477173931323
24231,7449251261863529779
24232,7449222277700341033
24233,7449100221755198739
24234,7449214385421044992
24235,7449274012179451155
24236,7449319305319157044
24237,7449183776967609609
24238,7449371615437131066
24239,7449295183524449570
24240,7449331425255361844
24241,7449153461624638780
24242,7449331784606616847
24243,7449234793482505491
24244,7449246591308893449
24245,7449325504034786612
24246,7449087322269732115
24247,7449573204416351522
24248,7449559273895398682
24249,7449710368034753831
24250,7449575558192598331
24251,7449725441021152552
24252,7449742510219414844
24253,7449713571346369807
24254,7449542436319153443
24255,7449545798146067771
24256,7449695168766266683
24257,7449731299637595432
24258,7449582559492574524
24259,7449458722046364980
24260,7449569234088250664
24261,7449614055075024179
24262,7449552909529795897
24263,7449614893289901331
24264,7449617291743857980
24265,7449882840235347235
24266,7449960340969753891
24267,7449963304644119871
24268,7449962957812796723
24269,7449808689499884858
24270,7450064189369994548
24271,7450021192817233202
24272,7450109316255747385
24273,7450089790843800892
24274,7449979006448897321
24275,7449914600876707108
24276,7450020763597327642
24277,7449927394288241977
24278,7450055562177301770
24279,7450021170096721161
24280,7446770292002721082
24281,7447172478838787339
24282,7446944019852184867
24283,7449054198286568713
24284,7449297388948278588
24285,7449380554081881384
24286,7449139073756761401
24287,7449340701957033253
24288,7449139060511083836
24289,7449206470312316223
24290,7449359703013870860
24291,7449387199625235738
24292,7449296505170595072
24293,7449372915067358474
24294,7449553413601234176
24295,7449771462765972775
24296,7449510498753727803
24297,7449510104145071420
24298,7449416206404029730
24299,7449509899958029626
24300,7449510211771043130
24301,7449607479199157561
24302,7449684690291772724
24303,7450102149637311794
24304,7449895573618003257
24305,7449881587879005498
24306,7449981723141606697
24307,7449911942845566260
24308,7449986782113910042
24309,7450029049415568640
24310,7450036548310994235
24311,7450071128644570383
24312,7449855776367119670
24313,7446098190220168460
24314,7447550051628502330
24315,7447663033796644096
24316,7448230900309036326
24317,7448121327388560667
24318,7448146457288346938
24319,7448268391116213556
24320,7448059323596508425
24321,7448015169055100170
24322,7449898085737598259
24323,7449871602881203506
24324,7450294482852957450
24325,7450342947360410917
24326,7450506450331356475
24327,7445445621680475419
24328,7445349078709423419
24329,7446006727759105299
24330,7445821693961981244
24331,7445965407216848178
24332,7445990363765984524
24333,7445708826705251642
24334,7446061473165511994
24335,7445910819914681660
24336,7445820252518190363
24337,7445972584576847167
24338,7445743178436578575
24339,7445985084525612340
24340,7446062602347760905
24341,7446436913239706937
24342,7446333903134002489
24343,7446324704824151347
24344,7446199534650182953
24345,7446334483885804839
24346,7446226327650274575
24347,7446441938565270835
24348,7446367503334378804
24349,7446253895099125033
24350,7446302557284175163
24351,7446390935157607719
24352,7446225114070289676
24353,7446162759126879548
24354,7446619646402317606
24355,7446760045972409659
24356,7446634927774387494
24357,7446641625486462262
24358,7446717307927186745
24359,7446777284834364710
24360,7446983101005221139
24361,7446997056008228115
24362,7446953537965247763
24363,7447064183235022139
24364,7447156218176589114
24365,7446998058665053479
24366,7446950263761521980
24367,7446985597312322867
24368,7447532074451406139
24369,7447233088242945280
24370,7447543234290568505
24371,7447387080239435019
24372,7447420366936476963
24373,7447420565788445986
24374,7447420783825128756
24375,7447647424220319003
24376,7447912832294767887
24377,7447920331139927353
24378,7447817016641195322
24379,7447830620069236031
24380,7448206391447260456
24381,7448172643842362635
24382,7448096425243626787
24383,7448242784223497487
24384,7448273131191455028
24385,7448603356899183929
24386,7448481254917393722
24387,7448584503448161562
24388,7448590331714555172
24389,7448575374872694028
24390,7448396448737021243
24391,7448641171842207012
24392,7448488481757744444
24393,7448426527819173155
24394,7449035333259283747
24395,7448738807286959360
24396,7449014886056725795
24397,7448998854952865061
24398,7448906498723368250
24399,7448787606369832192
24400,7448950061049875762
24401,7448896826998000905
24402,7448998952499776778
24403,7448841011456920847
24404,7449023424724307200
24405,7449374473280572706
24406,7449098762762390838
24407,7449331930480364851
24408,7449289576029375763
24409,7449291390938320180
24410,7449294896936144138
24411,7449678488463822115
24412,7449780866814905635
24413,7449716957022096700
24414,7449749452522310927
24415,7449546183485295931
24416,7449667259905183012
24417,7449580743040273699
24418,7449640847995456808
24419,7449766080718884155
24420,7450145233628630284
24421,7450104523269508361
24422,7450064015365000487
24423,7450126787117452553
24424,7450094125673614618
24425,7449784142931168563
24426,7450138023594970420
24427,7450055387199409447
24428,7450076378378095929
24429,7449970326370389308
24430,7449839908308503862
24431,7450087610812321082
24432,7450151852173299003
24433,7449937581220941106
24434,7450133920143641891
24435,7449980209773677863
24436,7450090350229605691
24437,7450122652468972812
24438,7450375714668383507
24439,7450316279723953445
24440,7450433653777108263
24441,7450349157002267958
24442,7450445427415059753
24443,7450396102982913343
24444,7450282889373060415
24445,7450272342766390586
24446,7450326232928914707
24447,7450345170303716646
24448,7450481636291956009
24449,7450438561607765257
24450,7450516178495196468
24451,7450421623301098767
24452,7450418416344681769
24453,7450342289039265051
24454,7450435921956162866
24455,7450414722530250038
24456,7450361890473069833
24457,7450320249955716412
24458,7450417931759947059
24459,7450322342326193458
24460,7450433260414389542
24461,7450287246281805114
24462,7450470954356002111
24463,7450522464829902099
24464,7450291740499528994
24465,7450350690452491578
24466,7450392842259762489
24467,7450339253776551208
24468,7450464479629888804
24469,7450440585745321251
24470,7450289112700947769
24471,7450476731556842761
24472,7450517072406138146
24473,7450246487562407179
24474,7450290150766087461
24475,7450396674599439666
24476,7450097084327284005
24477,7450044663043476751
24478,7449978045034695995
24479,7450082169457741093
24480,7450120363733765434
24481,7450133273629576482
24482,7450168416926698790
24483,7450170841016339738
24484,7450492304026029371
24485,7450461811469454642
24486,7450442907590430011
24487,7450436175740816667
24488,7450492908198694202
24489,7450194284625628475
24490,7450364021355711784
24491,7450360829859401020
24492,7450182007587458339
24493,7450404278675574070
24494,7450729710230719784
24495,7450794075843759419
24496,7450544317782969638
24497,7450697642612362530
24498,7450726201577983258
24499,7449636655062928676
24500,7449630447807515962
24501,7449602047927717178
24502,7449739450399165723
24503,7449559650887863592
24504,7449609592515906876
24505,7449541169316433189
24506,7449708520913538338
24507,7449467181080775946
24508,7449760074559524159
24509,7449412347338198308
24510,7449672227529805114
24511,7449519923447057698
24512,7449418813411495168
24513,7449434121216068921
24514,7449714627384069433
24515,7449735305172634916
24516,7449769863326829882
24517,7449738575492517171
24518,7449921230959807804
24519,7450086781367717154
24520,7449953659879705915
24521,7450338659737324851
24522,7445268960825576704
24523,7445616289403456825
24524,7445678390574730553
24525,7447080909238586687
24526,7447831647568940288
24527,7448126017547357494
24528,7448218916188343571
24529,7449388698321325331
24530,7449354764636212520
24531,7448990363194232101
24532,7449774262409284898
24533,7449602514804149562
24534,7449637325576949029
24535,7449723347673419066
24536,7449722429171060006
24537,7449554965787430182
24538,7449730099840159034
24539,7449471506318511411
24540,7449617487928315174
24541,7449592528862596367
24542,7449725776594783539
24543,7449787173949230393
24544,7450047896822484263
24545,7449797205122092328
24546,7450014201516477755
24547,7450046831893040393
24548,7449953602581450041
24549,7449836909288754482
24550,7449793258642803987
24551,7449927691488349480
24552,7449904301385829673
24553,7449903035381320994
24554,7449650873740856616
24555,7450430331489946889
24556,7449368545848216871
24557,7449744345168612644
24558,7449609184095620352
24559,7449719768346529087
24560,7449617551874641202
24561,7449688027384827187
24562,7449751734697643283
24563,7449707316141657378
24564,7449550572765728010
24565,7449588221090057510
24566,7450152520472612147
24567,7450114300187823411
24568,7450013752532962610
24569,7450062070474607911
24570,7449957160508804402
24571,7450488124263648562
24572,7450378014157819145
24573,7450454596150906139
24574,7450273577603009827
24575,7450444712982433074
24576,7450297564538080571
24577,7450413252598697250
24578,7450304594808212751
24579,7446738685732670760
24580,7446910550912584994
24581,7449126091190521126
24582,7449339867059801401
24583,7449218014974594356
24584,7448837011819023679
24585,7449158575118716214
24586,7449585459438685480
24587,7449418251467001115
24588,7449622897045294388
24589,7449942132565101865
24590,7450071783631244602
24591,7449915199567547663
24592,7450013180626996519
24593,7449937040960916736
24594,7449958144068865295
24595,7449570262279933238
24596,7449614401029639436
24597,7450054925712723212
24598,7450060283281722678
24599,7450018186436627727
24600,7449235678312942885
24601,7449648743575571747
24602,7450122439478021412
24603,7449358131135597843
24604,7449320049384394021
24605,7449348472022600975
24606,7449221244475559226
24607,7449713086149283135
24608,7449412270360104242
24609,7449558874702548283
24610,7449907255044099347
24611,7449904330502720825
24612,7449938764610260274
24613,7449515729864510777
24614,7449677458690886964
24615,7445538401182305599
24616,7446698401703464207
24617,7446714447177059634
24618,7446750227710659881
24619,7447179491715173690
24620,7446997066133376290
24621,7446998184129334539
24622,7448275738454887715
24623,7449732840977108258
24624,7449736259959786811
24625,7449493679972093242
24626,7449590717397077283
24627,7450099062638005562
24628,7450007929211637052
24629,7450065130227797275
24630,7450138139575831842
24631,7449944275569184059
24632,7450286328467426572
24633,7450362978097990953
24634,7450370848319360293
24635,7450251158888713484
24636,7450293370401869114
24637,7446039388917746995
24638,7445902764292443450
24639,7446253659140263222
24640,7446364990744907035
24641,7446261881746099515
24642,7446550758364958012
24643,7446569437022539071
24644,7446554526103948602
24645,7446871386368363835
24646,7447071763231526198
24647,7446824637687745811
24648,7446850290990517519
24649,7446911374824852799
24650,7446827435305225524
24651,7446926842780585250
24652,7447181390715587892
24653,7447180486310448418
24654,7446912463951400231
24655,7446824036115418428
24656,7446825373662334220
24657,7447174029015895315
24658,7446850714313297193
24659,7446901747647286587
24660,7446905480884079883
24661,7446841005418007868
24662,7446922480695954742
24663,7447178883062844681
24664,7447077376892128552
24665,7446820455857638715
24666,7446919375182974265
24667,7447182003876744507
24668,7447182105911561532
24669,7447136100449078586
24670,7447174497603570995
24671,7447183346095885627
24672,7446815821839617321
24673,7446912359563660544
24674,7447180951093792035
24675,7446836478656662844
24676,7447173427489803579
24677,7446816328540851497
24678,7447176545673678137
24679,7447181890458553652
24680,7447176348067466532
24681,7446874932983631158
24682,7446826896970501376
24683,7446912620759698722
24684,7447182504869514511
24685,7446925435956366649
24686,7446915968661556515
24687,7446918916741319970
24688,7447174455773711628
24689,7446919808085413172
24690,7447184315152125242
24691,7446879733540719926
24692,7447178553159929146
24693,7446888842885434633
24694,7446832932087467304
24695,7446903306506603791
24696,7446837644991941907
24697,7447176298306358586
24698,7447178386235002123
24699,7446914258375314726
24700,7446897391497792828
24701,7446821276070563132
24702,7447179329378716986
24703,7446834465411796260
24704,7446829548731174154
24705,7446903935450877221
24706,7446913264283372857
24707,7446914001386163483
24708,7447143430276287780
24709,7446925188886793526
24710,7446899293379628300
24711,7447115678475357451
24712,7447296663124790588
24713,7447552858121112884
24714,7447192323706080551
24715,7447553664522276146
24716,7447549365465484601
24717,7447274893340593419
24718,7447193072644918538
24719,7447547553287081256
24720,7447549307491814713
24721,7447553896853130556
24722,7447549951820811580
24723,7447297575763365180
24724,7447544761285627190
24725,7447299149004901670
24726,7447547119222787380
24727,7447548674994982202
24728,7447553845053377849
24729,7447244532535561532
24730,7447555083526491428
24731,7447269780286983443
24732,7447269728487345466
24733,7447544685503008041
24734,7447544701034548540
24735,7447191547625475388
24736,7447555604337478970
24737,7447197406531177769
24738,7447211202322648377
24739,7447549366262320422
24740,7447547644487978294
24741,7447546817052544256
24742,7447277204351864124
24743,7447549980266466587
24744,7447555263097294106
24745,7447296381800205577
24746,7447202133209779516
24747,7447552625718873353
24748,7447189645403720970
24749,7447548171300932924
24750,7447243280019934522
24751,7447295988873645370
24752,7447276988122795321
24753,7447549833243577658
24754,7447554892723440953
24755,7447544637981461797
24756,7447300737895288076
24757,7447549172573654309
24758,7447296046608174355
24759,7447544080554331432
24760,7447241142808169747
24761,7447549450794306856
24762,7447555495830900026
24763,7447552654357581110
24764,7447547836427701563
24765,7447543818271968549
24766,7447545312471829760
24767,7447548563430591782
24768,7447273271088778546
24769,7447546386846879017
24770,7447193011655675146
24771,7447545101800246567
24772,7447262936277568825
24773,7447550041742380348
24774,7447187741630139700
24775,7447548400901344572
24776,7447263499870358811
24777,7447358006729133352
24778,7447553126250417446
24779,7447299613523987724
24780,7447553960556203314
24781,7447545924089302335
24782,7447548117928529162
24783,7447545659021954358
24784,7447548964976463139
24785,7447495114315812155
24786,7447297912180149504
24787,7447543731479235876
24788,7447549034715270415
24789,7447549535267589412
24790,7447298651849772351
24791,7447546490894961920
24792,7447552565350239540
24793,7447269579102997760
24794,7447555005696986428
24795,7447225569994984738
24796,7447549011730402619
24797,7447546708780698892
24798,7447241909027736847
24799,7447247690137718079
24800,7447550740677135656
24801,7447544439611936000
24802,7447290340316335414
24803,7447330344107363642
24804,7447275955380391225
24805,7447225804142021948
24806,7447546304621825334
24807,7447547397980392714
24808,7447298367182343465
24809,7447505967782071593
24810,7447255745155845388
24811,7447269663676845312
24812,7447553828221668646
24813,7447545853776071976
24814,7447506551520136507
24815,7447221278316039484
24816,7447194933695401276
24817,7447546650614172967
24818,7447294780804992265
24819,7447370946752679180
24820,7447287344085945660
24821,7447545250576469259
24822,7447271172988767526
24823,7447279690370403636
24824,7447273413447617819
24825,7447186602687745337
24826,7447547809982713145
24827,7447547972344155451
24828,7447284267211656483
24829,7447544474613386507
24830,7447300883072748860
24831,7447186105079713075
24832,7447263006746037545
24833,7447518949304012090
24834,7447543913902116153
24835,7447266596650847546
24836,7447264745121402149
24837,7447541083585662271
24838,7447393217965788425
24839,7447478227808898342
24840,7447553177320197403
24841,7447545577262386472
24842,7447276058119769403
24843,7447275065999199528
24844,7447186696736607546
24845,7447551034886556988
24846,7447448395117104419
24847,7447554659746680121
24848,7447308822701477161
24849,7447550934210612540
24850,7447551275257892111
24851,7447548732767243556
24852,7447544500517489955
24853,7447550507834559744
24854,7447550736516402473
24855,7447545060754754874
24856,7447551685007871290
24857,7447216630838365499
24858,7447549049823137060
24859,7447547601492135219
24860,7447264671951883570
24861,7447553331695750435
24862,7447547967944363298
24863,7447548003323350326
24864,7447553990046272795
24865,7447197492099239207
24866,7447292645073767692
24867,7447201200442772790
24868,7447263534733462803
24869,7447245344057953555
24870,7447291744007261440
24871,7447545656941595904
24872,7447262976060443916
24873,7447278364286618899
24874,7447543340893064475
24875,7447225789080243465
24876,7447255091930762556
24877,7447264586832612660
24878,7447292299387686203
24879,7447190729232846130
24880,7447317280972606779
24881,7447547562145418559
24882,7447282252712594688
24883,7447548071531007247
24884,7447492695083306278
24885,7447289603683339559
24886,7447543751364332852
24887,7447545751783116089
24888,7447547560941718821
24889,7447184896784600378
24890,7447193177842388282
24891,7447555271703956771
24892,7447551221063273785
24893,7447270226648927498
24894,7447555235934948668
24895,7447207812125527307
24896,7447555025238265128
24897,7447551437556452660
24898,7447286658124303670
24899,7447362268825701641
24900,7447360042543631666
24901,7447552354565606710
24902,7447292227946073396
24903,7447543336346471732
24904,7447274061060640058
24905,7447919505273113915
24906,7447656378337987897
24907,7447800130796850443
24908,7447655134814817588
24909,7447660393490550076
24910,7447561474538474764
24911,7447808866391280933
24912,7447568887551380771
24913,7447828943245282594
24914,7447585563890224434
24915,7447725567190912283
24916,7447666472668712252
24917,7447647257895243058
24918,7447610999160540473
24919,7447921756712488242
24920,7447633693587393832
24921,7447656612921101583
24922,7447558550194343227
24923,7447925303134981412
24924,7447577900917837119
24925,7447624460330470714
24926,7447629763746778394
24927,7447610888242105658
24928,7447605122332380476
24929,7447923029495008563
24930,7447575129619533113
24931,7447922204831927563
24932,7447561093892853031
24933,7447915605836959033
24934,7447578616910597436
24935,7447562709438090554
24936,7447921508334308643
24937,7447649372336180516
24938,7447920576926174515
24939,7447918465274383674
24940,7447919401996733705
24941,7447916559923809571
24942,7447647464653442361
24943,7447915518993992998
24944,7447570011478150460
24945,7447667299055619368
24946,7447915704973561122
24947,7447566061026774323
24948,7447556848997190972
24949,7447564949473332489
24950,7447615247084522806
24951,7447667052191468850
24952,7447919448385785139
24953,7447924418669530428
24954,7447693205707033882
24955,7447668243344428340
24956,7447646654414474537
24957,7447585487763574073
24958,7447920939473390907
24959,7447559185476144442
24960,7447567043932458303
24961,7447640344377789731
24962,7447598182529289529
24963,7447575668331679034
24964,7447595016937131315
24965,7447578764130798905
24966,7447920360487406884
24967,7447558689201982779
24968,7447655665465576762
24969,7447924252377910554
24970,7447647184192851200
24971,7447636527456259355
24972,7447882470646730011
24973,7447563520545262883
24974,7447916526310591801
24975,7447663701605338378
24976,7447916224559844659
24977,7447565104557657385
24978,7447617405079031098
24979,7447563117459983642
24980,7447919261642755387
24981,7447919599363869992
24982,7447665366286847258
24983,7447565906097589516
24984,7447664126479895844
24985,7447557145547132187
24986,7447594582554021155
24987,7447587530163211580
24988,7447558386096344380
24989,7447561357848775962
24990,7447879941313531136
24991,7447838830196968713
24992,7447565414030200123
24993,7447624459625778484
24994,7447558946212089138
24995,7447587364291087651
24996,7447628383749557561
24997,7447922019250752826
24998,7447663461032529210
24999,7447924310116715833
25000,7447620918538439995
25001,7447923189180599609
25002,7447657053281094950
25003,7447563188607929637
25004,7447660993611664650
25005,7447629377690438948
25006,7447606299518307643
25007,7447598974581640483
25008,7447650106322455867
25009,7447666057331969290
25010,7447604633448549659
25011,7447585864923827491
25012,7447596342278491404
25013,7447670340597157179
25014,7447669134915030330
25015,7447666575081032997
25016,7447648563330387234
25017,7447917857456934181
25018,7447558706012704057
25019,7447557697282575643
25020,7447571282905795894
25021,7447916062923951398
25022,7447555549945777434
25023,7447880834071203099
25024,7447556626233478400
25025,7447596043446832419
25026,7447791236410264891
25027,7447564567493774651
25028,7447665514089942332
25029,7447662511341555004
25030,7447926214272027939
25031,7447594631283346725
25032,7447917395596905785
25033,7447657371423280399
25034,7447563690489957692
25035,7447654436920397090
25036,7447559054655835426
25037,7447666036352273718
25038,7447670117179182351
25039,7447915877590256954
25040,7447559784011681075
25041,7447916227168685346
25042,7447574049271582012
25043,7447650213256236307
25044,7447619310010387747
25045,7447617013125631247
25046,7447560093274475834
25047,7447612057043619081
25048,7447666989335629056
25049,7447568082857413946
25050,7447578253155503418
25051,7447764504558996788
25052,7447584735150279996
25053,7447926107413728552
25054,7447583373192727820
25055,7447559540138052874
25056,7447651681686310180
25057,7447661874205756706
25058,7447655063935323419
25059,7447653263333150011
25060,7447652989235465522
25061,7447642063887224079
25062,7447859113595325755
25063,7447925871320517946
25064,7447590909350366527
25065,7447745554374872377
25066,7447562777629084938
25067,7447640947459919161
25068,7447921459072158985
25069,7447559467119529254
25070,7447557121341754664
25071,7447624721132293385
25072,7447664131869658377
25073,7447556416233147667
25074,7447593225029717274
25075,7447624879861468479
25076,7447557661073116425
25077,7447648454249057595
25078,7447917481357790524
25079,7447667253748747535
25080,7447617037062376723
25081,7447560750152846592
25082,7447631737565318459
25083,7447656705271287097
25084,7447662917538843914
25085,7447915220124585253
25086,7447560926435429670
25087,7447660436238896441
25088,7447592787278581049
25089,7447559021613108540
25090,7447630877250686259
25091,7447925194880044347
25092,7447568304190852386
25093,7447587092332285234
25094,7447624322967031055
25095,7447582569282931977
25096,7447576651589881128
25097,7447661471573495066
25098,7447664830653287707
25099,7447648806050532635
25100,7447916763162987811
25101,7447664434366975266
25102,7447562156771511611
25103,7447595499735092543
25104,7447666041003543862
25105,7447557942326365499
25106,7447920814701284623
25107,7447561298151312691
25108,7447560406563900731
25109,7447600112806694204
25110,7447917848619453707
25111,7447648813327682875
25112,7447561556742737212
25113,7447653243397737786
25114,7447581489312582962
25115,7447614577996500283
25116,7447669773355273524
25117,7447920066898775350
25118,7447563535741226279
25119,7447588376817028379
25120,7447583018241264948
25121,7447920056350067994
25122,7447586821250338100
25123,7447592445698723110
25124,7447686180809854235
25125,7447563242097921339
25126,7447564041620360458
25127,7447574436577807674
25128,7447663976407633179
25129,7447662599350603067
25130,7447593981631941899
25131,7447659192166419723
25132,7447666221278858506
25133,7447923636503186747
25134,7447649667489221898
25135,7447593395570101523
25136,7447581310941498664
25137,7447924199034785083
25138,7447666482873453882
25139,7447662300066057529
25140,7447923603561041179
25141,7447668561205562681
25142,7447612558808255804
25143,7447558459073072396
25144,7447662231908584731
25145,7447663400303283492
25146,7447571109702094140
25147,7447564483897068815
25148,7447918107756170530
25149,7447922020014148922
25150,7447627103333272844
25151,7447641595492519203
25152,7447920622459522339
25153,7447560441531780363
25154,7447921527737126201
25155,7447562586054200588
25156,7447671415089810738
25157,7447606738099981606
25158,7447668650347220260
25159,7447781104129559867
25160,7447926606422740281
25161,7447607880066403599
25162,7447915746098728246
25163,7447560831866293545
25164,7447859606509980980
25165,7447641048660184360
25166,7447568116911017268
25167,7447556814054395187
25168,7447627783590776091
25169,7447922894564330811
25170,7447916328419069236
25171,7447667717181607194
25172,7447566560249646396
25173,7447578766152453415
25174,7447656791904718140
25175,7447633821907864890
25176,7447816909678071103
25177,7447913934218120488
25178,7447567547278331195
25179,7447922766281575739
25180,7447559414644509952
25181,7447646724681731328
25182,7447579756423318822
25183,7447668825530633531
25184,7447558329020304650
25185,7447836303409843514
25186,7447586881602063650
25187,7447842363659046180
25188,7448134675723210019
25189,7448183926075444532
25190,7448145234845814067
25191,7448169819695746340
25192,7448212222225943866
25193,7448192867303968050
25194,7448093226243771657
25195,7448065817251450175
25196,7448224965024861479
25197,7448077695386258746
25198,7448209485836897595
25199,7448081402521849148
25200,7448235172215999802
25201,7448120928703204642
25202,7448144246974074153
25203,7448208326963318068
25204,7448211417058004243
25205,7448092115239750924
25206,7448150307839823158
25207,7448256615792266556
25208,7448086726263852345
25209,7448163988937985338
25210,7448122366221225273
25211,7448125935250967808
25212,7448129370276810019
25213,7448161403866795318
25214,7448170162030726409
25215,7448130613023935763
25216,7448175374690766130
25217,7448194166590360859
25218,7448030033429433663
25219,7447947296966249782
25220,7448114933788708108
25221,7448205862151130409
25222,7448056598251031862
25223,7448091823043513600
25224,7448224577680985354
25225,7448213292016749864
25226,7448150149592894747
25227,7448229764416015668
25228,7448190282501197097
25229,7448156879261273378
25230,7448089795395390770
25231,7448234117847649576
25232,7448203947396959503
25233,7448188654511459599
25234,7448241342280453391
25235,7448162056311819559
25236,7448268094922951993
25237,7448125946214829371
25238,7448259891824741691
25239,7448178290466000162
25240,7448272431879425292
25241,7448214120316325158
25242,7448200066109656359
25243,7448180141131336987
25244,7448204024391683328
25245,7448292342240513317
25246,7448232914354965799
25247,7448247987203083558
25248,7448200478007069986
25249,7448093831800638755
25250,7448232509135015194
25251,7448160599495839017
25252,7448247157158612282
25253,7448028742707842364
25254,7448284772779953466
25255,7448089653611138314
25256,7448117812146605366
25257,7448110917046259001
25258,7448249992168475904
25259,7448109863651118395
25260,7448217836838817063
25261,7448117909617904955
25262,7448067156975095050
25263,7448194300690582796
25264,7447927157814234428
25265,7448240376437099834
25266,7448051712180440360
25267,7448094460434566459
25268,7448144294872960314
25269,7448173345322945830
25270,7448103987229871419
25271,7448163652567436553
25272,7448256094918446393
25273,7448026244857253170
25274,7448188056005332274
25275,7448042915273788732
25276,7447993032194002236
25277,7448240659305155899
25278,7448227144896941375
25279,7448191698083122458
25280,7448274263271869734
25281,7448255875535490362
25282,7448267690830990631
25283,7448230625938509065
25284,7447933223943884084
25285,7448186387184078115
25286,7448149186186366267
25287,7448292688576679177
25288,7447927684459547915
25289,7448189904095415563
25290,7448234081537592634
25291,7448116667399327013
25292,7448148964878142759
25293,7448180227798289702
25294,7448065340510096698
25295,7448222470009589027
25296,7448143988839697690
25297,7448252610009664804
25298,7448255563491790137
25299,7448070936969973050
25300,7448161300074646821
25301,7448134320964865318
25302,7448088168294829339
25303,7448182801091841331
25304,7448271335421250866
25305,7448169233550265657
25306,7448139511361457467
25307,7448227281455123731
25308,7448083400696663308
25309,7448050171914620214
25310,7448157656776265000
25311,7448051995652427018
25312,7448281264005713163
25313,7448077463852305703
25314,7448076616325958949
25315,7448181947462880553
25316,7448196622858734867
25317,7448096243647089920
25318,7448148200164183353
25319,7448105007439777050
25320,7448100238348389667
25321,7448200489511947572
25322,7448054935452683546
25323,7448198787547303226
25324,7448048684949966099
25325,7448070236785495306
25326,7448238080949013800
25327,7448130096566635817
25328,7447937722842352948
25329,7448218060814650684
25330,7448142580841336122
25331,7448173225193786681
25332,7448224140084989193
25333,7448063231454711075
25334,7448203319958392104
25335,7448080988615363881
25336,7448252283244137737
25337,7448288293306912054
25338,7448248256372509978
25339,7447955728863644964
25340,7448228139789978939
25341,7448084063623171388
25342,7448103165146238208
25343,7448150107226148136
25344,7447931094063762746
25345,7448127015569395002
25346,7448090377829027130
25347,7448055248008072506
25348,7448108748154981642
25349,7448093382129290546
25350,7448258764878236937
25351,7448105136871820578
25352,7448260930007272762
25353,7448125767730351419
25354,7448100688401403188
25355,7448100366786284840
25356,7448167911514049842
25357,7448077138311351612
25358,7448056294046469434
25359,7448090486755069234
25360,7448124693015448847
25361,7448146807563013433
25362,7448067429927849275
25363,7448193752658693386
25364,7447994711597436194
25365,7448062663977962811
25366,7448059367917735177
25367,7448049919719476538
25368,7448265473495502116
25369,7448079392888130868
25370,7448075700130598194
25371,7448103270289018172
25372,7448033348775071036
25373,7448242146785742118
25374,7448209735226084623
25375,7448243097164647714
25376,7448214358796012860
25377,7448233314827226422
25378,7447932315344342312
25379,7448131346347625785
25380,7447935836466859321
25381,7447975071844519180
25382,7448032476494073138
25383,7448193623709076796
25384,7447933321813757196
25385,7448182062613318962
25386,7447940324699180325
25387,7448176609716211004
25388,7448276893280783668
25389,7448160352765742387
25390,7448153895513247011
25391,7448083110677302587
25392,7448165978560548156
25393,7448244581906320700
25394,7448093820018855222
25395,7448093647863565608
25396,7448230929111239947
25397,7448253108251053369
25398,7448215331400715577
25399,7448238302106275129
25400,7448034399737646388
25401,7448150160783297819
25402,7448109512814251322
25403,7448069427091885371
25404,7448162513511845139
25405,7448125768749681947
25406,7448247835025313084
25407,7448098349292604729
25408,7448081764632874298
25409,7448254076493548827
25410,7448078653910420786
25411,7448179553928826164
25412,7448082706279271692
25413,7448104579562097946
25414,7448226535296879912
25415,7448237482375695667
25416,7448067174389828900
25417,7448120497499311420
25418,7448180015776238874
25419,7448123981938412863
25420,7448088024266673444
25421,7448144458362785075
25422,7448189643931012415
25423,7448293793297681727
25424,7447946372487089423
25425,7448218881467960610
25426,7448045410347748619
25427,7448235417738038540
25428,7448113373348121882
25429,7448172891427884326
25430,7448204078762544403
25431,7448237257288338707
25432,7448123764895796518
25433,7448126423916760370
25434,7448219001777425721
25435,7448096849459793162
25436,7448164469999471907
25437,7447985643872980287
25438,7448056636662435129
25439,7448120945136471353
25440,7448246782821141819
25441,7448256952343252233
25442,7448218717923691786
25443,7448048361011154188
25444,7448138212121300281
25445,7448083700111117604
25446,7448072941025201467
25447,7448246659579956540
25448,7448081237777845514
25449,7448161321624915200
25450,7448057245323021625
25451,7448151559248137482
25452,7448289320403848499
25453,7448089901469289788
25454,7448199623249808677
25455,7448230730380987705
25456,7448285402185682235
25457,7448026172782349618
25458,7448218335059135803
25459,7448101846536834363
25460,7448225991857573129
25461,7448215661207244092
25462,7448209197407194377
25463,7448241365089111354
25464,7448281827233631497
25465,7448089419799629115
25466,7448222053976624444
25467,7448257884304968996
25468,7448058716793916712
25469,7448134891193044275
25470,7447932497154936100
25471,7448196133702126885
25472,7448283821860064548
25473,7448053428061752633
25474,7448099775473290554
25475,7448087158394506522
25476,7448053654927559986
25477,7448185833451982121
25478,7448122053296737548
25479,7447950922258468150
25480,7448178712681499931
25481,7448120720007154959
25482,7448009278113189135
25483,7448242881082445114
25484,7448089316645031228
25485,7448236100658777403
25486,7448100627214781754
25487,7448119914998631690
25488,7448251930448497972
25489,7448060793381211452
25490,7448233415926697266
25491,7448287477288144178
25492,7448097985122045238
25493,7448154206436871439
25494,7447933982072753423
25495,7448097592757505338
25496,7448108079347961107
25497,7448139249314008330
25498,7448131080533609738
25499,7448229537017597221
25500,7448152657300163897
25501,7448128033443073338
25502,7448157071574420773
25503,7448190384259288357
25504,7448097844566723866
25505,7447941036267015435
25506,7448195075223342362
25507,7447930221111561482
25508,7448233823466278154
25509,7448140185038015783
25510,7447927256124542249
25511,7448016366793248015
25512,7448058109446081846
25513,7448254082931756347
25514,7448248942975880489
25515,7448265703431343418
25516,7448268300246682880
25517,7448086312852196667
25518,7448006798293896460
25519,7448238953200766248
25520,7448095614350544168
25521,7448106262551629115
25522,7448239460338175290
25523,7448167863187180827
25524,7448058392272276736
25525,7448114910820732200
25526,7448272535193668916
25527,7448159578300140815
25528,7448163378427596084
25529,7448178014401072418
25530,7448189440381455666
25531,7448238753874840892
25532,7448067546789514554
25533,7448113439936908554
25534,7448108477400010035
25535,7448256496694988089
25536,7448083336314080575
25537,7448067076666772795
25538,7448098488438574346
25539,7448288280656776498
25540,7448203366162812217
25541,7448261972438682917
25542,7448113618723343667
25543,7448119223986949436
25544,7448234871735995688
25545,7448105879251012901
25546,7448135343745879332
25547,7447997288854687026
25548,7448284605918104891
25549,7447927250223123770
25550,7448167037316173066
25551,7448151147031956771
25552,7448113913415126310
25553,7448100727706176806
25554,7448174413268159795
25555,7448092338087316788
25556,7448151633655106868
25557,7448286049282952506
25558,7447940369326542121
25559,7448101844494077243
25560,7448027268200369449
25561,7448011855647362323
25562,7448117110150057276
25563,7448220371498634531
25564,7448109724517600522
25565,7448125850395970876
25566,7448098699965730048
25567,7448262127300693267
25568,7448169549356190976
25569,7448238372037856539
25570,7448264133109140799
25571,7448135206558567699
25572,7448091424161025331
25573,7448232901369515321
25574,7448196790186200329
25575,7448243984792685882
25576,7448059078191959322
25577,7448207237299834148
25578,7448235640296164620
25579,7448072920070507828
25580,7448197710622035237
25581,7448266203816070459
25582,7448181733805149467
25583,7448043291993541899
25584,7448158677661404428
25585,7448198703631912252
25586,7448275648814042405
25587,7448243920389147941
25588,7447945982890806567
25589,7448145463938731314
25590,7448201307116047635
25591,7448044525962022170
25592,7447933469809741092
25593,7448278470972427556
25594,7448221884136607017
25595,7448250569539571004
25596,7448165530881576202
25597,7448044238882786569
25598,7448211900166393115
25599,7448244456194575642
25600,7448108145999727932
25601,7448058020119973179
25602,7448089904485109030
25603,7448127615376084239
25604,7448209901958024506
25605,7448283629739937062
25606,7448139366649711930
25607,7448010428476673280
25608,7448250626468793611
25609,7448009797301062972
25610,7448019416547085628
25611,7448104738555546932
25612,7448198184330923290
25613,7448126036895730971
25614,7448248953931320614
25615,7448238148590538024
25616,7448124811080977700
25617,7448226757527768379
25618,7448149613770558720
25619,7448129994531835163
25620,7448245055535516968
25621,7448072699189955876
25622,7448041437775564091
25623,7448197921117457679
25624,7448159628594072867
25625,7448097503876025609
25626,7448086914260946227
25627,7448226913581059362
25628,7448232914355047719
25629,7448062851308113178
25630,7448021842469653814
25631,7448228992651447612
25632,7448178647594274085
25633,7448118133832895754
25634,7448275290968624418
25635,7448096923883474185
25636,7448263520409406778
25637,7448150865443114240
25638,7448163079822658876
25639,7448260846095961371
25640,7448212893918579995
25641,7448128713545354550
25642,7448170448094874919
25643,7448255234993900857
25644,7448187411579882812
25645,7448176529735044386
25646,7448073993342471439
25647,7447935275394698554
25648,7448087879877774628
25649,7448283629999918373
25650,7448052299525541157
25651,7448149193107049763
25652,7448249782067268879
25653,7448229527907568936
25654,7448274699223616826
25655,7448152711041797434
25656,7448247200875908364
25657,7448202442266742076
25658,7448059868881243403
25659,7448242663863749951
25660,7448159664472083746
25661,7448247231829921082
25662,7448234361591205170
25663,7448065276500823346
25664,7448160921719016762
25665,7448155814788975872
25666,7448204415015603468
25667,7448234815704272186
25668,7448277829940235571
25669,7448269258863152442
25670,7447968453819993395
25671,7447948375799991611
25672,7448051066777734454
25673,7448236708618833163
25674,7448191031083928871
25675,7447926599304990002
25676,7448037665447972156
25677,7448147810353990921
25678,7447948805376429363
25679,7448046089145519418
25680,7448044901780032783
25681,7448220235968122138
25682,7447950438147657010
25683,7447968286114860297
25684,7448221729454853435
25685,7448070482517085498
25686,7448281927137709312
25687,7448167090470538550
25688,7448125054098918665
25689,7447929793888144703
25690,7448271295122279715
25691,7448090823369018661
25692,7448168241630940427
25693,7448195849370340667
25694,7448285697095617851
25695,7448114160753315084
25696,7448242481977855242
25697,7448153174273215756
25698,7448211734696971577
25699,7447934224419589388
25700,7448234349410962745
25701,7448209488290581819
25702,7448122045700771091
25703,7448156111393393956
25704,7448224149996064058
25705,7448156804841803023
25706,7448243881268858127
25707,7448261537401261352
25708,7448198599302827302
25709,7448216902641405235
25710,7447939768475798843
25711,7448163168372690233
25712,7448110594957266234
25713,7448029755816922403
25714,7448061190829296953
25715,7448264606352428328
25716,7448214354131963170
25717,7448262067460525375
25718,7448252795527974203
25719,7448219450098126116
25720,7447965630361292067
25721,7448123491750120764
25722,7448058488904830266
25723,7448132318268591401
25724,7448223121057910079
25725,7448263675447758132
25726,7448223534427426088
25727,7448030194666900771
25728,7448255862075919635
25729,7448117582126730554
25730,7448280615373278474
25731,7448046425256086835
25732,7448201753532615993
25733,7448108368830549302
25734,7448178652321254671
25735,7447987493443489083
25736,7448096126059711802
25737,7448264077203262730
25738,7447949248609389883
25739,7448040688991669564
25740,7448068314909117732
25741,7448150622190259456
25742,7448079519409327411
25743,7448061660419362075
25744,7448276545552043276
25745,7448076876611865896
25746,7447930737355001103
25747,7448238081863339283
25748,7448215241122450739
25749,7448085583169096971
25750,7448044429513936163
25751,7448228881942859018
25752,7447977951301242166
25753,7448060021163822376
25754,7448125674616884489
25755,7448234565807705371
25756,7448187383360523579
25757,7448251149771246887
25758,7448084435381112123
25759,7448121192940178746
25760,7448096969165180195
25761,7447972180282936576
25762,7448092849121348902
25763,7448250023512460604
25764,7448164996275621177
25765,7448091607108209939
25766,7448243929234804019
25767,7448248824713268480
25768,7448149984718900537
25769,7448238892479761673
25770,7448032887259123002
25771,7448021074278731023
25772,7448132632564616483
25773,7448151106263223562
25774,7448163542051671331
25775,7448052994236583205
25776,7448040271562034489
25777,7448262654596025658
25778,7448242707777998118
25779,7448041021386083644
25780,7448038808236444988
25781,7448237650936466688
25782,7448223941757242659
25783,7448258085895949628
25784,7448253859937455417
25785,7448156478424239398
25786,7448134956963908922
25787,7448246850538310938
25788,7448244826174131467
25789,7448276468280364315
25790,7448214594742537498
25791,7448267110414880011
25792,7448261755056229658
25793,7448214392421879050
25794,7448296263528828195
25795,7448258049187302715
25796,7448259645640068411
25797,7448268064577097010
25798,7448108871232572684
25799,7448253018404965673
25800,7448124631778594087
25801,7448256694867578149
25802,7448154341451615527
25803,7448087377450470665
25804,7448050604003314995
25805,7447931115542744347
25806,7448262289641246006
25807,7448146838730951948
25808,7448069387229072692
25809,7448292761180048655
25810,7448015543543598371
25811,7448134227817762111
25812,7448030904661855523
25813,7448017437334785315
25814,7448083486772120870
25815,7448209929480981772
25816,7448195597988941110
25817,7448143532566515007
25818,7448107569706536232
25819,7448220931765407036
25820,7448058224432942395
25821,7448268514747583803
25822,7448285019006700809
25823,7448081556104564003
25824,7448170036000214335
25825,7448066839671835956
25826,7447932895068441908
25827,7448073681500114233
25828,7448154690065370431
25829,7448099242104589606
25830,7448020020300483877
25831,7448126217376501052
25832,7448260775950519579
25833,7448030693407378699
25834,7448016512440339724
25835,7448053037475581210
25836,7448164598999452939
25837,7448181857574767926
25838,7448106614000717113
25839,7448274888361512250
25840,7448191615560174899
25841,7448171463556746508
25842,7448180705172983100
25843,7448267827267571003
25844,7447930445502762299
25845,7448283225484578074
25846,7448256037934746937
25847,7448181304031448377
25848,7448092441242062138
25849,7448050726242192698
25850,7448103673999183131
25851,7448110970746047744
25852,7448106966703951143
25853,7447975190438366527
25854,7448042443536174387
25855,7448199392307219747
25856,7448267167394565430
25857,7448283543836314899
25858,7448206826828582202
25859,7448101885296282915
25860,7448132132473523507
25861,7448104567146908955
25862,7448267686951390514
25863,7448045216734514472
25864,7448112116579552572
25865,7448054461982985512
25866,7447999971313470780
25867,7448047391057415461
25868,7447937707797531930
25869,7448033289648049442
25870,7448080705013255443
25871,7448184845487983931
25872,7447928042275540282
25873,7448261894160256314
25874,7447968162227785012
25875,7448057365729004850
25876,7448134852605447484
25877,7448135667139300665
25878,7448096237879954723
25879,7448277773103238410
25880,7447934632508574985
25881,7448130493108784423
25882,7448103260667399462
25883,7448188426957901096
25884,7448295208099384613
25885,7448242899373804836
25886,7448023829777042739
25887,7448245870601964809
25888,7448185410204798234
25889,7448101077603437861
25890,7448038543168982298
25891,7448114321504161081
25892,7448223231430921529
25893,7448036154374393115
25894,7448262998122188073
25895,7448060383388011787
25896,7448215443652775195
25897,7448116906655059238
25898,7448225293141118223
25899,7448202572680236300
25900,7448205031595117865
25901,7448202596868836643
25902,7448260020069764361
25903,7448186376954072360
25904,7448282836404030761
25905,7447998284506893631
25906,7448100272771026234
25907,7448130465988414779
25908,7448194151302106422
25909,7448159709326036275
25910,7448043889795042587
25911,7448284505472896290
25912,7448250980887465275
25913,7448069353276247355
25914,7448105676099915067
25915,7448226006550285627
25916,7448259401699429682
25917,7448185124321037595
25918,7448275576529440009
25919,7448071116695899427
25920,7448153403420675388
25921,7448128696768122122
25922,7448079094157266236
25923,7448278134106901795
25924,7448234356419595535
25925,7448185445957094708
25926,7447953605342006585
25927,7447959777147227452
25928,7448250863635713331
25929,7448093356535647515
25930,7448052093438430522
25931,7448191062490860859
25932,7448265410039811363
25933,7448138675952569658
25934,7448111189952843042
25935,7447968542646996284
25936,7448112244279315723
25937,7448121213802532111
25938,7448084660418088233
25939,7448274300206959909
25940,7447933776581217555
25941,7448104122131254588
25942,7448262273971408188
25943,7448223474608311602
25944,7448259505281895691
25945,7447973208977984808
25946,7448192712316030217
25947,7448095712098798883
25948,7448117993155972412
25949,7448145804369333562
25950,7448228145951477052
25951,7448093424017739060
25952,7448249015633808640
25953,7448108702961257768
25954,7448279954934009128
25955,7448205594584042787
25956,7448283224083533097
25957,7448021704741358905
25958,7448204036441935162
25959,7448117143830351161
25960,7448123619030469926
25961,7448124769309871423
25962,7448165948487503104
25963,7448183021259312411
25964,7448276938872851747
25965,7448088537171316022
25966,7448082103876570380
25967,7447969641328151865
25968,7448047462897536313
25969,7448169298180181286
25970,7448251099615710502
25971,7448236648099220796
25972,7448240168814808378
25973,7448140544288542009
25974,7448194452713246002
25975,7448205854421126409
25976,7448117435720355131
25977,7448111986145037602
25978,7448150223228112182
25979,7448277942653832475
25980,7448036548978691362
25981,7448128115827658020
25982,7448107359836114234
25983,7448239969434357051
25984,7448077777695296768
25985,7448042961767501116
25986,7448138511091322151
25987,7448142071304637737
25988,7448296978867358995
25989,7448225253169401145
25990,7448132864035638579
25991,7448132966850546959
25992,7448164317179956495
25993,7448066746830949642
25994,7448171651826486586
25995,7447963991692905780
25996,7448248593049242915
25997,7448019072454839593
25998,7448112765673246009
25999,7448057232811412795
26000,7448052942856359203
26001,7448142360568974618
26002,7448230223209843994
26003,7448115776613141801
26004,7448033797934714112
26005,7448069413472832827
26006,7447928357666295051
26007,7448049930935061810
26008,7448134678558690598
26009,7448049264451669299
26010,7448206491120667964
26011,7448114420070272297
26012,7447934600539622690
26013,7448235382942092594
26014,7448286723051736332
26015,7448225135267466523
26016,7448209274225839400
26017,7448148821269351720
26018,7448198036943047993
26019,7448100326453955900
26020,7448237532942208256
26021,7447939447041133881
26022,7448092920911056128
26023,7448055722157362470
26024,7448155959395945754
26025,7448232534531411236
26026,7448238148179578170
26027,7448080689192275250
26028,7448246498694909242
26029,7448015274940452156
26030,7448209807720320306
26031,7448203582345612579
26032,7448062271227448587
26033,7448245548429167930
26034,7448148114483006729
26035,7448249730695548195
26036,7448164365053791545
26037,7448086364588952841
26038,7448126331755253027
26039,7448257427172068662
26040,7448168531213946171
26041,7448263194948160768
26042,7448173396556369206
26043,7447935732238404874
26044,7448155026452761915
26045,7448053038184500491
26046,7447934803028053298
26047,7447927210972859708
26048,7448240800657345827
26049,7448100257910557952
26050,7447947344542289210
26051,7448254173319007548
26052,7448055971198356788
26053,7448061536221842740
26054,7448287722432679203
26055,7448257750406024487
26056,7448233042059054395
26057,7448237442127219994
26058,7448116146307386658
26059,7448095914138307855
26060,7448068144930786595
26061,7448041183118380347
26062,7448159206374477056
26063,7448109267481103676
26064,7448201452238933283
26065,7448274445656984889
26066,7448137492273876224
26067,7448106718518578443
26068,7448114090704194870
26069,7448199066829294857
26070,7448231853221252362
26071,7448281278668901668
26072,7448133479386205497
26073,7448064988859714870
26074,7448070076701363467
26075,7448175268516203830
26076,7448246553338203451
26077,7448288477378055476
26078,7448257482457173302
26079,7448047594980314378
26080,7448219392405458215
26081,7448123773024242953
26082,7448203112650689832
26083,7448070695612943655
26084,7448186689211714828
26085,7448063607503473956
26086,7447939998910778634
26087,7448136993768312116
26088,7448249368383130937
26089,7448167165729033513
26090,7448255529736064268
26091,7448210056836894009
26092,7448232427782278400
26093,7448265808850980134
26094,7448260909761400121
26095,7448109684134923574
26096,7448254468212182324
26097,7448084585071578420
26098,7448240769674022203
26099,7448090962531798324
26100,7448114343167675658
26101,7448092019211111737
26102,7448141795088698661
26103,7448174691212168484
26104,7448080427996187943
26105,7448258432919981348
26106,7448054141819079988
26107,7448116823142206731
26108,7448214667886939402
26109,7448230243116076346
26110,7448124902009359674
26111,7448153577370979593
26112,7448048979650055461
26113,7448199320370793737
26114,7448282878703619354
26115,7448044232352337187
26116,7448121776787164416
26117,7448143124649512250
26118,7448235045610867995
26119,7448014303631904037
26120,7448082585990860043
26121,7448148225015500090
26122,7448048285476031781
26123,7448069412243934521
26124,7448274981127064883
26125,7447928756364201216
26126,7448248248541760783
26127,7448259071867653412
26128,7448164635292749114
26129,7448108435444419874
26130,7448194799624113466
26131,7448248920771169555
26132,7448173925181246770
26133,7448152116608191796
26134,7448109841748462857
26135,7448220737116081445
26136,7448203474812063014
26137,7447998019389230375
26138,7448295563738582330
26139,7448221939040079158
26140,7448047559450447119
26141,7448288641387941135
26142,7448212827157826852
26143,7448079246297238841
26144,7448281246909648188
26145,7448079810032602402
26146,7448178948611132687
26147,7448118944537349395
26148,7447995269846781241
26149,7448032667481771301
26150,7447948333211028770
26151,7448242227253464383
26152,7448107119418625306
26153,7448234929621716234
26154,7448125240200187193
26155,7448063062659075367
26156,7448042998996208896
26157,7447936954265586983
26158,7448128873369308466
26159,7448207242316254523
26160,7448224498655972646
26161,7448222049769704761
26162,7448205974155906313
26163,7448158154841476386
26164,7448048226059455802
26165,7448086237920939264
26166,7448162011998899510
26167,7448248486400675122
26168,7448231802193399049
26169,7448128592979987746
26170,7447928757320535308
26171,7448119484235173178
26172,7448045100933877019
26173,7448274504683506971
26174,7448125008196554035
26175,7448099498804448569
26176,7448027168698830130
26177,7448160351016832307
26178,7448267489865223482
26179,7448135335076252987
26180,7448256980734479657
26181,7448112563029642506
26182,7447982557850864936
26183,7448136817875914011
26184,7448263574654356794
26185,7448035413727431945
26186,7448059339899735334
26187,7447994318645742886
26188,7448296906251373876
26189,7448057021812804922
26190,7448143413075053862
26191,7448175338871377203
26192,7448023933120449804
26193,7448145182576479539
26194,7448163041885113640
26195,7448254723041299721
26196,7448093197223365926
26197,7448071845129112889
26198,7448044338782670116
26199,7448279552251415845
26200,7448279560833092927
26201,7448284736297930020
26202,7448265111527034169
26203,7448168417405766972
26204,7448275444333366585
26205,7448099357624241445
26206,7448230891245096243
26207,7448189788143865147
26208,7448210232959913266
26209,7448057792646090035
26210,7448222180699114792
26211,7448160555048783123
26212,7448158058162785573
26213,7448239879655329082
26214,7447938352621342012
26215,7448196102450400562
26216,7448028696436280633
26217,7448099810093190400
26218,7448178426227248443
26219,7448162190353288507
26220,7448072645117054267
26221,7448195441461693733
26222,7448064685481528634
26223,7448096424664763689
26224,7448071452382874880
26225,7448245354962701602
26226,7448198239968431419
26227,7448110598610488610
26228,7448061032087424291
26229,7448048026607783178
26230,7448239885758008635
26231,7448249450281176356
26232,7447976094252223803
26233,7448265415618235705
26234,7448130361306942747
26235,7448026683053051163
26236,7448243931722140943
26237,7448196860570766629
26238,7448140673062112512
26239,7448476617862614308
26240,7448375962502286628
26241,7448630191720582458
26242,7448620782344834313
26243,7448650760667057423
26244,7448658934828748051
26245,7448506120475348274
26246,7448477469901901056
26247,7448999953344548150
26248,7448827361711213835
26249,7448848194689043724
26250,7448992047156972815
26251,7449007249999154484
26252,7448985951373675795
26253,7448910702816906515
26254,7448803275572284723
26255,7448988044910185787
26256,7449005858932968731
26257,7448999791175929148
26258,7448764575459167540
26259,7448970032408710458
26260,7448870406699765049
26261,7449353907727371579
26262,7449267527303187712
26263,7449289461671775500
26264,7449183213991365945
26265,7449117959668157730
26266,7449323351077571903
26267,7449177461063044363
26268,7449340449086606592
26269,7449303828970704167
26270,7449389403950075196
26271,7449300580272491814
26272,7449079576610835771
26273,7449271035959987519
26274,7449398582563605798
26275,7449266929195371785
26276,7449304073246870841
26277,7449311003579370810
26278,7449354276184378684
26279,7449384966498078011
26280,7449229557065911611
26281,7449496322790444346
26282,7449434930351803675
26283,7449505630009806140
26284,7449475168222629161
26285,7449509224939392296
26286,7449528238272957733
26287,7449499544150232372
26288,7449744089588845884
26289,7449770055979552012
26290,7449414267603897657
26291,7449773707234512188
26292,7449776986664324409
26293,7449780455479512377
26294,7449528667014745356
26295,7449585772669177099
26296,7449414460550155583
26297,7449490883554200858
26298,7449750830627949884
26299,7449444997650238757
26300,7449596199243468071
26301,7449734540676959551
26302,7449522282814328122
26303,7449735994665979147
26304,7449510429539290383
26305,7449505068589550858
26306,7449510748344143145
26307,7449492512437292299
26308,7449731266016005434
26309,7449430708990364966
26310,7449781593712971049
26311,7449520350238346530
26312,7449500625030745359
26313,7449518210895973644
26314,7449517262542736698
26315,7449614135270182178
26316,7449710071463841050
26317,7449739547073580340
26318,7449518783112170763
26319,7449710557374074139
26320,7449498802194484530
26321,7449510802454908214
26322,7449503475450334499
26323,7449487782944328987
26324,7449676831420189989
26325,7449738832607546662
26326,7449501376574541068
26327,7449565209846402313
26328,7449444160488148261
26329,7449414543152794940
26330,7449614465315687715
26331,7449614922989833529
26332,7449446332550434048
26333,7449780695234399507
26334,7449482173729574144
26335,7449613709065882915
26336,7449768340769262902
26337,7449493061727538495
26338,7449514545548217634
26339,7449747996528479523
26340,7449501660608531746
26341,7449435706847431936
26342,7449488562673831220
26343,7449731067310787849
26344,7449423941157883175
26345,7449520745547320626
26346,7449672731576028453
26347,7449687329947667771
26348,7449617695424711994
26349,7449586229689077007
26350,7449729122034568505
26351,7449638724247326012
26352,7449728501722189119
26353,7449715355204750592
26354,7449514412215520547
26355,7449692479579884857
26356,7449503338846080292
26357,7449589220949232923
26358,7449764215612607783
26359,7449595913116388668
26360,7449552392527285514
26361,7449567307367550265
26362,7449671272117701900
26363,7449551816737426740
26364,7449485849588256000
26365,7449696931170897210
26366,7449669115276512571
26367,7449668048576892196
26368,7449614529358515466
26369,7449687822786628922
26370,7449748537371364642
26371,7449428574471310629
26372,7449504893662006565
26373,7449729372489043209
26374,7449538311074368803
26375,7449738502754913571
26376,7449588272449293602
26377,7449615027016863013
26378,7449754569829027110
26379,7449761718110014771
26380,7449635833247730979
26381,7449607309539511612
26382,7449576638527917353
26383,7449632311995419942
26384,7449687873256705331
26385,7449559292329381178
26386,7449707581179841842
26387,7449708734672080180
26388,7449609720752557375
26389,7449674733156633875
26390,7449627863772302644
26391,7449664784863120699
26392,7449553325051202816
26393,7449557346965048639
26394,7449518135197158675
26395,7449743090035871033
26396,7449591787812932924
26397,7449660196613377338
26398,7449690670618447114
26399,7449505390963789082
26400,7449623371328884027
26401,7449628922301451535
26402,7449600195844787483
26403,7449592670340664595
26404,7449565182973545791
26405,7449535587272461595
26406,7449640149224279306
26407,7449570815491902779
26408,7449660476583087394
26409,7449625322712059136
26410,7449665404730903844
26411,7449670253077908787
26412,7449658223126220083
26413,7449677071871135034
26414,7449413479296994587
26415,7449510643444534569
26416,7449588502649392436
26417,7449542814096018746
26418,7449701461342178617
26419,7449758000962719002
26420,7449771190991752463
26421,7449623092361530624
26422,7449603695731330319
26423,7449701093090643237
26424,7449508092934360379
26425,7449557516444241167
26426,7449537519009451304
26427,7449701905342745914
26428,7449727410234248506
26429,7449714578096753947
26430,7449535880143981874
26431,7449597851186793767
26432,7449679895912779049
26433,7449741067940924729
26434,7449719341202836793
26435,7449743065880743228
26436,7449698916989242661
26437,7449530029655985449
26438,7449579478012923146
26439,7449658769404988712
26440,7449620172081630523
26441,7449614481803480371
26442,7449764100365765923
26443,7449742282439265599
26444,7449598545889365263
26445,7449628712162626852
26446,7449730372679535930
26447,7449775985240673574
26448,7449421018751421748
26449,7449519325104327947
26450,7449524586502262076
26451,7449724672104598794
26452,7449715911881231666
26453,7449554805644627238
26454,7449572992000052538
26455,7449570387781750016
26456,7449587427104066875
26457,7449508563761909011
26458,7449722524637711656
26459,7449689883339164985
26460,7449460841302199610
26461,7449674960559279387
26462,7449658239735565606
26463,7449707262244965671
26464,7449682419591941426
26465,7449750150169251131
26466,7449725284732915007
26467,7449495125723516175
26468,7449670582217575699
26469,7449643180695326012
26470,7449684256806227260
26471,7449659607141600538
26472,7449710624214519040
26473,7449675704490282277
26474,7449520189575564603
26475,7449729183074536730
26476,7449667695408188710
26477,7449423936711937299
26478,7449544605449620793
26479,7449767620032711999
26480,7449523350541585716
26481,7449735394821754152
26482,7449756657027992890
26483,7449533730273758505
26484,7449420883074059577
26485,7449666681086987571
26486,7449721471892573490
26487,7449704328803142952
26488,7449683561516387644
26489,7449634450335403299
26490,7449545669209099580
26491,7449560031416159497
26492,7449556219041221915
26493,7449566233424317750
26494,7449512065753976114
26495,7449646562164231483
26496,7449749586899422522
26497,7449587638685764921
26498,7449575167061151028
26499,7449652561470082363
26500,7449715811985411362
26501,7449723004763770149
26502,7449586579246468379
26503,7449547519656348985
26504,7449585930635119932
26505,7449534922957589819
26506,7449594515540823330
26507,7449699856458845466
26508,7449528267222142223
26509,7449550956687035688
26510,7449723339452468538
26511,7449517007227145522
26512,7449495146074213672
26513,7449608037536386315
26514,7449751471081459001
26515,7449538014809689359
26516,7449679009706741042
26517,7449758490828033337
26518,7449555087988362550
26519,7449422019176697145
26520,7449621927330630951
26521,7449699659838197050
26522,7449711893297564985
26523,7449739070680370447
26524,7449526340199468315
26525,7449742062401998139
26526,7449617243861749011
26527,7449489075867782440
26528,7449668018881285436
26529,7449587955976490290
26530,7449761603593063721
26531,7449843802753305891
26532,7449864473403280698
26533,7449873471070309691
26534,7449863963942128936
26535,7449858765899222331
26536,7449924909238668570
26537,7449868649537522954
26538,7449823717720329506
26539,7450024044700683554
26540,7449869193136065811
26541,7449886280718077195
26542,7449898568262896933
26543,7449881712676408633
26544,7449880226361904422
26545,7449836030552722747
26546,7449861114436848953
26547,7449883251725929788
26548,7449896390081170703
26549,7449891256366288169
26550,7449786406613863740
26551,7449882370171211049
26552,7450048002263141641
26553,7449851540954680636
26554,7449841905128590655
26555,7449891221780057381
26556,7449895131043368204
26557,7449868515680587068
26558,7449881357326535976
26559,7449889531093945636
26560,7449836991576820992
26561,7450065390383697211
26562,7449878785589021961
26563,7449888938870803752
26564,7450134145625312552
26565,7450147971406073115
26566,7449954927180303627
26567,7449876715360292108
26568,7449952602432736547
26569,7449795129939971385
26570,7449893010671750415
26571,7449955022021971237
26572,7450048894207118650
26573,7450142142099442978
26574,7449867599363575055
26575,7449897966040567067
26576,7449857938987978035
26577,7450050402348731706
26578,7450151251918032188
26579,7449966892699192612
26580,7450089969114156329
26581,7449913022249766203
26582,7450017125378329895
26583,7450058828428709135
26584,7450065998897548563
26585,7449890883450735935
26586,7449891011137899835
26587,7449891539804851513
26588,7450050575695138083
26589,7450055519038917928
26590,7450016224982912314
26591,7450039611818085659
26592,7450077360277277987
26593,7449893776329362728
26594,7450046392707353875
26595,7450069789474639161
26596,7449956239859010876
26597,7449795220939590927
26598,7449886584821812507
26599,7450058207319444776
26600,7450131667626298636
26601,7449951555891088698
26602,7449893867735747900
26603,7449845816094657792
26604,7449881403220626725
26605,7450128162865859879
26606,7450152858357435674
26607,7450070118828215593
26608,7450005442224311611
26609,7449995482866421031
26610,7449893423772929330
26611,7449926084914728207
26612,7450016698121456931
26613,7450042740055788811
26614,7449973154509819174
26615,7449919213847809321
26616,7450014920357186868
26617,7449982428212366611
26618,7450084062972136738
26619,7450135925025148220
26620,7449983290506841359
26621,7449874535979027748
26622,7449941128435993910
26623,7449937151741005056
26624,7449900578018233610
26625,7450035071320476963
26626,7450036235931766073
26627,7449969579884875066
26628,7449947814617943311
26629,7449832740230319372
26630,7449787363611528463
26631,7449909573613341961
26632,7450037666223017268
26633,7450118491459358009
26634,7449977144496737596
26635,7450091148149902651
26636,7450101222259854607
26637,7450088502223572263
26638,7450096887379545344
26639,7449951511691513100
26640,7450042148705160507
26641,7449986286921731343
26642,7449923265893649698
26643,7450108810556869925
26644,7450061544206994742
26645,7450149240635919673
26646,7449946695552470281
26647,7449881238678015290
26648,7450075217721855243
26649,7449960351719869696
26650,7449785539072396603
26651,7449882981528866106
26652,7450038688588795190
26653,7449909750231338259
26654,7450086624051875106
26655,7450112728074702080
26656,7450110221046910243
26657,7449961964320673043
26658,7450116218196954428
26659,7449919479347252540
26660,7450034801043606823
26661,7450066705025371449
26662,7449905631600889145
26663,7449931294500211968
26664,7449944084598328613
26665,7449888443020217611
26666,7449847211745185039
26667,7449984692327173434
26668,7450118213603527987
26669,7449909061593746700
26670,7449968891649871142
26671,7449914341823941938
26672,7450053213732031796
26673,7450043479327034676
26674,7449965169767157002
26675,7450007305346698546
26676,7449947771387317516
26677,7449894967377546511
26678,7450013385632075049
26679,7450073915071778108
26680,7450029171755207993
26681,7450075357568437539
26682,7450096223580736819
26683,7450113489391095059
26684,7449970982992891196
26685,7450030102764719375
26686,7450124996690595081
26687,7449913096761543995
26688,7449803734571339019
26689,7450050560515902720
26690,7450078796784389433
26691,7450081713503489340
26692,7450080304884174092
26693,7450046546416012601
26694,7450074071544450363
26695,7449917370325388594
26696,7449900230146821388
26697,7450005821699657000
26698,7450016799564893467
26699,7450041241212816667
26700,7450104891399327033
26701,7449917075650350375
26702,7450045283540552999
26703,7450028894847028538
26704,7449969215961943311
26705,7450034544775793980
26706,7450078373256219954
26707,7450063306666151177
26708,7449823221257407756
26709,7450045560305765684
26710,7450107837314780453
26711,7449955791416659260
26712,7450082983664569660
26713,7450060131015855379
26714,7449936626060430631
26715,7449923246306200891
26716,7449921096561872138
26717,7450098411778460987
26718,7450073196038081852
26719,7450135665821388089
26720,7450090712504274185
26721,7450119966403169573
26722,7449941099356949799
26723,7450060922246188328
26724,7450041231226244406
26725,7450107721682062630
26726,7449883386266619194
26727,7450065527227108646
26728,7449975271270272294
26729,7449949935543274790
26730,7450089754084904202
26731,7450127587277376804
26732,7450074071347236156
26733,7449803562999090432
26734,7449946944757189946
26735,7450093671866830114
26736,7450130083198602534
26737,7449943339354295611
26738,7449934729756921123
26739,7449958783293377849
26740,7449835614054272313
26741,7449884587330751763
26742,7450043648135138619
26743,7450078976250252554
26744,7449805886987554075
26745,7450002740962495801
26746,7449990644895878435
26747,7450051436806671626
26748,7449945551476411707
26749,7450071983707983167
26750,7449933177461689615
26751,7450105784932781370
26752,7449914608313306427
26753,7449995935507074344
26754,7450052507314703627
26755,7449973831537675583
26756,7450046895478541608
26757,7450111701447478554
26758,7449955890603576576
26759,7449782430916988211
26760,7449879387387743503
26761,7449934065739762963
26762,7449992839129320761
26763,7449923334323719460
26764,7449902633122319653
26765,7449912488021282106
26766,7449960641365953830
26767,7449960254240050442
26768,7449888874576301362
26769,7450054043549895996
26770,7450112536243916066
26771,7449924780268064058
26772,7449933315714338048
26773,7450049429085719808
26774,7450262868055854363
26775,7450266613489749307
26776,7450262892445764923
26777,7449976807937297705
26778,7450266241501072650
26779,7450237303538060579
26780,7450161606882872612
26781,7450256727343140148
26782,7450155548114259252
26783,7450197829353622842
26784,7450244519137742138
26785,7450207018918350139
26786,7450267285341654330
26787,7450262581257768230
26788,7450522148738698554
26789,7450263483888815420
26790,7450261286635441445
26791,7450176595777670427
26792,7450260111810923836
26793,7450470349625396539
26794,7450165454590512441
26795,7450476432834219316
26796,7450238518456012051
26797,7450434110830546234
26798,7450269218597129530
26799,7450261648062811444
26800,7450510079943609651
26801,7450249626856312115
26802,7450429469237513530
26803,7450431377285188922
26804,7450394141831204154
26805,7450436394796715275
26806,7450249248173608252
26807,7450511495064014106
26808,7450431971198504252
26809,7450241866500427023
26810,7450510309640408355
26811,7450170425406950693
26812,7450255012099411238
26813,7450265397191855418
26814,7450475187151113531
26815,7450255638321483023
26816,7450304445776186650
26817,7450305024351161609
26818,7450392660499647755
26819,7450516914880679208
26820,7450486672908782875
26821,7450256204829445433
26822,7450434111065328953
26823,7450290480740388155
26824,7450392974300646713
26825,7450463482643877177
26826,7450440759288794409
26827,7450507231537138981
26828,7450265380980804918
26829,7450456390067424569
26830,7450221120600427816
26831,7450416803207023891
26832,7450183433663368506
26833,7450355497225456948
26834,7450417828492037402
26835,7450490367415225651
26836,7450301409011961115
26837,7450462623016963380
26838,7450466724576595209
26839,7450478078121299260
26840,7450154192473165116
26841,7450418688664128783
26842,7450260000137678140
26843,7450168038780931382
26844,7450243474651139391
26845,7450389879113960761
26846,7450308242644782377
26847,7450268506966265114
26848,7450315937745521983
26849,7450377512401620260
26850,7450499362246970676
26851,7450481951900831035
26852,7450357923059993916
26853,7450303414048656649
26854,7450181459467373881
26855,7450230858822241547
26856,7450357616418639156
26857,7450435132353187131
26858,7450498270947855650
26859,7450338005971143977
26860,7450177911547579702
26861,7450463404877303059
26862,7450333614614613308
26863,7450293174402043171
26864,7450457640133561635
26865,7450346783768595738
26866,7450431749860969779
26867,7450420182188707082
26868,7450518257578151220
26869,7450486815376624959
26870,7450250432603065651
26871,7450189989092052258
26872,7450341350534384948
26873,7450398496726748443
26874,7450355972649930023
26875,7450363013376265531
26876,7450247809229409563
26877,7450337577913093433
26878,7450385481944141116
26879,7450326447358627112
26880,7450460492558044426
26881,7450435686987042111
26882,7450430828573674788
26883,7450153635004157244
26884,7450279393257164047
26885,7450287498556755234
26886,7450265549893848380
26887,7450312032500419880
26888,7450464659985026354
26889,7450447808915672330
26890,7450397500952874298
26891,7450460963775548735
26892,7450483199072816442
26893,7450510690542046522
26894,7450440615910788387
26895,7450429844682329407
26896,7450344745227799866
26897,7450478189098405177
26898,7450391893835271461
26899,7450275611068730662
26900,7450422299766918410
26901,7450334825359101184
26902,7450445335043886348
26903,7450432384912166181
26904,7450469831431736615
26905,7450212110694485283
26906,7450460052042812735
26907,7450310424869784868
26908,7450279140789472522
26909,7450384835241135420
26910,7450276610034404667
26911,7450360202542452018
26912,7450372319303830841
26913,7450206923623763227
26914,7450182871819586831
26915,7450289215495048463
26916,7450477856943066426
26917,7450166724265004345
26918,7450490396142013753
26919,7450314227014716682
26920,7450281112896605499
26921,7450393755217169673
26922,7450433574852939062
26923,7450297976913677605
26924,7450282514997939471
26925,7450397800627506491
26926,7450459755094592809
26927,7450486957098011915
26928,7450320380910128435
26929,7450332361985772809
26930,7450315922348281146
26931,7450369992891075900
26932,7450301776009514278
26933,7450290937185471794
26934,7450252070269029689
26935,7450214118126095666
26936,7450208042177629500
26937,7450345784408640783
26938,7450372377759730955
26939,7450391196276493580
26940,7450380556547673398
26941,7450443635797134630
26942,7450275871568465178
26943,7450416241782689051
26944,7450436116378963258
26945,7450473361194437945
26946,7450490154189409545
26947,7450326339082652963
26948,7450329382415043900
26949,7450305333211237692
26950,7450299994432720191
26951,7450412990798646585
26952,7450363831160687899
26953,7450403421611429174
26954,7450379611948731707
26955,7450276888766860602
26956,7450376848308997434
26957,7450472561537781044
26958,7450501773770493219
26959,7450315209421409536
26960,7450337820033518867
26961,7450250921478524211
26962,7450280383943331124
26963,7450276034869611787
26964,7450353649622011195
26965,7450413476423404835
26966,7450472613677141274
26967,7450509556016352539
26968,7450402225207217467
26969,7450304717336366345
26970,7450290916125969721
26971,7450314980051668278
26972,7450249261502958867
26973,7450347785309736231
26974,7450376504174710075
26975,7450409075210194213
26976,7450413904632483132
26977,7450495648190795035
26978,7450077071952465211
26979,7450146883013512467
26980,7450507143129746725
26981,7450373827793554745
26982,7447155923539250459
26983,7447030694997511443
26984,7447290878663593226
26985,7448191349855161615
26986,7448179604084313394
26987,7448179215465205055
26988,7449535309676563721
26989,7449413808444968204
26990,7450004961355648316
26991,7450467910503533839
26992,7450450554226052364
26993,7450361052098759976
26994,7449880109126782245
26995,7449711838427745574
26996,7450408697534188800
26997,7447250794644032787
26998,7450140150618705178
26999,7450001469618654518
27000,7450028576818220326
27001,7449889690360024330
27002,7450133063167659275
27003,7450090147204369704
27004,7450021517695487247
27005,7450057101163990272
27006,7450055263635246375
27007,7450022727634799910
27008,7450383560567049529
27009,7450469299807980836
27010,7450341788897889594
27011,7450520270651133225
27012,7450356721324707107
27013,7450497429767490853
27014,7450463154783440185
27015,7450655722301312319
27016,7447648913747742010
27017,7450470099661753610
27018,7450452053819690278
27019,7450623591571361065
27020,7450051806647831848
27021,7450119318173420811
27022,7450097465228807481
27023,7450094865326591291
27024,7450021475391655220
27025,7449962816452283707
27026,7449970256610692388
27027,7450421914868174090
27028,7450501346693745954
27029,7450376766880894243
27030,7450846426906496283
27031,7447879165082144051
27032,7449946329247255860
27033,7449957144629218601
27034,7450026289643277604
27035,7449997608300350758
27036,7450081987232075017
27037,7450042472815709503
27038,7449868462744210729
27039,7450049077036715323
27040,7450049289054670138
27041,7449894674824744211
27042,7449918459695205643
27043,7450027806391618876
27044,7449920078713326860
27045,7449899197165342011
27046,7450013714746445090
27047,7450037027074067764
27048,7450072675197717799
27049,7449979823642004772
27050,7449962895649082659
27051,7449897439378541824
27052,7450120079682882875
27053,7449674256226487611
27054,7449663498394668288
27055,7449632102078860578
27056,7449669107445681423
27057,7449787313992830265
27058,7449784278776335654
27059,7450050554681740544
27060,7449905773880118585
27061,7449762782355934521
27062,7449690245571857664
27063,7449771909417323795
27064,7450017079220129034
27065,7450056526330432805
27066,7449950696650050875
27067,7450090579158977828
27068,7450082238475062588
27069,7449875795067047228
27070,7449820481529646393
27071,7449944770501299519
27072,7450067860941966618
27073,7449884323945221416
27074,7449888168058424613
27075,7449999060280364339
27076,7450000105366621467
27077,7450040358471290112
27078,7449912705915292978
27079,7450000443318488358
27080,7449964975168163082
27081,7449966675060870458
27082,7450111173480975674
27083,7449828658899946811
27084,7450103760786885898
27085,7449912922911968551
27086,7449924220441611580
27087,7450027758756941068
27088,7449958921126645030
27089,7449958991511178505
27090,7450118770133175562
27091,7449969679214431497
27092,7449975013379296552
27093,7449959528663174409
27094,7450149552545385766
27095,7450089507040365881
27096,7450093010282450186
27097,7449899805473639732
27098,7447498710772206848
27099,7447724729349213449
27100,7449703623484771622
27101,7449695128102522139
27102,7449616127296064822
27103,7449728733004533044
27104,7449965561750048036
27105,7450023770602900788
27106,7450015374180994356
27107,7449944923270335781
27108,7449953983533157647
27109,7449938543394196786
27110,7449950188023647527
27111,7450056281315986698
27112,7450005635644624162
27113,7450076913470688564
27114,7449954777447828762
27115,7450072919562095913
27116,7449954180116122934
27117,7449951545396956442
27118,7449944760699194643
27119,7449968302278905125
27120,7449943641277189395
27121,7449929727487249705
27122,7449933235838143759
27123,7450100790468922660
27124,7450116188111195392
27125,7450031411630804281
27126,7450005331444337955
27127,7449999912885849344
27128,7450126940649901348
27129,7450092061446999334
27130,7450139478695365927
27131,7447542303830314298
27132,7447823435696327995
27133,7447781677922929974
27134,7447856215637363983
27135,7447793775671283002
27136,7446233681628253478
27137,7447546370635992358
27138,7447718409938177332
27139,7447821083379535113
27140,7447729255217155364
27141,7447805390256901387
27142,7448210011504823563
27143,7448245950713220415
27144,7448066745874550043
27145,7448192580774300979
27146,7448251811032616242
27147,7448245435195542824
27148,7448253962400124223
27149,7448121970115267850
27150,7448416341775764747
27151,7448568536609410361
27152,7448948608784813331
27153,7448955695338212648
27154,7448917175886253370
27155,7448930709093272871
27156,7448953446209703225
27157,7448992975645936953
27158,7448929698681212172
27159,7448933690345852195
27160,7449212200289307944
27161,7449324532332039482
27162,7449360668903361804
27163,7449644696910990643
27164,7449706741182385471
27165,7449692867297086778
27166,7449763042499235131
27167,7449655155676564793
27168,7449628301129305395
27169,7449646870902705467
27170,7449678667724098874
27171,7449925676821515571
27172,7450058235224001846
27173,7450002978607566106
27174,7449986035980766476
27175,7449944032433818895
27176,7449899295760780570
27177,7450027812574022975
27178,7450064317069774117
27179,7449936448519785765
27180,7450013044467354937
27181,7449954999238479141
27182,7449928177637395770
27183,7450021722511658297
27184,7450108773902912828
27185,7450152030938615097
27186,7450100107472538930
27187,7449958133998325029
27188,7450032926927981850
27189,7450061576767278336
27190,7450415644215971113
27191,7450266019530132745
27192,7450301311116938556
27193,7450467346449255691
27194,7450362392585850163
27195,7450288552648199451
27196,7450452372284804410
27197,7450432307300814143
27198,7450494162845044027
27199,7450461375345872187
27200,7450346593993100571
27201,7450437741797477692
27202,7450408717268389120
27203,7450438163606031642
27204,7450317628477885754
27205,7450363328154602803
27206,7450480881715744038
27207,7450474652696071475
27208,7450434984101367052
27209,7450314174602743075
27210,7450479067721141561
27211,7450383455361289532
27212,7450341797806476579
27213,7450262990269484323
27214,7450411203811233024
27215,7450294669088476416
27216,7450382593876397327
27217,7450247796969590075
27218,7450432625828728074
27219,7450436942543523106
27220,7450324417223216420
27221,7449777276222229770
27222,7449894447594147081
27223,7450068933698161983
27224,7449922164263882011
27225,7449793241148329242
27226,7446443366125931828
27227,7447067491769077019
27228,7447511577512709428
27229,7447511919956741386
27230,7447518104311106831
27231,7447470604321656098
27232,7447554853888396602
27233,7447452638456630563
27234,7447527638366702905
27235,7447744733062892840
27236,7447825244988919055
27237,7447564970352545033
27238,7447716183547202831
27239,7447918609872997668
27240,7447737323900505371
27241,7447886603533520185
27242,7447766703796276538
27243,7447879743703239955
27244,7447782211438365986
27245,7447684562823564578
27246,7447835859157568820
27247,7447801815220899129
27248,7447852389794614569
27249,7447899468868881674
27250,7447908065715719436
27251,7447711737509448960
27252,7447777566057827593
27253,7448014126263192841
27254,7448220330306440488
27255,7447937293245123878
27256,7447832735802035508
27257,7448632799948442940
27258,7448384924698037530
27259,7448525521824091450
27260,7448434571428810025
27261,7448432807170297123
27262,7448935142258707747
27263,7448932833046973755
27264,7448865406678322459
27265,7448940431758380346
27266,7448851977846443298
27267,7448960216948837666
27268,7448798288729345314
27269,7448983783300287803
27270,7448619533444697378
27271,7448844002700315919
27272,7448894589584313600
27273,7448934780906868019
27274,7449241590444412170
27275,7449328829006449954
27276,7449338096472067388
27277,7449325829152214283
27278,7449308805915086117
27279,7449336110137855270
27280,7449305457514106148
27281,7449311266721549606
27282,7449336540402044194
27283,7449312448701598991
27284,7449752524929699098
27285,7449747600040906038
27286,7449660934227889444
27287,7449745578285649211
27288,7449727365766286642
27289,7450004505954962729
27290,7450065429734706470
27291,7449989533162097974
27292,7449937219575352611
27293,7449958001454107941
27294,7449936825684217103
27295,7450021365085752586
27296,7449933733773266228
27297,7450098225622551866
27298,7449814942011772218
27299,7450055404811259146
27300,7450084034597719356
27301,7450116141869026569
27302,7450011070682402099
27303,7450113836130110780
27304,7449953141665189158
27305,7449961907764743439
27306,7450028648456932658
27307,7450140458468003081
27308,7449908128881167668
27309,7450136406430633243
27310,7449950124781997362
27311,7450057792570019108
27312,7450057815118466362
27313,7449990589078080807
27314,7450023684724575527
27315,7450377777280273676
27316,7450403974945066292
27317,7450305179317980457
27318,7450490566673976591
27319,7450341542214126905
27320,7450290810584599818
27321,7450517619121179961
27322,7450389064454262055
27323,7450285328331558144
27324,7450442399395892531
27325,7450379481212063016
27326,7450311111145983251
27327,7450319356631797030
27328,7450480285503737127
27329,7450173597991177529
27330,7450403700239125817
27331,7450450381378751744
27332,7450492380769176843
27333,7450371890331307322
27334,7450159098705759539
27335,7450309191425641780
27336,7450345268035210550
27337,7450402671820803379
27338,7450387744687213884
27339,7450351949498600762
27340,7450335822647135538
27341,7450307893590576394
27342,7450215399154634038
27343,7450299672880532774
27344,7450457960473546034
27345,7450410191566294326
27346,7450392578698136867
27347,7450415067549404427
27348,7450266385701227817
27349,7450402428781890868
27350,7450362850788248868
27351,7450413155508866340
27352,7450306489471798588
27353,7450344375277587712
27354,7450336546558872873
27355,7446387352114662713
27356,7446725233769303336
27357,7449986647887826187
27358,7450079369143323961
27359,7450125705683160346
27360,7450108707070922042
27361,7450093464387079450
27362,7446608625130294547
27363,7446607110617435392
27364,7446608802847264035
27365,7446650281623915791
27366,7446460780389698854
27367,7446638291484462388
27368,7446622097876520249
27369,7446758434952842506
27370,7446600307099847993
27371,7446699209006271804
27372,7446616860277198106
27373,7446663756756569381
27374,7446978658251640091
27375,7446967255939747110
27376,7447024661134642495
27377,7446939392582749475
27378,7447371518624927034
27379,7447837417211464979
27380,7448039091062590732
27381,7448560090681969978
27382,7448916049577266470
27383,7448908385900137762
27384,7448959627175202086
27385,7448883146851880227
27386,7448881523501043001
27387,7449373388428102946
27388,7449208393446772002
27389,7449302829694520585
27390,7449299819975281974
27391,7449330171334642944
27392,7449329980032453922
27393,7449329669565943092
27394,7449308038214716729
27395,7449326219784375586
27396,7449295926838971682
27397,7449326727999933711
27398,7449389877906492712
27399,7449164628535430427
27400,7449204756821691683
27401,7449666664284671259
27402,7449555293396159794
27403,7449587732126387508
27404,7449561550840433972
27405,7449651884178115894
27406,7449634099544853779
27407,7449591212924800310
27408,7449578644999064871
27409,7449648042300558643
27410,7449674483507711271
27411,7449636356906568972
27412,7449706299903757627
27413,7449731292159053090
27414,7449586944943639819
27415,7449674421423394085
27416,7449636653406244123
27417,7449594465129336091
27418,7449766698456010010
27419,7449627486410788130
27420,7449647488811732283
27421,7449720268114627900
27422,7449742444507188517
27423,7449765143140961596
27424,7449602404779085116
27425,7449610723476475196
27426,7450027399237881125
27427,7449999183504870708
27428,7450015372092263721
27429,7450046749814689061
27430,7450068655938768140
27431,7450069128225819919
27432,7449921827800960306
27433,7450035212920114484
27434,7450011961707760930
27435,7450078216934460708
27436,7450026318290373948
27437,7450010399006543144
27438,7449941458703945000
27439,7450005719241231667
27440,7450021788282637608
27441,7450026972278689033
27442,7450025999640694066
27443,7450081389241797922
27444,7450002770112859433
27445,7450067652103408905
27446,7450008096715328778
27447,7450004372060114215
27448,7450036985609325865
27449,7449924922245156154
27450,7449927063659760946
27451,7450004835186806074
27452,7450004096985091363
27453,7450003295197728041
27454,7450009561961975055
27455,7450005367616048384
27456,7450151730261675273
27457,7450006338073070899
27458,7449941839987100991
27459,7450001314190249270
27460,7450080668798831881
27461,7450130059572071714
27462,7449941515016752395
27463,7450037072540306699
27464,7450010352227585291
27465,7449948737092226343
27466,7450051425926647049
27467,7450016619012836658
27468,7450005587988843791
27469,7449924923360857404
27470,7449954529409371427
27471,7450000417196428553
27472,7450026403673804068
27473,7450017108185861395
27474,7450150485799046438
27475,7450022651008929062
27476,7449921299759123738
27477,7449903523375942970
27478,7450052555738041650
27479,7450020018374315283
27480,7450038505998273819
27481,7449922233331436851
27482,7450004364284005673
27483,7450075456176426294
27484,7449956577211108662
27485,7450147487181999394
27486,7450076770885291274
27487,7450104680799014178
27488,7450054634409938215
27489,7450049881567137034
27490,7450431318594194707
27491,7450089478162599187
27492,7450474861392186678
27493,7450340410792119567
27494,7450321088648678716
27495,7450131897017044281
27496,7450057976594943290
27497,7450323486859414822
27498,7450355295718559013
27499,7450313414569725199
27500,7450338088561167673
27501,7450484748561992987
27502,7450316688781872444
27503,7450380627188272411
27504,7445098389685030180
27505,7445830844016528676
27506,7446417577141669157
27507,7446646056948878618
27508,7446656469396753700
27509,7446671809694551296
27510,7446592396415995190
27511,7446599517287320890
27512,7446613043045354806
27513,7446616124768144675
27514,7446597341357919551
27515,7446690252774755621
27516,7446603687482379561
27517,7446594534483545344
27518,7446602412275584290
27519,7446600579511487753
27520,7446594150868323611
27521,7446722214243700002
27522,7446698546633411892
27523,7446618570815049014
27524,7446618391160327463
27525,7446599122230021414
27526,7446618170749750582
27527,7446607211465280794
27528,7446669633882443045
27529,7446600578416774441
27530,7446674454236761359
27531,7447081930186591528
27532,7447112223236902182
27533,7446962729673362715
27534,7447182319921745212
27535,7446874210695122230
27536,7446883059288329529
27537,7446940619236265279
27538,7446957189480090934
27539,7446703893670530342
27540,7446980716488854794
27541,7447144105546616091
27542,7447058797022940451
27543,7447089351844056374
27544,7447024466724539700
27545,7447129553283321129
27546,7447187400914193723
27547,7447477381578640650
27548,7447310386409360649
27549,7447341301177126184
27550,7447434246731468058
27551,7447306857305099532
27552,7447294808684645683
27553,7447818693603495219
27554,7447690456714038555
27555,7447679919548615996
27556,7447715991796124940
27557,7448150897097575690
27558,7448265137431121212
27559,7448148299149757708
27560,7448123272710999353
27561,7448443596807654665
27562,7448447246271515955
27563,7448983174962547977
27564,7448893799943736591
27565,7449011016844807439
27566,7448897986798587186
27567,7448877223718751526
27568,7448919008302075162
27569,7449358268998192443
27570,7449296800575425855
27571,7449378872367271177
27572,7449400704537611530
27573,7449259934220324147
27574,7449269205821574415
27575,7449690827481173248
27576,7449719065926569273
27577,7449745268628638987
27578,7449546545822862611
27579,7449679129236098323
27580,7449642797293948170
27581,7449649996309269796
27582,7449590695754534156
27583,7449663566895959356
27584,7449693469276179727
27585,7449594524264877350
27586,7449573148644658466
27587,7449653054183345471
27588,7449676387335605519
27589,7449660221187804466
27590,7449593267185863995
27591,7449674479757823273
27592,7449364435535236392
27593,7449582264318479628
27594,7449657172180487487
27595,7449700425395096892
27596,7449672120017112370
27597,7449667441631710475
27598,7449380846441663785
27599,7449712497533406521
27600,7449730939539705125
27601,7449702537768242482
27602,7449701625909792058
27603,7449702704512847115
27604,7450039385573068058
27605,7449998660152167707
27606,7450000077147458867
27607,7450028443166641459
27608,7450027196342668579
27609,7450008418779221300
27610,7449995952284290356
27611,7450012008872807743
27612,7450032629929315647
27613,7450007808403098938
27614,7450020034564427048
27615,7450002148441541899
27616,7450085946395020563
27617,7450033239827205385
27618,7450024778653584694
27619,7449726116119563559
27620,7450031487782604067
27621,7450029589268663609
27622,7450017077370359091
27623,7450026641172008246
27624,7449972973265620278
27625,7450012749985303862
27626,7450006881931775259
27627,7450027833750981924
27628,7450129920509873449
27629,7450064157514272010
27630,7450024533152648506
27631,7449732041211497740
27632,7450020498823466250
27633,7450000696520314127
27634,7450001908883901746
27635,7450042974269934899
27636,7449997162135571763
27637,7450016412040531211
27638,7450004113061858610
27639,7449919845811948854
27640,7449939603529665803
27641,7450006200386637096
27642,7449998046647045434
27643,7450028221879356735
27644,7449998886464179496
27645,7450004435998133541
27646,7449998933759233334
27647,7449999409997237554
27648,7449722474310159655
27649,7450098883205598491
27650,7450042327101459749
27651,7450017124602350883
27652,7450005189739728139
27653,7450017222392679706
27654,7450009233296346420
27655,7450047816480591141
27656,7450034739626396991
27657,7450010969054432571
27658,7450027778784628002
27659,7450007206528847162
27660,7449996712489389346
27661,7450010823205997874
27662,7450089080374791483
27663,7450006486278737164
27664,7450023840995872038
27665,7450012288154750268
27666,7450011559796968740
27667,7450025952450465082
27668,7449930464871206184
27669,7449907941882219811
27670,7449998753324469544
27671,7450015801752440064
27672,7449997764328525083
27673,7450012581051354403
27674,7450005464470834470
27675,7450017851462716691
27676,7449929568414223666
27677,7450012230214552867
27678,7450002065260170515
27679,7450029872858041635
27680,7450044896125209919
27681,7450008582050876731
27682,7450013601651232050
27683,7450010720906874147
27684,7449996666721062185
27685,7449912790413823282
27686,7449997367224388875
27687,7449732732734672167
27688,7449955055815445796
27689,7450004088508419386
27690,7450024455495011618
27691,7449732166348590347
27692,7450012478169238824
27693,7449726222986235155
27694,7450039973551574326
27695,7449679400137739574
27696,7449998801923837242
27697,7449925469429943552
27698,7450001509489724687
27699,7449933114626854156
27700,7449999690029927707
27701,7449919513694440758
27702,7449999062293679419
27703,7449921615221067020
27704,7450008981025639730
27705,7450004687618723107
27706,7450006108619443471
27707,7450080860205763849
27708,7450001739723328818
27709,7449998890461400331
27710,7449943210358508841
27711,7450004547566701874
27712,7449942498333543715
27713,7450031404500536591
27714,7450002336463752499
27715,7450109192590937382
27716,7450011810469629238
27717,7449998984745078027
27718,7450005052799847707
27719,7450043794382163236
27720,7450005465724947727
27721,7449937782744599808
27722,7450116124848475452
27723,7450010564509715727
27724,7450018724272213257
27725,7450045652031016229
27726,7450028171375791411
27727,7450147984269987112
27728,7450003162871729448
27729,7449999683931458852
27730,7449940778765307146
27731,7449998208987565371
27732,7450010361249467648
27733,7450000367644904741
27734,7450013699068267776
27735,7450092875464903986
27736,7450014546804165942
27737,7450000911767702836
27738,7449996062120512780
27739,7449998388029869321
27740,7450020482117553443
27741,7450075635029953851
27742,7449944285752970522
27743,7450019330198326562
27744,7449935888634629415
27745,7449997873355197737
27746,7449728490523430185
27747,7449997497914690867
27748,7450006629740776763
27749,7450008631082274075
27750,7449999194045091110
27751,7450002744322166070
27752,7450037154987691291
27753,7450012179983650057
27754,7450040338711989542
27755,7450059295938432310
27756,7449996569224449314
27757,7449971056212757812
27758,7449934126385270079
27759,7450002409067220236
27760,7449999880103185714
27761,7450047050021899570
27762,7450086763076308235
27763,7450028660163235099
27764,7449939988256410932
27765,7450028973574147387
27766,7449996997836262671
27767,7449997217449921827
27768,7450048636894973199
27769,7449962895686798627
27770,7450000468731792677
27771,7450144038881086731
27772,7450013455744060708
27773,7450017337719164171
27774,7450015155729009959
27775,7449289280461147403
27776,7449269847009119542
27777,7449309842952572197
27778,7449378163035016463
27779,7449321486382370106
27780,7449404583455083816
27781,7449314147759639843
27782,7449336805985373476
27783,7449355300278275340
27784,7449369260889066811
27785,7449374589064334651
27786,7449370694225382691
27787,7449339363139276083
27788,7449371812170894619
27789,7449360436916538635
27790,7449566630931221794
27791,7449578575151271183
27792,7449584497026288950
27793,7449612116039896354
27794,7449776801875791158
27795,7449600393341832467
27796,7449780106928672035
27797,7450056052336397568
27798,7450106794518629643
27799,7449849689983241510
27800,7449920715752574242
27801,7449782249995750665
27802,7449907609672469820
27803,7449877892093332748
27804,7449995458937654528
27805,7449829733983898906
27806,7450036544368364815
27807,7450048538911821068
27808,7450035716635069734
27809,7450048737054821686
27810,7450026685245803835
27811,7450007464583384358
27812,7449912787091950900
27813,7450074218294775099
27814,7450080361976991039
27815,7449993619601132819
27816,7450118882779483402
27817,7450027758014516518
27818,7449983140510108991
27819,7449779441393257769
27820,7449752443879017739
27821,7449921659244416271
27822,7449900471529114934
27823,7445822244875455801
27824,7446097165883051274
27825,7447822242538392883
27826,7448259239048563968
27827,7448288662539767098
27828,7448266495995563300
27829,7448093815614819634
27830,7448515897339251977
27831,7448589268747963648
27832,7448610322434329915
27833,7448519017419017499
27834,7448533904421555497
27835,7448553528391453991
27836,7448449208820059407
27837,7448484175629258042
27838,7448441319598378279
27839,7448657753750392103
27840,7448630786296696114
27841,7448514702252002596
27842,7448564955009256731
27843,7448570342878072121
27844,7448613936271772987
27845,7448832017057254707
27846,7448979201513753910
27847,7448891511040789772
27848,7448943097636998440
27849,7448939155498765594
27850,7449003327758552358
27851,7448946482473962793
27852,7448915276235607311
27853,7448809057986596134
27854,7448842881428770084
27855,7449001008920841509
27856,7448858051232206107
27857,7449017048262397223
27858,7449006755075427643
27859,7448923223481158970
27860,7448836873423834380
27861,7448832238948584744
27862,7449013532017937698
27863,7448870032181955867
27864,7448777738674081081
27865,7449003994883575049
27866,7449008512715230527
27867,7449026736911600906
27868,7449015576137076027
27869,7448911352032136463
27870,7449007927651863808
27871,7448806102717779263
27872,7448995954046340352
27873,7449221678984482098
27874,7449300362252668171
27875,7449217364333202727
27876,7449259476676250921
27877,7449214525976399138
27878,7449204666379832611
27879,7448913851900366091
27880,7449340444204469558
27881,7449217356305386804
27882,7449301660137999654
27883,7449229719578381602
27884,7449218490776440104
27885,7449276965040688395
27886,7449333130885893416
27887,7449276266160737562
27888,7449148836326493450
27889,7449233104700493071
27890,7449269579966188837
27891,7449162136204381459
27892,7449224389536582949
27893,7449340570683608339
27894,7449289481783348495
27895,7449377772255956264
27896,7449378787109768488
27897,7449402018508164392
27898,7449156860977958183
27899,7449067122082303289
27900,7449173210903448873
27901,7449047643432471846
27902,7449253914811174170
27903,7449212156815428903
27904,7449191403613113609
27905,7449059280663104825
27906,7449215196750531903
27907,7449198315469557049
27908,7449389564302691644
27909,7449226141249981759
27910,7449562455795076389
27911,7449575518518676755
27912,7449732041945500978
27913,7449726563131706664
27914,7449674523928038719
27915,7449618806927904037
27916,7449560079558380811
27917,7449678399338974476
27918,7449595496517143819
27919,7449562812252245299
27920,7449347552228494604
27921,7449773895126617371
27922,7449658148366994723
27923,7449764383678369043
27924,7449662380562255138
27925,7449734581126843667
27926,7449579603833703740
27927,7449514876495596860
27928,7449648494131842323
27929,7449716902252809513
27930,7449715950569393442
27931,7449706758332845375
27932,7449503007147953443
27933,7449734739986074940
27934,7449720154092571904
27935,7449687522860420406
27936,7449711088393850139
27937,7449524469300743433
27938,7449524585986329883
27939,7449718461376335163
27940,7449707357883354379
27941,7449730479890255164
27942,7449613150455991588
27943,7449713956945448252
27944,7449697060376366393
27945,7449734961118072105
27946,7449739613448473908
27947,7449696760479403303
27948,7449603043336752411
27949,7449776239008681276
27950,7450042049258147111
27951,7450075588661939508
27952,7450000892083899683
27953,7450055103647698236
27954,7450114558267542841
27955,7449946549162904892
27956,7449938092036869376
27957,7450097206553496890
27958,7450098820710534458
27959,7449946807796354361
27960,7450127127527066917
27961,7450046398365535540
27962,7450087502473448761
27963,7449963998369353012
27964,7450140910035176731
27965,7450007869476359482
27966,7449995182826622219
27967,7450121842309811467
27968,7449930600800095547
27969,7450000542136372520
27970,7450004116832685312
27971,7450138366164634939
27972,7450131292139621667
27973,7449783139171405090
27974,7450012649850424595
27975,7450098479227047179
27976,7450086771896929577
27977,7450105900536302875
27978,7450097201100918043
27979,7449970811882016058
27980,7450041669610769703
27981,7449975797760134436
27982,7450030484555418939
27983,7450060864788499769
27984,7450007359499357503
27985,7450147360832834827
27986,7450000638269803791
27987,7449994921383169334
27988,7449889943998008591
27989,7449956735231577359
27990,7450023454465609000
27991,7449994088314572032
27992,7449994167473786138
27993,7450102019160804667
27994,7450092578212089098
27995,7449793386447506714
27996,7450001843364597001
27997,7450053540342500635
27998,7449995930541100315
27999,7449949266505633035
28000,7449956563902549311
28001,7449930401314917641
28002,7449924857988533538
28003,7449972725218594083
28004,7449952450464828708
28005,7449959021899009291
28006,7450121486712556835
28007,7450046267444497727
28008,7449995500822056246
28009,7449932271982890290
28010,7450012988733476134
28011,7449908577940098319
28012,7449920021356170511
28013,7449979998724787483
28014,7450012468853722402
28015,7449966954208611621
28016,7450143919569915187
28017,7450057629956590863
28018,7449977929615920434
28019,7449931298631699769
28020,7449928256595250473
28021,7450072925090188570
28022,7450001989724949799
28023,7450018553614355753
28024,7450047703326674233
28025,7449953886921641235
28026,7450049020141063461
28027,7449993444069510458
28028,7449762439702367538
28029,7449826923913481522
28030,7449910750782491923
28031,7449904308784614714
28032,7449908883335744809
28033,7450102931262541115
28034,7449766747059653951
28035,7449897103679163707
28036,7449891611657473320
28037,7450121446061329723
28038,7449999295727684875
28039,7450080087812197632
28040,7449971432160890122
28041,7449950067202460966
28042,7450122059637591308
28043,7450047379266424127
28044,7450009888018730298
28045,7449877054348086540
28046,7449897921983696139
28047,7450116540571159808
28048,7449878604722277666
28049,7449906885450386739
28050,7449787963921157435
28051,7449930608249261362
28052,7449964328536526131
28053,7449942417752493346
28054,7449949014423915815
28055,7449946079769972003
28056,7450066527572806966
28057,7449893200103263525
28058,7449994435296808201
28059,7449929807078509851
28060,7450065798380391732
28061,7449905656955555129
28062,7449972059406454053
28063,7449992610590018854
28064,7450075609243471130
28065,7445511592097238291
28066,7446304278366440704
28067,7446787244179901753
28068,7446755458595048745
28069,7446701773735202106
28070,7447001398299888946
28071,7448844157986131234
28072,7449017116583349543
28073,7448905556892323107
28074,7448829075151424818
28075,7448938501883612466
28076,7448830388740295993
28077,7448923250064706842
28078,7448927859600543002
28079,7448834076166982947
28080,7448927637474446602
28081,7449146458189696265
28082,7449211171363704090
28083,7448884376844127539
28084,7450139439889698048
28085,7450130370592296251
28086,7450032465869163787
28087,7450060651780738354
28088,7450374632693042444
28089,7450454038308474163
28090,7450401855928012072
28091,7450320574154312998
28092,7450393377100631350
28093,7450425001016102183
28094,7450403396936273209
28095,7450389663111597371
28096,7450371606385413414
28097,7450429160331234597
28098,7450373016757783848
28099,7450288183721479434
28100,7450316168197410074
28101,7450368952242425148
28102,7450322191775714618
28103,7450477171744853282
28104,7450154130582080768
28105,7450506126438714639
28106,7450458135715728679
28107,7450313159249825083
28108,7450388426664234290
28109,7450426548148079922
28110,7450427045017898300
28111,7450120045751029032
28112,7450310033906224443
28113,7450303311846100283
28114,7450430734751255835
28115,7450305836276124988
28116,7450439652395257145
28117,7450302701222497571
28118,7450385150132669722
28119,7450488447585881404
28120,7450318342843354425
28121,7450472667423001907
28122,7450394166485323019
28123,7450420649253801254
28124,7450515005805546787
28125,7450261440113528105
28126,7450323147322084635
28127,7449962518472183049
28128,7449925821625568553
28129,7449921541858479400
28130,7449928266158214409
28131,7449944884007505187
28132,7449926119739985179
28133,7449918687068294435
28134,7449925778386488615
28135,7449933926228872467
28136,7449932788578520370
28137,7449939286692072704
28138,7449949182342876473
28139,7450003519131700543
28140,7449953555089214731
28141,7449935374740196619
28142,7450000948082052371
28143,7449926534392974626
28144,7450014779856522537
28145,7449965052829928761
28146,7449946369399311642
28147,7450066536871546147
28148,7449998195968445748
28149,7449956832564612386
28150,7449959227310853413
28151,7449976706506493247
28152,7449952351055547698
28153,7450015209650949427
28154,7449981559698115879
28155,7449991367272549643
28156,7449960483588672802
28157,7449939151555808553
28158,7450072102058593577
28159,7450058549255785769
28160,7449949438199516451
28161,7450030975566007563
28162,7449935935371742504
28163,7449943882487368986
28164,7450003937794592019
28165,7450062780155170058
28166,7450001550086311206
28167,7449996831703960832
28168,7449936379913506058
28169,7449960213878263075
28170,7449958099890228514
28171,7449960935130713353
28172,7450073689263050025
28173,7449959897950620980
28174,7450048311165275418
28175,7449972144248851769
28176,7449963346725571851
28177,7450019857669639478
28178,7450142990858734848
28179,7450033687304998179
28180,7450045369456643366
28181,7450066732695194939
28182,7449997224920026404
28183,7450247971695791386
28184,7450355060598508859
28185,7450256514733919523
28186,7450338870396308796
28187,7450222466229636352
28188,7450411333239000370
28189,7450245617475013900
28190,7450155296133041443
28191,7450286599734185235
28192,7450491453026897212
28193,7450236902067670298
28194,7450255056928066826
28195,7450245946933300514
28196,7450435003898498344
28197,7450153545690598696
28198,7450308814747766035
28199,7450196783352827173
28200,7450445421895273787
28201,7450261373625306418
28202,7450417157147495738
28203,7450170895634582825
28204,7450161634690993467
28205,7450452692171803956
28206,7450288897931660603
28207,7448936568787569954
28208,7449659576519052554
28209,7450066887460785418
28210,7450092948047383844
28211,7450481368124902719
28212,7450388074128739621
28213,7450297460456541480
28214,7450350928705703225
28215,7450352882311843123
28216,7450404780867980544
28217,7450320014495845672
28218,7450395553579502859
28219,7450461305317723407
28220,7450494401178045732
28221,7450496858494995751
28222,7450390009275747635
28223,7450466032075935028
28224,7450390625108643084
28225,7450467470407732517
28226,7450430629172251940
28227,7450386681619893504
28228,7450358887045287207
28229,7450310223534755126
28230,7450391702780562726
28231,7450432014622199075
28232,7450372652608376123
28233,7450434497486589241
28234,7450396225402113332
28235,7450392554341764392
28236,7450428079954038074
28237,7450472344134356275
28238,7450282267454311717
28239,7450370459067108665
28240,7450414698450734372
28241,7450423798945303860
28242,7450439332290235683
28243,7450482754233355531
28244,7450410050071432474
28245,7450327628000529703
28246,7450358641875602707
28247,7450439226144918836
28248,7450384294591089970
28249,7450470272626478399
28250,7450371110551555362
28251,7450480872706428214
28252,7450405088624987431
28253,7450401295850081573
28254,7450385048785702207
28255,7450374656890014988
28256,7450415991407856915
28257,7450427229881765174
28258,7450425034243411212
28259,7450505535067065651
28260,7450484250509430076
28261,7450365651668995338
28262,7450401454361267516
28263,7450391231575641384
28264,7450432196340436234
28265,7450414707573345570
28266,7450390573296471355
28267,7450411218591927567
28268,7446015784997965094
28269,7446184306097048832
28270,7447145733154704667
28271,7447832576963726650
28272,7448649854714236218
28273,7448550471419104523
28274,7448943501343001856
28275,7448851354254069049
28276,7448890012248067391
28277,7449248298394799412
28278,7449167759285456179
28279,7449529833807203642
28280,7449762656875040059
28281,7449934055476333824
28282,7449943026966760764
28283,7450048677785161020
28284,7449959155504352572
28285,7450131343989689652
28286,7450003363678244108
28287,7449948292651240754
28288,7449910464672288034
28289,7450012187927530752
28290,7449977201702767931
28291,7450337854330293504
28292,7450236078755302707
28293,7450223606098824498
28294,7450388317335489852
28295,7450365871215643942
28296,7450302026187050251
28297,7450426436919364922
28298,7450437045186514195
28299,7450355026783964453
28300,7450478698634939687
28301,7450354321536896266
28302,7450389544337296678
28303,7450383221029653812
28304,7450448992493653298
28305,7450456676450241844
28306,7450306292503055666
28307,7450476897462422842
28308,7450273701548821798
28309,7450458329656102202
28310,7450419298981383451
28311,7450459140347989282
28312,7450517425365191993
28313,7450396073899625766
28314,7450150208983321906
28315,7450267553286393140
28316,7450436577622265088
28317,7450458845123579145
28318,7450349984618204455
28319,7450369853698886966
28320,7450371142491131145
28321,7450391722569387315
28322,7450377975469477147
28323,7450456316088192314
28324,7450462718886153532
28325,7450330763330964796
28326,7450374232254467368
28327,7450146262306917684
28328,7450120144539438370
28329,7450057492421217545
28330,7449942200902847759
28331,7450324661583367439
28332,7450295391871847718
28333,7450276797679144226
28334,7450355843016559911
28335,7450281117128592677
28336,7450277174071856443
28337,7450363895862103305
28338,7450314299353877814
28339,7450318845396405554
28340,7450411663624260922
28341,7450271163709754658
28342,7450472206427000102
28343,7450420458408693030
28344,7450342248698367283
28345,7450492670763437362
28346,7450302615793011977
28347,7450266446233374012
28348,7450335899403046185
28349,7450307972078603556
28350,7450504115110595891
28351,7450479239075319055
28352,7450307092528844083
28353,7450295947025861938
28354,7450354188426497343
28355,7450254682934562098
28356,7450296288446254371
28357,7450355390216228153
28358,7450331173789666611
28359,7450371491805383936
28360,7450168336207416636
28361,7450361787024821555
28362,7450276400805825828
28363,7450353425151266058
28364,7450281463880158499
28365,7450471811084471610
28366,7450293334037384498
28367,7450252841060519183
28368,7450275609093082425
28369,7450305962537225483
28370,7450269666141883648
28371,7450444726379089204
28372,7450295833569824059
28373,7450289932146593035
28374,7450319239342279987
28375,7450324251078315327
28376,7450304121862655251
28377,7450337200421621004
28378,7450305314139720999
28379,7450378210304462121
28380,7450322294292892963
28381,7450130157265882403
28382,7450360139565108515
28383,7450460507380763919
28384,7450488470235139355
28385,7449647233399590203
28386,7450333881783307560
28387,7450408696171040037
28388,7450459798295956777
28389,7450347759695072549
28390,7450356935871860025
28391,7450344209594256699
28392,7445579236938747195
28393,7445639488702893369
28394,7445470071981444412
28395,7445473189490216207
28396,7445478529627671823
28397,7445526963285921024
28398,7445520682898820387
28399,7445448380668464399
28400,7445613439487184167
28401,7445521128895843624
28402,7445515843376532795
28403,7445470382062046523
28404,7445489704092388644
28405,7445622914197556515
28406,7445599997921414454
28407,7445599193990794553
28408,7445639684635594043
28409,7445459083542465851
28410,7445641886322199868
28411,7445645953845005608
28412,7445682502624169251
28413,7445638080041684259
28414,7445521839020903720
28415,7445461221840670009
28416,7445201082134826251
28417,7445522256673000704
28418,7445426834663132431
28419,7445526744704093497
28420,7445528733743664436
28421,7445651911971278138
28422,7445977280163122459
28423,7445828339287231801
28424,7445851456072125747
28425,7445789837262736640
28426,7445984077045452068
28427,7445980669022375218
28428,7445736152830594319
28429,7445836328777895228
28430,7445991237070490943
28431,7446008792464035131
28432,7445789961887960380
28433,7445736271491730748
28434,7445990666414525732
28435,7445904035036630272
28436,7445847669001424162
28437,7446255930699812156
28438,7446215317396688180
28439,7446131000389815604
28440,7446130856890043688
28441,7446201711858961722
28442,7446215741818277159
28443,7446259194623266108
28444,7446412599354363162
28445,7446367085065784635
28446,7446131474039917881
28447,7446336389618158906
28448,7446206354307452212
28449,7446336903449791802
28450,7446259660677582139
28451,7446258612978093371
28452,7446441425182428431
28453,7446332426021883176
28454,7446380933965434121
28455,7446364278682127657
28456,7446515519512939776
28457,7446522364042562868
28458,7446683800500768052
28459,7446522588618181888
28460,7446622765542657316
28461,7446517974015495482
28462,7446515028456443195
28463,7446515366227971380
28464,7446515196266417466
28465,7446791727446314290
28466,7446523352509877539
28467,7446517299068128570
28468,7446600242369187135
28469,7446522852041444643
28470,7446584027949043003
28471,7446643082700852532
28472,7446733123947203874
28473,7446555533307432252
28474,7446766041130110242
28475,7446650795824581923
28476,7446640134998527290
28477,7446639521564757307
28478,7446583253030456633
28479,7446452884041927996
28480,7446650620439711034
28481,7446760683644980539
28482,7447171011969109274
28483,7447059524567026995
28484,7447174915461008652
28485,7447169748380470564
28486,7447174967499803914
28487,7447153692727414070
28488,7447081353289403663
28489,7447164274901814568
28490,7447165739141844260
28491,7447109947218824485
28492,7447095311811497256
28493,7447051941047242003
28494,7447098408453590291
28495,7446876313585028391
28496,7446970317978881340
28497,7446876335156333865
28498,7446820994632797474
28499,7446966407025167675
28500,7447161821011692835
28501,7447007185923542284
28502,7446875852454907193
28503,7447043603421056307
28504,7447159093346798887
28505,7446970500477209915
28506,7447163186932878603
28507,7447174251481697573
28508,7447003440900754745
28509,7446949111615540539
28510,7446949969262562619
28511,7446970671172799803
28512,7447063498565094716
28513,7447162388157091131
28514,7447007479906585868
28515,7447075736759831818
28516,7447029098376957242
28517,7447193405983149347
28518,7447422969283890495
28519,7447422294768635188
28520,7447334376112704819
28521,7447467320412310796
28522,7447320158332570880
28523,7447299978072050998
28524,7447554368158698802
28525,7447335697532374287
28526,7447342071989521703
28527,7447390728243760393
28528,7447532055333752098
28529,7447432849965255988
28530,7447529382123457843
28531,7447188792097787148
28532,7447422880263965971
28533,7447360131462974746
28534,7447332339853675788
28535,7447329302577679643
28536,7447277788538653988
28537,7447357803221536026
28538,7447523639785688356
28539,7447444621526895909
28540,7447328547389066536
28541,7447390610698358025
28542,7447356065777241403
28543,7447523279461567755
28544,7447329918880468261
28545,7447460059531005224
28546,7447354361480596770
28547,7447475505885940992
28548,7447320734487055635
28549,7447887449860082994
28550,7447582638874889526
28551,7447590516209863996
28552,7447590300618444090
28553,7447681304222502201
28554,7447760832030625064
28555,7447620404060966155
28556,7447591045941972281
28557,7447697257018707235
28558,7447620180156501311
28559,7447854397675015483
28560,7447812873398668555
28561,7447785744879340811
28562,7447835345565011219
28563,7447662351723089211
28564,7447738863105133881
28565,7447683133706685755
28566,7447680051484675387
28567,7447589909906410811
28568,7447697907941166346
28569,7447853299430198567
28570,7447739595539696953
28571,7447665416719076662
28572,7447726306994769163
28573,7447670733167152442
28574,7447738467360050491
28575,7447682682164710715
28576,7447621755880885562
28577,7447735360748031243
28578,7447842131634343225
28579,7447863439755578682
28580,7447697472866028859
28581,7447680361905147194
28582,7447734264780688700
28583,7447621107231771963
28584,7447655108533439803
28585,7447663508386303292
28586,7447664193395772732
28587,7447833768213089586
28588,7448070228224806203
28589,7448085430370585907
28590,7448228449438764342
28591,7448115248390819131
28592,7448266697787723020
28593,7448060501315177767
28594,7448124291662548283
28595,7448188004243475772
28596,7448209657476238633
28597,7448114345059290426
28598,7448246838458617115
28599,7448132782976453948
28600,7448239444315934012
28601,7448239057932487986
28602,7448126850846477628
28603,7448134039879290172
28604,7448125752932928828
28605,7448173245028650300
28606,7448077821748006198
28607,7448188636966685952
28608,7448208986790284604
28609,7448266562437451065
28610,7448083309306973452
28611,7448228094470589756
28612,7448150184275578127
28613,7448059618569243962
28614,7448448564558105868
28615,7448439351492578618
28616,7448580805674241337
28617,7448601666699529526
28618,7448496293938253116
28619,7448542516086983987
28620,7448627637091618084
28621,7448599280471887158
28622,7448655155114855714
28623,7448535150683639059
28624,7448587673960320313
28625,7448467298635074875
28626,7448572027516046602
28627,7448560542567927080
28628,7448465324938235195
28629,7448549539310570812
28630,7448627524072000828
28631,7448601428966280505
28632,7448448460036017465
28633,7448520564836158756
28634,7448583705217518886
28635,7448463253979680057
28636,7448439969242156314
28637,7448480457513127227
28638,7448627667588484371
28639,7448656969470102824
28640,7448532522704702780
28641,7448888851092835620
28642,7448908724070141247
28643,7448807825796500777
28644,7448845736818576674
28645,7448911931378765093
28646,7448917294526385444
28647,7449000821913586980
28648,7448964083753258281
28649,7448801127677660452
28650,7448942021005315363
28651,7448809262958021942
28652,7448932652050140435
28653,7448963762045963531
28654,7448923654206901564
28655,7448963398483709247
28656,7448908627005410597
28657,7448683901670673679
28658,7448946986780331291
28659,7449023303907364153
28660,7448860575976705292
28661,7448999946289679635
28662,7448808600400629050
28663,7448859082980658489
28664,7448785182158572839
28665,7448928143836073226
28666,7448885181462711610
28667,7448936879262633216
28668,7448786719773658426
28669,7448905688375512379
28670,7448642648811769124
28671,7448844603911900442
28672,7449324822028389683
28673,7449220659881823526
28674,7449289752806772018
28675,7449141148590902587
28676,7449121965811551488
28677,7449305507652783394
28678,7449331659775806770
28679,7449388982003060004
28680,7449147133837593867
28681,7449374086540643638
28682,7449167183504051492
28683,7449209167144946978
28684,7449388641446546707
28685,7449364185919524153
28686,7449351887536590137
28687,7449350334708796732
28688,7449392680582384907
28689,7449399528303709479
28690,7449176613197057337
28691,7449180779533389116
28692,7449155286713044275
28693,7449393721503681792
28694,7449356003633564968
28695,7449730073529158964
28696,7449773416565001530
28697,7449614407648300323
28698,7449778288639085887
28699,7449254886237162806
28700,7449667335033474316
28701,7449671890852941083
28702,7449758878759374138
28703,7449699340295195931
28704,7449553149339143484
28705,7449651660185554235
28706,7449655879479086393
28707,7449736750114557199
28708,7449717477505781050
28709,7449697692516748598
28710,7449565123443805480
28711,7449563490034994472
28712,7449555964304313619
28713,7449512810586885436
28714,7449419969038748991
28715,7449662551429827877
28716,7449693441501482275
28717,7449773773911330106
28718,7449701001528970533
28719,7449690979260517689
28720,7449697643669851452
28721,7449740954082233635
28722,7449702171773275443
28723,7449580249148329270
28724,7449420815914781988
28725,7449701314822556979
28726,7449513747959369017
28727,7449612698695847202
28728,7449922107598785802
28729,7449941727659576628
28730,7450015895801449767
28731,7449836528475344188
28732,7449835114961423643
28733,7449834433219267881
28734,7449898280433110309
28735,7449909590323514684
28736,7450045681382788389
28737,7449897981479882022
28738,7449917148983479615
28739,7450104318931307826
28740,7449837104747580708
28741,7450134096233237801
28742,7450058104898587944
28743,7450056394478243111
28744,7450103483153370383
28745,7449901217544686884
28746,7450133521500278053
28747,7449903731388222760
28748,7449911943307087158
28749,7449896917930167591
28750,7449959130887965952
28751,7450105994169896202
28752,7449942689019104547
28753,7450002151058787603
28754,7449913716620987660
28755,7449910522205556026
28756,7449915545991875866
28757,7450023182578257152
28758,7450020317478620451
28759,7449895907333541135
28760,7450002815386160384
28761,7449927303666175243
28762,7449931513535270178
28763,7449909970683825467
28764,7449911490901019938
28765,7449896993515785513
28766,7449927762476879131
28767,7449947773052488971
28768,7449942709101399323
28769,7449946610425007369
28770,7449917293280202044
28771,7449914971632291106
28772,7450088657085648164
28773,7449939121423928611
28774,7449913870530940160
28775,7449908574307781888
28776,7449958449636494650
28777,7449937944669998336
28778,7450020898049903907
28779,7450006437977230652
28780,7449941111323233575
28781,7450006731792370994
28782,7449920190848027963
28783,7449941308493319435
28784,7449838632447315238
28785,7449950610335567167
28786,7450030478448397631
28787,7449977191468764443
28788,7450062417091906876
28789,7449933588612549897
28790,7449955577976999180
28791,7449952189579054345
28792,7449903953606708492
28793,7449910587586399514
28794,7449973511780699433
28795,7449963835504610570
28796,7449931026693901580
28797,7449880505455054140
28798,7449842134091369769
28799,7449931670238645523
28800,7450390354370596115
28801,7450305281952599355
28802,7450394235888569637
28803,7450421611020209420
28804,7450194355605867787
28805,7450269648592866586
28806,7450309265543269641
28807,7450489436489452851
28808,7450240993539968266
28809,7450363441358867775
28810,7450354488537402658
28811,7450203902152068409
28812,7450338740607667491
28813,7450403248332131623
28814,7450164793677303049
28815,7450436373166820643
28816,7450329479433489675
28817,7450324323044265255
28818,7450265101866650938
28819,7450479153368927499
28820,7450418783606328628
28821,7450235975797574972
28822,7450438804961250600
28823,7450307123906432319
28824,7450432761367760164
28825,7450450818102349095
28826,7450377651660803385
28827,7450154199393848588
28828,7450422664809778489
28829,7450155037688483081
28830,7450446265059495187
28831,7450426370657701170
28832,7450319871159651596
28833,7450324900067298599
28834,7450318155169189155
28835,7450436822741667131
28836,7450499457659063602
28837,7450392514822966562
28838,7450374054135024937
28839,7450315949493734675
28840,7450203398298717450
28841,7450254210521648410
28842,7450377909904198975
28843,7450388151241035060
28844,7450307746202783003
28845,7450425473177324839
28846,7450373076325272890
28847,7450206028072865078
28848,7450405649512516905
28849,7450431881234943295
28850,7450342104821255465
28851,7450348791204515107
28852,7450212719678016831
28853,7450437582715899146
28854,7450330679621061929
28855,7450265744048213274
28856,7450295413850082611
28857,7450438799676411193
28858,7450270630978620730
28859,7450495707187825961
28860,7450365814017887546
28861,7450476951820717366
28862,7450462939255000374
28863,7449962845774679305
28864,7450067508507233563
28865,7450456886102510900
28866,7450439915663346956
28867,7450075148939562277
28868,7450063141905386810
28869,7450072053807353145
28870,7450433678485802290
28871,7450266700374625595
28872,7450363579821198650
28873,7450259487639735579
28874,7450332934768233787
28875,7450253736846380288
28876,7450348699886079271
28877,7450262772828474658
28878,7450409872111291706
28879,7450130807919856905
28880,7449988244034309426
28881,7450022650845449522
28882,7449952112324168969
28883,7450026399055891763
28884,7450057294328368421
28885,7450052736260869386
28886,7450050232336796964
28887,7449963439734230283
28888,7449999839829577012
28889,7450069158412291328
28890,7449961075551882531
28891,7449961279168498954
28892,7449975404095425804
28893,7450118519422864674
28894,7450091472461778228
28895,7450055441905634610
28896,7450384827511131428
28897,7450304311109684495
28898,7450360767318166803
28899,7450386897735601460
28900,7450261843056151819
28901,7450418010118032667
28902,7450170712150641974
28903,7450431979499146537
28904,7450472799996497204
28905,7450380911293631744
28906,7450738511961115942
28907,7450822598126095627
28908,7450754626166476082
28909,7450871817935293750
28910,7450635011360886055
28911,7450691475534302504
28912,7450742816952601867
28913,7450344183048555835
28914,7450765587300584738
28915,7450781345854393619
28916,7450755713833471290
28917,7450875189811744037
28918,7450825924028714278
28919,7450710193433890067
28920,7450843552860474682
28921,7450893942494727461
28922,7450695363670969611
28923,7450242213835001115
28924,7450045066862742847
28925,7450225805939985691
28926,7450062008763878713
28927,7450146005573586215
28928,7450115859374247231
28929,7450112359336643876
28930,7450346213397826873
28931,7450317364362546490
28932,7450177875547852086
28933,7450300808739982604
28934,7450495793368272186
28935,7450278459189841178
28936,7450423375664581922
28937,7450308171568008502
28938,7450097301072121151
28939,7450039797659290940
28940,7450064389840899388
28941,7450313459641650484
28942,7450331162142068020
28943,7450445217234291968
28944,7450342960165555508
28945,7450331984481504522
28946,7450503049270824252
28947,7450319568007892283
28948,7450504285034401081
28949,7450321769837120807
28950,7450708010898296116
28951,7450877193388870946
28952,7450815127567322380
28953,7450856570910493967
28954,7450778009474190619
28955,7450775200276270345
28956,7450811624799227175
28957,7450865006402374962
28958,7450863730834820361
28959,7450757797584637219
28960,7450749189593632057
28961,7450645078759984422
28962,7450807424916753700
28963,7450831916275633446
28964,7450886828921539855
28965,7450671118538542388
28966,7450751853660245305
28967,7450429437331492135
28968,7450667175997738266
28969,7450406276632153395
28970,7450703922320231695
28971,7450691085321489715
28972,7450802772938738953
28973,7450443257286380852
28974,7450864093012970786
28975,7450691777687768370
28976,7450820602744573235
28977,7450803761804610843
28978,7450734132855950629
28979,7450683915745971456
28980,7450459538169318714
28981,7450767996512931122
28982,7450731865062821131
28983,7450679078346165542
28984,7450739064577412364
28985,7450804856236920083
28986,7450815472326479131
28987,7450855555612167483
28988,7450715221741587723
28989,7450707195806649627
28990,7450738132569410854
28991,7450870133729332489
28992,7450337231685913907
28993,7450681264379530496
28994,7450877109196557622
28995,7450744472742235455
28996,7450778739752881444
28997,7450709171181292837
28998,7450760573450603826
28999,7450830208267029794
29000,7450667924055969075
29001,7450675400541293863
29002,7450721652733758759
29003,7450694601146371378
29004,7450649542963318053
29005,7450721958943001897
29006,7450656273076440356
29007,7450825460889488700
29008,7450740840927907129
29009,7450669581548424500
29010,7450641757215149327
29011,7450664123609779471
29012,7450764840953548032
29013,7450667626944040232
29014,7450330039855418635
29015,7450374560555257103
29016,7450239722867150116
29017,7450310247832407305
29018,7450419805967895846
29019,7450602690108837135
29020,7450809304975772943
29021,7450721433908563258
29022,7450832896039914788
29023,7450768171990125851
29024,7450751237928144178
29025,7450547985026403622
29026,7450714155071327546
29027,7450716692851756345
29028,7450814871861579065
29029,7450750089770978619
29030,7450622039313960249
29031,7450742526832561445
29032,7450638453823261961
29033,7450721437867953466
29034,7450682293267467561
29035,7450778076402699520
29036,7450704518179769641
29037,7450685700778855732
29038,7450884169254685992
29039,7450849423413873957
29040,7450818145385844003
29041,7450890022141578556
29042,7450887435229203769
29043,7450809581778799910
29044,7450855349730446607
29045,7450820713881144639
29046,7450828641472154920
29047,7450809140303170876
29048,7450838366788062491
29049,7450817718346960188
29050,7450876400967437602
29051,7450820732386299187
29052,7450864175481441599
29053,7450863326587800890
29054,7450876876807081231
29055,7450876655351991587
29056,7450861337216961846
29057,7450839984329837843
29058,7450877585917070655
29059,7450869661840854306
29060,7450870929795632422
29061,7450820207158775050
29062,7450676529450814771
29063,7450809847555067174
29064,7450874225029565755
29065,7450799467940384059
29066,7450769020514536758
29067,7450729251541617920
29068,7450854667279486265
29069,7450874064924724489
29070,7450754553990958396
29071,7450892293474684220
29072,7450751579231128858
29073,7450730900939214131
29074,7450798954209430799
29075,7450700721504210186
29076,7450755264518556965
29077,7450817988523068732
29078,7450811232740756786
29079,7450743612624653628
29080,7450755278817037577
29081,7450881953122749731
29082,7450820509807250740
29083,7450707919152106771
29084,7450724880632253750
29085,7450822124865916197
29086,7450817014563671305
29087,7450785127682149643
29088,7450719409150151990
29089,7450764531577392447
29090,7450873203892784425
29091,7450715723422272826
29092,7450787626455420210
29093,7450760665809112377
29094,7450703003591413043
29095,7450813918970203429
29096,7450746755248966966
29097,7450802341487381787
29098,7450725517231246602
29099,7450726276295429388
29100,7450667577195416883
29101,7450685595396885779
29102,7450675661435391268
29103,7450762539991911731
29104,7450673442476526911
29105,7450656066527857979
29106,7450751088757656832
29107,7450758069639843132
29108,7450794286850919695
29109,7450699440911830291
29110,7450673626983976228
29111,7450675837155757322
29112,7450707050570583306
29113,7450671201602620732
29114,7450661651424054563
29115,7450697501918694667
29116,7450683269135207721
29117,7450844327133170970
29118,7450659272926874889
29119,7450683547284770057
29120,7450693797765303591
29121,7450683213573328178
29122,7450662108032765203
29123,7450691240913325322
29124,7450661502958177571
29125,7450679776706039055
29126,7450657945332763943
29127,7450729167865253178
29128,7450716108451073337
29129,7450686910852353280
29130,7450859550007201075
29131,7450773612098833683
29132,7450683302375132479
29133,7450856421224090930
29134,7450806869129481510
29135,7450651361839975706
29136,7450678687692885302
29137,7450772494904053028
29138,7450684673711197451
29139,7446268669157477668
29140,7447716897371573516
29141,7450444275604589874
29142,7450706593903021370
29143,7447494985580154166
29144,7449392658574888233
29145,7449570735657372986
29146,7449882402119224603
29147,7450477835271048484
29148,7450486467291319612
29149,7450659869469740338
29150,7450862199813246258
29151,7450811624799178023
29152,7450721186209631528
29153,7450804142156647737
29154,7450692591621885242
29155,7450694490601426236
29156,7450749798887476530
29157,7450641985154698531
29158,7450732820013649202
29159,7450793611265953084
29160,7450802055079349542
29161,7450738612292816187
29162,7450700250987187492
29163,7450700618001370425
29164,7450489595596246323
29165,7450358296814406953
29166,7450165936851651899
29167,7450306955895115043
29168,7450472625609985321
29169,7450515232318836028
29170,7450460706455047461
29171,7450864655993523483
29172,7450704870283201827
29173,7450764902404328762
29174,7450831337906244915
29175,7450886549903789366
29176,7450861638082710796
29177,7450830255062814002
29178,7450709652347637050
29179,7450390492606434612
29180,7450402913937132815
29181,7450426778734152996
29182,7450465349553769739
29183,7450426147378072883
29184,7450398314912173327
29185,7450426165757562172
29186,7450429983475928360
29187,7450438987002465575
29188,7450464083834424615
29189,7450443936755092793
29190,7450507799995419919
29191,7450503310416661800
29192,7450423662701858067
29193,7450412614187846949
29194,7450420096557747482
29195,7450416037423516968
29196,7450410819139013898
29197,7450507444100418851
29198,7450407515625442595
29199,7450460485712907531
29200,7450400569723784507
29201,7450409487975959858
29202,7450684384723651892
29203,7450783779725020475
29204,7450816909089525011
29205,7450796455494733107
29206,7450708474310249788
29207,7450782438063607090
29208,7450780664095460619
29209,7450676781805227302
29210,7450785638577704226
29211,7450763536537603382
29212,7450851885923257610
29213,7450612023785835810
29214,7450659477562428723
29215,7450832734718561571
29216,7450871629262998820
29217,7450657084661697849
29218,7450779562121694479
29219,7450877420304928059
29220,7450798189289966863
29221,7450883590184914230
29222,7450794691437645083
29223,7450895230527704383
29224,7450779260932853044
29225,7450752730253053244
29226,7450785223127649587
29227,7450805536926305590
29228,7450720388759309626
29229,7450869054337781050
29230,7450838152131988796
29231,7450868439872294201
29232,7450707803120962826
29233,7450783310013402418
29234,7450820295981665574
29235,7450890502074830131
29236,7450684840007044409
29237,7450842768328396067
29238,7450677292679974154
29239,7450651317577469244
29240,7450694578618879243
29241,7450702087912033536
29242,7450885423863254324
29243,7450723848938327334
29244,7450667321682627892
29245,7450691273901509915
29246,7450718342672862501
29247,7450758448007957771
29248,7450707684933848377
29249,7450696567155199291
29250,7450737199353564455
29251,7450702070711192867
29252,7450706962288807227
29253,7450712188689403195
29254,7450711439544732943
29255,7450701360074345791
29256,7450708231317490998
29257,7450699320124394812
29258,7450708062110846249
29259,7450711917976423732
29260,7450811624664993065
29261,7450715049280195876
29262,7450703972014361875
29263,7450775640447421730
29264,7450780199681084709
29265,7450705225746222374
29266,7450711165665021203
29267,7450806371110358331
29268,7450775396028632383
29269,7450708161855638835
29270,7450714541350079780
29271,7450705345367821583
29272,7450827433902722356
29273,7450698787166620937
29274,7450704600564256040
29275,7450728906656582948
29276,7450718560223005961
29277,7450709250348698931
29278,7450735339850845475
29279,7450708802170604819
29280,7450718447421508914
29281,7450776760494411065
29282,7450840095172693258
29283,7450714758061296922
29284,7450834719689821498
29285,7450756459442326784
29286,7450805299155422523
29287,7450721119440522534
29288,7450780593584901411
29289,7450894738644880680
29290,7450712465924508979
29291,7450806114188397884
29292,7450853470795517184
29293,7450829082574572841
29294,7450702344695582010
29295,7450826892648697139
29296,7450702641572662591
29297,7450721764449078578
29298,7450752874146958607
29299,7446378520420338982
29300,7446306787411725606
29301,7446325786518342975
29302,7446294363774274870
29303,7446201811905678642
29304,7446324380960967963
29305,7446317786260868391
29306,7446419416880794889
29307,7446721113041816884
29308,7446585984541527337
29309,7446540801544293690
29310,7446720487977225512
29311,7446714180465331490
29312,7446818185526971683
29313,7446745418353954063
29314,7446923653347904768
29315,7446928778040823050
29316,7446817946799852859
29317,7446909448464944394
29318,7447479192167484682
29319,7447549697712983356
29320,7447538590244015379
29321,7447259274780151099
29322,7447277836215258425
29323,7447269064566656293
29324,7447545325037948160
29325,7447285357969706297
29326,7447294228532579622
29327,7447631536557526312
29328,7447469190451088700
29329,7447614727884213519
29330,7447653954298662181
29331,7448214827589225767
29332,7448214562785987877
29333,7448172679795838243
29334,7447829470779542847
29335,7448182548573818148
29336,7448114223399439666
29337,7448237715344100658
29338,7448262220305206568
29339,7448160760691199273
29340,7448080033366789436
29341,7448016535714663721
29342,7448259980450385186
29343,7448220293803330854
29344,7448127111199526154
29345,7448050227145116985
29346,7448237522779524378
29347,7448160480104942911
29348,7448160224835407143
29349,7448181483707157794
29350,7448186028415880486
29351,7448153950852779324
29352,7448245141665598759
29353,7448203706576702732
29354,7448099676307377444
29355,7448295292203502882
29356,7448610306399554856
29357,7448270294566997284
29358,7448633914815450408
29359,7448644024631627045
29360,7448211602404347175
29361,7448154558682975514
29362,7448576946188881202
29363,7448562780162116900
29364,7448570804889079074
29365,7448449218814971172
29366,7448428975212285242
29367,7448568078562037027
29368,7448208858675285274
29369,7448515203605597499
29370,7448574202073926921
29371,7448475152309832975
29372,7448615968097488164
29373,7448509770581019930
29374,7448657597302836514
29375,7448452823638904122
29376,7449023363722399003
29377,7448915946384723258
29378,7449008314165366016
29379,7449326898796039436
29380,7449131076393471258
29381,7449101822003858688
29382,7449180077146869051
29383,7449131593576369408
29384,7449055905716407587
29385,7449248750482033931
29386,7449423619282849065
29387,7449473279988895026
29388,7449510420244647219
29389,7449701333587791158
29390,7449781258621586740
29391,7449427877872897321
29392,7449357493001555257
29393,7449610968918789433
29394,7449798904142400822
29395,7450152304583494950
29396,7449768541978512659
29397,7450094761681227048
29398,7450101384789118208
29399,7450053237773716746
29400,7449944085500022076
29401,7450035585286262052
29402,7450265213820996904
29403,7450254567272369460
29404,7450630199038709042
29405,7450523082512469260
29406,7450754216051674380
29407,7450806668977311017
29408,7450569391634156841
29409,7450638664872316186
29410,7450872671534927143
29411,7450802610665196810
29412,7451224267334733090
29413,7450420970453601577
29414,7451115614032252219
29415,7451002013342534963
29416,7451217153010765114
29417,7451221132402756874
29418,7451057042384571660
29419,7451062274262830346
29420,7446169073693625650
29421,7446084318604053811
29422,7446431594304359740
29423,7446098489869700371
29424,7446109555508940092
29425,7446117060662316351
29426,7446496320891768091
29427,7446706660921429287
29428,7447092552416644402
29429,7446944579472854332
29430,7446945367540682034
29431,7447005266064756027
29432,7447039805403237691
29433,7446932694782446884
29434,7446963191692660002
29435,7446941661843819814
29436,7447046842736594187
29437,7447043677375057152
29438,7447335868085308729
29439,7447446963995364667
29440,7447384186282937651
29441,7447196499601001764
29442,7447478050398293307
29443,7447381106875174202
29444,7447500040517471488
29445,7447553831522536743
29446,7447323596352998713
29447,7447653833863466297
29448,7447670534009015561
29449,7447331997120253238
29450,7448162301368093979
29451,7448241578348432680
29452,7448210319891074343
29453,7448274293626031394
29454,7448051630425115961
29455,7448156526457392441
29456,7448190784685329721
29457,7448574770272144692
29458,7448139424136842523
29459,7448622079324261641
29460,7448254918948867328
29461,7448421507686075657
29462,7448410856217398586
29463,7448845893920427279
29464,7448930136516300069
29465,7449175949951765817
29466,7449224767267212602
29467,7449217591740042537
29468,7449276550853184802
29469,7449321667878341924
29470,7450500232539934010
29471,7451052813804768570
29472,7446447218925571386
29473,7446506327066610944
29474,7446471402242329871
29475,7446590391509470474
29476,7447069875836620072
29477,7447051050374270242
29478,7447817438885956921
29479,7448243250785291554
29480,7448079072703384869
29481,7446167195182271778
29482,7446421061106797878
29483,7446023617701350696
29484,7446184029310815523
29485,7446256929573276928
29486,7446735927939992869
29487,7446772763366362419
29488,7446544784275098915
29489,7446603352181427467
29490,7447079981970165027
29491,7447154185130249531
29492,7447518759989857563
29493,7447386751225580827
29494,7447436135120309504
29495,7447647850768403775
29496,7447571975775604018
29497,7447699727841283347
29498,7447112589751962930
29499,7447076471920725286
29500,7447477483995172123
29501,7447494208719473958
29502,7447818930095148325
29503,7448214352429157689
29504,7448956681150647602
29505,7448968098499038475
29506,7450836853479017763
29507,7450787234648739081
29508,7446389602367196467
29509,7446338685001305385
29510,7446237943125003572
29511,7446051272437845282
29512,7446229584107900217
29513,7446181259082075403
29514,7446380441319247113
29515,7446190718072147240
29516,7446276898214235451
29517,7446180110681607481
29518,7446221040256044323
29519,7446209921600752948
29520,7446180999295225115
29521,7446081904513781027
29522,7446170040006724922
29523,7446082909322104090
29524,7446385689337318683
29525,7446752098336754981
29526,7446650766103809331
29527,7446710999136111923
29528,7446574448129494310
29529,7447170536393706802
29530,7447043439839005986
29531,7447618528628247808
29532,7449277691662044443
29533,7449680836380691762
29534,7450041452379327784
29535,7446302996876512538
29536,7446360690136255753
29537,7446388509843180851
29538,7446516685617614119
29539,7446328087047949619
29540,7446751452971765003
29541,7446597090219658496
29542,7446565654435515659
29543,7446608657359375652
29544,7446554199246081289
29545,7447501963463314740
29546,7448243674330221883
29547,7450252493730204988
29548,7446647494823480595
29549,7446500312157785344
29550,7446602442264956160
29551,7446613249371409683
29552,7446727850507504955
29553,7446607137469500687
29554,7446733388284726586
29555,7446576175805140262
29556,7446609520966651155
29557,7446610875458391307
29558,7446664488499170575
29559,7446719659430235450
29560,7446612160437849355
29561,7446548626391747894
29562,7446591111868599578
29563,7446585438946610489
29564,7446447449222204710
29565,7446573997250055459
29566,7446720073881898303
29567,7446559211863018812
29568,7446728078325239097
29569,7446706530625359158
29570,7446610984279641344
29571,7446723498145320192
29572,7447087684452879653
29573,7447127368981957926
29574,7447123266277264680
29575,7447142200531602742
29576,7447318292852706575
29577,7447476978577313035
29578,7447840691931057448
29579,7447922734576766249
29580,7447901020216249652
29581,7448286868061375784
29582,7448027545544527130
29583,7448119484369407292
29584,7448204965467802917
29585,7448426578423385381
29586,7448602612095585593
29587,7448945975223160124
29588,7448841195263905076
29589,7448946909080849721
29590,7448975789405539643
29591,7449088323836054834
29592,7449307543626616090
29593,7449559387833683260
29594,7449563750228593930
29595,7449959637480131849
29596,7450428574407888186
29597,7446635554327792947
29598,7446547528268516660
29599,7446775250890591548
29600,7446651227158400295
29601,7446558823235521831
29602,7446446394111479103
29603,7446772682495954187
29604,7447102560009243945
29605,7447039055927283003
29606,7446961665406487858
29607,7446313625075191067
29608,7446361832534592827
29609,7447673523746770212
29610,7446074293911424307
29611,7446258999726476598
29612,7446656514472906035
29613,7446630965759200547
29614,7446447598745029929
29615,7446560172413029691
29616,7447374015997496636
29617,7447504819192909056
29618,7447554579664751909
29619,7447783404889787700
29620,7447561413108829494
29621,7448089185606470939
29622,7448675735880961306
29623,7448893215882611980
29624,7448804297980103947
29625,7448855146538241340
29626,7449633352589528331
29627,7450409911306947903
29628,7451244749052267814
29629,7446253463002025227
29630,7446591043195145524
29631,7446786059167370546
29632,7446620042487287079
29633,7446736042402549027
29634,7446750879878860092
29635,7446755919075101971
29636,7446724769774325028
29637,7446705587972246836
29638,7446699622162124047
29639,7446781107057577256
29640,7446683194528714021
29641,7446751686674107687
29642,7446695185746087205
29643,7446701532181056778
29644,7447070568232373515
29645,7447138936721345792
29646,7446843609418042633
29647,7447095014464752956
29648,7446969232316697856
29649,7447084465949642047
29650,7446990785163136316
29651,7446995489515441418
29652,7447054661292494117
29653,7447090305054035200
29654,7446911580089896249
29655,7446989876941081882
29656,7447077823396793651
29657,7447091865523916047
29658,7447082609517137215
29659,7446739958657846563
29660,7447436868783803660
29661,7447472661069958457
29662,7447457350501305650
29663,7447406311370804506
29664,7447406059070819584
29665,7447553861541317923
29666,7447506506670460219
29667,7447355625522220340
29668,7447430696164969779
29669,7447808015492713791
29670,7447783516487699775
29671,7447796310435990818
29672,7447824155493354786
29673,7447852886014315813
29674,7447704748423171385
29675,7447822497073990931
29676,7447833855295278393
29677,7447741157741841690
29678,7448175525673045267
29679,7448247352281861413
29680,7448182829210422591
29681,7448182883027668239
29682,7448073186035469578
29683,7447836033808387339
29684,7448121068331502905
29685,7448483413935344956
29686,7448302445903564047
29687,7448543849250655548
29688,7448293899426204968
29689,7448947037179006249
29690,7448929449208286514
29691,7448853018168003899
29692,7449201567611292966
29693,7448297849852284194
29694,7449590776419323195
29695,7449688975872216332
29696,7449876875096132902
29697,7449953154596195593
29698,7450010239262330147
29699,7450802514624023860
29700,7450692201912208700
29701,7450395270493310245
29702,7450833300039486770
29703,7446446487598288188
29704,7446573443140685115
29705,7446582000372174139
29706,7447254496306138426
29707,7447786913089457468
29708,7446131122041408818
29709,7446252544227052840
29710,7446555572914146620
29711,7446276788768017715
29712,7446812392551484729
29713,7446941770941828410
29714,7448089066987343141
29715,7449327547118030143
29716,7446680524812225843
29717,7446760208258321700
29718,7446725148956183865
29719,7446670135542271243
29720,7446666811136888098
29721,7446630403491859746
29722,7447234661828267315
29723,7447414269504736562
29724,7447283828235832576
29725,7447783531964550419
29726,7446250163305303296
29727,7446358908450377017
29728,7446109834312830243
29729,7446189240548871436
29730,7446491989865925888
29731,7446497678386613556
29732,7446645485760351499
29733,7446679760400370996
29734,7446632718470745379
29735,7446679542384626984
29736,7446557112978787643
29737,7446801077183302969
29738,7446838334732750137
29739,7446984181638270267
29740,7446885727759060284
29741,7447396424343473420
29742,7447814295745875209
29743,7448280432237432127
29744,7449194044934212876
29745,7449638536623443209
29746,7446315401958542644
29747,7446373971546754344
29748,7446188494386400570
29749,7446250615753166140
29750,7446255452779842854
29751,7446216178747460903
29752,7446236218800590140
29753,7446245736569720073
29754,7446335592012582153
29755,7446191392826641718
29756,7446299609665637682
29757,7446109072304115004
29758,7446200022904982842
29759,7446173767492980026
29760,7446211610323979577
29761,7446172085107445050
29762,7446169576879983922
29763,7446131077598465330
29764,7446324134889524534
29765,7446071705476353331
29766,7446178608344780067
29767,7446252458306784571
29768,7446276919810690358
29769,7446126161375071546
29770,7446252036074523954
29771,7446165985523977483
29772,7446157944497966363
29773,7446321722577489215
29774,7446642825594277158
29775,7446569226690645284
29776,7446637108875382056
29777,7446598129807346954
29778,7446610501104192807
29779,7446791251283676474
29780,7446934974147628325
29781,7446989640260701498
29782,7447121971847925031
29783,7446966919447547188
29784,7446941811118968123
29785,7447045726841916724
29786,7447459752205978891
29787,7447537642784214284
29788,7447315821472353595
29789,7447380904219053349
29790,7447449610865413413
29791,7447379270273338684
29792,7447515891249581370
29793,7447438654399728911
29794,7447418922103590194
29795,7447460190540074298
29796,7447664606887054651
29797,7447841633707642124
29798,7448228998171086090
29799,7448082220620844347
29800,7447931618746060071
29801,7448095879057214732
29802,7449018403865578762
29803,7449021135649295653
29804,7448834308267199804
29805,7449409766075550985
29806,7449333311404526875
29807,7449322619402259739
29808,7449263019231694080
29809,7449218589963373843
29810,7449614130199219493
29811,7449568280366419226
29812,7449353098734226707
29813,7449582103123004707
29814,7449991669358857472
29815,7449958477096848651
29816,7450425613136956682
29817,7450351399667289353
29818,7446097949236448572
29819,7446679801173232915
29820,7446775917885672730
29821,7446549723604929849
29822,7446729692557675828
29823,7446752213961018684
29824,7446709495973137683
29825,7446692516927114554
29826,7447113836986961212
29827,7447356996459842853
29828,7447450066094230811
29829,7447527621178576165
29830,7447542300877622554
29831,7447540708396797234
29832,7447797073723919627
29833,7447768071932005684
29834,7447794645175733556
29835,7447715138817297683
29836,7447818016147967270
29837,7447729841115352370
29838,7447737518386138420
29839,7447808329184775482
29840,7447834833423732019
29841,7447855430354603298
29842,7447746622663953718
29843,7447786298909265152
29844,7447826445470010682
29845,7447772180525452604
29846,7447806362744032549
29847,7447913593900649766
29848,7447739854240189759
29849,7447943061423934777
29850,7447950027990895906
29851,7448264339460558115
29852,7448024393256668450
29853,7448442911898848539
29854,7448460601765924131
29855,7448463072445861159
29856,7448464143406877988
29857,7448981122744208678
29858,7448883782163123465
29859,7449251621122346259
29860,7447118346874670387
29861,7446907643857276219
29862,7447415433155677497
29863,7447500826098126107
29864,7448582550919990565
29865,7449699873219218727
29866,7450303234696039715
29867,7450743677099445541
29868,7450841260627201292
29869,7446323665291038015
29870,7446338326153530662
29871,7446348258667957564
29872,7446358720583306547
29873,7446343676575403299
29874,7446322460724677915
29875,7446314326669004083
29876,7446353650194074915
29877,7446351815324536105
29878,7446312910466436352
29879,7446369230594805050
29880,7446435673831148809
29881,7446372938502196495
29882,7446353860135767322
29883,7446325987983281443
29884,7446434102334524706
29885,7446315279166049555
29886,7446353818385698058
29887,7446433661387361562
29888,7446439062891810105
29889,7446357434458819903
29890,7446341752698457403
29891,7446373757905685801
29892,7446414480797355321
29893,7446390442406481187
29894,7446336114161470755
29895,7446353587665456384
29896,7446425303347498275
29897,7446400318432136448
29898,7446354618856017161
29899,7446423337103838521
29900,7446440623453801769
29901,7446372452998909234
29902,7446369627308854567
29903,7446370187047193919
29904,7446367385742839090
29905,7446403730712382732
29906,7446615365632740659
29907,7446583685651991862
29908,7446608714506767656
29909,7446628192523209995
29910,7446779540984139045
29911,7446590526926638336
29912,7446766571583769916
29913,7446706186491071778
29914,7446724616787217690
29915,7446613619720211751
29916,7446611269559291188
29917,7446808054999387430
29918,7446612702941760787
29919,7446443392680217896
29920,7446702378243362088
29921,7446568646882692393
29922,7446723142023728410
29923,7446468667161840950
29924,7446713894820711740
29925,7446592653988351266
29926,7446733809883647295
29927,7446629924292676902
29928,7446704978242112806
29929,7446710179304918299
29930,7446668240580857129
29931,7446757022256663862
29932,7446460450549648697
29933,7446718988219927845
29934,7446795279988215092
29935,7446424255417404672
29936,7446734232975691008
29937,7446609579972054329
29938,7446597391911849256
29939,7446666787644607754
29940,7446712781962743040
29941,7446571133433957692
29942,7446660885541621004
29943,7446712763109428516
29944,7446560375354576139
29945,7446675780261678346
29946,7446680465576103168
29947,7446602470815468860
29948,7446698141107146043
29949,7446574228196838695
29950,7446448016480947519
29951,7446741655064956170
29952,7446716695412100352
29953,7446575711856381236
29954,7446623408713895178
29955,7446715949085986108
29956,7446700883150196022
29957,7446456140356914472
29958,7446612190167190793
29959,7446692675673279763
29960,7446767963606191398
29961,7446604501001227530
29962,7446597911942679865
29963,7446625360843787546
29964,7446552107324329253
29965,7446575074859109690
29966,7446570097512090907
29967,7446453668087434534
29968,7446635936814861583
29969,7446595968998427942
29970,7446507396161097011
29971,7446668415042964773
29972,7446689344946982163
29973,7446693280571460923
29974,7446511025538583858
29975,7446705546704456995
29976,7446666758099963177
29977,7446447237552426240
29978,7446543284425559346
29979,7446664077415386394
29980,7446694521183800633
29981,7446741144656039207
29982,7446731634960878858
29983,7446588717256510778
29984,7446588684486413620
29985,7446668929138724155
29986,7446562124412800271
29987,7446581906172349748
29988,7446681199277264164
29989,7446606705707830591
29990,7446672780126375183
29991,7446686280202685750
29992,7447099286807924018
29993,7446956160516656418
29994,7447124040029916474
29995,7447065027439365391
29996,7446967750502796601
29997,7446981115421805876
29998,7447026246900305191
29999,7447032267018358016
30000,7446813590230699264
30001,7446832012075289914
30002,7446923440273001788
30003,7447043657485569320
30004,7447015532324261147
30005,7447072322965589306
30006,7446974182140677435
30007,7447081992790822201
30008,7446916021300038963
30009,7446964926993681675
30010,7447038276948479292
30011,7447059095586114825
30012,7446835187998051584
30013,7447017786246712613
30014,7447081692600274215
30015,7447045510294293819
30016,7447069318656970003
30017,7446766453564443954
30018,7447095722496838924
30019,7447135404387470652
30020,7446956445205073209
30021,7446999290205064506
30022,7447172570316557608
30023,7446989388573150514
30024,7446949935242644746
30025,7446951438766443830
30026,7447081838675348796
30027,7446972739711274277
30028,7447045090758921509
30029,7447045320720092475
30030,7447058783295016249
30031,7447068979140644111
30032,7447424271271415076
30033,7447356585439022394
30034,7447423956375653669
30035,7447303839725767986
30036,7447316005845585171
30037,7447550514079763750
30038,7447335302185618724
30039,7447361713973792063
30040,7447418616728866108
30041,7447425688472259899
30042,7447549404875099444
30043,7447326004353174824
30044,7447549156744318262
30045,7447733423638203685
30046,7447854946961100092
30047,7447813917780364579
30048,7447836290826997052
30049,7447848071234342201
30050,7447867706570771769
30051,7447734429700590886
30052,7447795810558807330
30053,7447734576509717797
30054,7447557094527503625
30055,7447736099411217690
30056,7447735917311315250
30057,7447849677732531471
30058,7447736101529193755
30059,7447882081188842788
30060,7447925277000273189
30061,7447804904862698815
30062,7447747564109057320
30063,7447876845061573888
30064,7447618377176108346
30065,7447743935021124924
30066,7447735097047977253
30067,7447754893265358095
30068,7447841029199383859
30069,7447771442277600575
30070,7447734544607890698
30071,7447771246722321724
30072,7447567914430893349
30073,7447865868182129956
30074,7447793411131706636
30075,7447730765606980879
30076,7447812925386968320
30077,7447767034210815258
30078,7447735970646068518
30079,7447804277633944889
30080,7447661315293744442
30081,7447854328313908518
30082,7448269255344131378
30083,7448056979613945107
30084,7448253119953177882
30085,7448220035308326171
30086,7448076954332335397
30087,7448101387705093433
30088,7448147386691554601
30089,7448133963958226239
30090,7448127098616679732
30091,7447798230299053375
30092,7448212479026449690
30093,7448230832717843769
30094,7448174467718663482
30095,7448124128902516026
30096,7448124472080567611
30097,7448257733578509626
30098,7448143863862152499
30099,7448202271952850236
30100,7448091999078501651
30101,7448093271273786674
30102,7448081978508709170
30103,7448168582048910592
30104,7448093309873999114
30105,7448195662987939126
30106,7448054980956769546
30107,7448259681987956027
30108,7448093706839772426
30109,7448081927392775474
30110,7448200086993030441
30111,7448115221572422969
30112,7448081868265704731
30113,7448234508987518223
30114,7448050610332585235
30115,7448171632155299108
30116,7448175970768424251
30117,7448275525870669115
30118,7448081747733974281
30119,7448112890277580095
30120,7448111624629636362
30121,7447940502898412859
30122,7448296327609470249
30123,7448594423862021434
30124,7448610528655641916
30125,7448472754917068058
30126,7448470777105550650
30127,7448112468099894578
30128,7448112476731804938
30129,7448082125523324198
30130,7448082395984579890
30131,7448082260076645682
30132,7448499157154778425
30133,7448082746913656102
30134,7448578382482230569
30135,7448489756796669195
30136,7447830765011864870
30137,7448625170299833660
30138,7448442483417042228
30139,7448433364840779034
30140,7448552351851416882
30141,7448608026367397135
30142,7448606084459220265
30143,7448505257149074688
30144,7447086084263087370
30145,7448522090879143220
30146,7448944876621810978
30147,7448846000715844923
30148,7448957469864332604
30149,7448853766327045411
30150,7448978597366271270
30151,7448970713077255474
30152,7448823430830509371
30153,7448943553419562277
30154,7448764941324127525
30155,7448904191721901350
30156,7448828637979184442
30157,7448768386047315227
30158,7448826734511656202
30159,7448810222421921034
30160,7448828667620314426
30161,7448885255232081161
30162,7449271684730801408
30163,7449184588498324794
30164,7449329420625628476
30165,7449218249486552379
30166,7449296970625125683
30167,7449288120584932665
30168,7449315400115834169
30169,7449261011292458291
30170,7449343666306567424
30171,7449219096241081638
30172,7449331747789049128
30173,7448871593817722138
30174,7449295397153000719
30175,7448871412783238426
30176,7449319778583334196
30177,7449040458719726907
30178,7449248409510366502
30179,7449303361653886227
30180,7449199089226485049
30181,7448871576251960602
30182,7449381631317544201
30183,7448835633625222411
30184,7448836177399958820
30185,7449377088068390201
30186,7449204698722110771
30187,7449377483595484457
30188,7449296642819231014
30189,7448871545109302554
30190,7448835318876327179
30191,7449321939765693715
30192,7449666806089796921
30193,7449677144306797881
30194,7449555884897799443
30195,7449650409666399503
30196,7449606076535819572
30197,7449677001285324042
30198,7449617915663469858
30199,7449296898600488244
30200,7449660688940780839
30201,7449697986575158591
30202,7449674732649123072
30203,7448620064862899482
30204,7449523806588144907
30205,7449681489387654441
30206,7449572700634271036
30207,7449938720523816242
30208,7450117847289974067
30209,7449937793754664228
30210,7449986799700675890
30211,7449953178742836538
30212,7450005391137623331
30213,7449954106451447094
30214,7450018528939347257
30215,7450065228064247090
30216,7450090978318339366
30217,7450103935219600674
30218,7449187887117110568
30219,7450149634359446844
30220,7450063515995442484
30221,7450031890393779514
30222,7449184813136760079
30223,7450066355845434665
30224,7450000947008245050
30225,7449945312971590922
30226,7450046107171802426
30227,7449889812359810316
30228,7449183233041861903
30229,7450016339407817984
30230,7450074900536118578
30231,7450311224262184202
30232,7450338044378484028
30233,7450359006079536399
30234,7450368235104423206
30235,7450422269525970211
30236,7450179753459469602
30237,7450343137001753891
30238,7450326472037895482
30239,7450309409877675321
30240,7449920068424584500
30241,7450304071438732604
30242,7450393254060723466
30243,7450305283944959271
30244,7450302800925412635
30245,7450403690835397925
30246,7450474607095614778
30247,7450513435948797211
30248,7450365545293057343
30249,7450701162333965620
30250,7450623042268532019
30251,7450803635652431116
30252,7450725996489084218
30253,7450842355608866106
30254,7450748890543918375
30255,7450831001267342650
30256,7450806244073393418
30257,7450715790120144188
30258,7451073200043101467
30259,7450915198669507894
30260,7451126339245034809
30261,7450414475162783002
30262,7450778333433941248
30263,7450418014178004261
30264,7450692214520368444
30265,7450679738701548815
30266,7451052923611630848
30267,7451105823213849893
30268,7451153626233343258
30269,7450947812046490880
30270,7450916439122365750
30271,7450897491727240508
30272,7451015051433053500
30273,7451058531417034043
30274,7451058620357184780
30275,7451009365290568970
30276,7450902332155514123
30277,7451047931311885594
30278,7451054191058930944
30279,7450992962051312955
30280,7451036933720984895
30281,7451263383476784436
30282,7451085443447278898
30283,7451054988580752666
30284,7451069867484040482
30285,7451049600787516731
30286,7451061866643590419
30287,7451168399394082086
30288,7451195592857980194
30289,7451119561232944436
30290,7450896925966093580
30291,7451043350934867215
30292,7451033682468424975
30293,7450968941184290082
30294,7450742314609200394
30295,7450773521849961755
30296,7451043064434445608
30297,7450972367469301026
30298,7451045380294233379
30299,7451243396619947273
30300,7450989039047494970
30301,7450994085759864127
30302,7451019678404709671
30303,7451068726905998651
30304,7451069187100773666
30305,7451058314550529337
30306,7451092412031634740
30307,7451027966731111720
30308,7450980689043885353
30309,7451149978359041316
30310,7450996952314973497
30311,7451012735589993747
30312,7451120341583252794
30313,7451025832920894754
30314,7451055604904299812
30315,7451152746138373387
30316,7451187985028009275
30317,7451148591135051035
30318,7451027850964061467
30319,7451031902506585370
30320,7451060887189867813
30321,7451175477315718410
30322,7451213386857172276
30323,7449612112906685707
30324,7450885315016920360
30325,7451119657911668031
30326,7451017529067113765
30327,7451062000408333625
30328,7451203818685058341
30329,7451090051095629066
30330,7451050423953149244
30331,7451089097545895195
30332,7451254410547563776
30333,7451127788179967266
30334,7451093469080079666
30335,7450908847968914723
30336,7451232275070487844
30337,7451058056659602723
30338,7451252240356101426
30339,7451062896395668793
30340,7451014829650808074
30341,7446439065051729164
30342,7447823393572916514
30343,7448464327939575100
30344,7448458193769860352
30345,7451153450110324026
30346,7451101038486080809
30347,7451120653320719656
30348,7451071281513975094
30349,7451089466392841508
30350,7451213462971157795
30351,7451076154175311138
30352,7451093060324216103
30353,7451200177353919794
30354,7451117899298688306
30355,7451161748838583564
30356,7451210365053963560
30357,7451142285233802555
30358,7451234209152257339
30359,7451181185318817060
30360,7451116848856239371
30361,7451098749042052391
30362,7451146332485455163
30363,7451164694229847332
30364,7451113734874926374
30365,7451255930311822643
30366,7451131208164969763
30367,7451201367957392677
30368,7451118341462248730
30369,7451091096597253427
30370,7451256671516527930
30371,7451224283931610377
30372,7451154405526703400
30373,7451208347182697780
30374,7451256155797507340
30375,7451132229310303527
30376,7451201601311739193
30377,7451117097922481423
30378,7451186766796688699
30379,7451249781537590591
30380,7451106000507063588
30381,7451178449894526219
30382,7451262907972619572
30383,7451114913302465842
30384,7451201790604856634
30385,7451026208487230772
30386,7450889108097993994
30387,7451045591250930998
30388,7451032488727694652
30389,7451075819276979492
30390,7451066641556819211
30391,7451029400746724646
30392,7451046371626355987
30393,7451072642540539190
30394,7451038191441792268
30395,7451039567664155967
30396,7451121141655145787
30397,7451011958259715364
30398,7451022399249632564
30399,7451067972572957967
30400,7451183445381860658
30401,7451034119410076938
30402,7451014754191101243
30403,7450984449413532985
30404,7451066209837026594
30405,7451082824435666214
30406,7451220700221705498
30407,7451053716448234786
30408,7451062883921775883
30409,7451045464385801498
30410,7451053963241180468
30411,7451098958341950729
30412,7451091970862157065
30413,7451076696360422706
30414,7451059933518335259
30415,7451167057858563379
30416,7451069235297635620
30417,7451066198717959484
30418,7451185140518161683
30419,7451214072927833378
30420,7451053372788002060
30421,7451052007986629898
30422,7451056450111098131
30423,7451028838676483363
30424,7451045207463808290
30425,7451065073876978953
30426,7451057772789140747
30427,7451058569216019775
30428,7451022844043005224
30429,7451144938567240999
30430,7451046132269993235
30431,7451107509026295077
30432,7451089786980388148
30433,7451042212369992971
30434,7451170977465044234
30435,7451037477172677897
30436,7451035204740779264
30437,7451063743934369075
30438,7451068288672615737
30439,7451068678143102260
30440,7451127776653970727
30441,7451052488859323684
30442,7451067212913495296
30443,7451059033085185280
30444,7451054384261139750
30445,7451042224441199912
30446,7451060010861284643
30447,7451038107987741963
30448,7451088830284713225
30449,7451161867835165964
30450,7451098115802713383
30451,7451039179363880218
30452,7451020253686975755
30453,7451065967427276092
30454,7451099896268082443
30455,7451062682440043830
30456,7451065407215111459
30457,7450893794095942922
30458,7451099933010185506
30459,7451034523581697291
30460,7451160418149551412
30461,7451189861182131468
30462,7450690130538515749
30463,7450827876720512290
30464,7450873864294321418
30465,7451183926837529894
30466,7451203850578578738
30467,7451135041582763276
30468,7451137046992669962
30469,7451067620889087289
30470,7450888410954304808
30471,7451088321125682444
30472,7451257302906129701
30473,7451231521081429248
30474,7450990420915522827
30475,7451213612460428604
30476,7451263605632240955
30477,7451062782050553125
30478,7451021571306671400
30479,7451086805471989050
30480,7451245553637199155
30481,7450329706165013770
30482,7450877008411725097
30483,7446614488654023977
30484,7446625504418876722
30485,7446786770047405338
30486,7446619707010059558
30487,7446674664211926324
30488,7446702780942798106
30489,7446660341393607987
30490,7446795375563902243
30491,7446568846699351354
30492,7446802164644580620
30493,7446522801617521979
30494,7447103986563386639
30495,7447153330784079104
30496,7447121008454126887
30497,7447149314897480997
30498,7447180894479076617
30499,7446929382402247995
30500,7446971057111633164
30501,7447174437226466612
30502,7447121074078207268
30503,7446972609788431670
30504,7447168689973087503
30505,7447347749789453594
30506,7447333042034658597
30507,7447382132596509992
30508,7447367807555112246
30509,7447428242891410724
30510,7447360720427076924
30511,7447305382558518564
30512,7447401958240963850
30513,7447427521156517129
30514,7447551725726207289
30515,7447406090142108962
30516,7447453753709579570
30517,7447465670410898707
30518,7447346995225693477
30519,7447189408299617573
30520,7447403823582252327
30521,7447203018031893817
30522,7447408424708508928
30523,7447186996256148763
30524,7447501164330929465
30525,7447554187975494963
30526,7447518572131159355
30527,7447413197998394633
30528,7447511511527869734
30529,7447493223905283340
30530,7447370101046725939
30531,7447429903953218816
30532,7447468021972602122
30533,7447492210855136572
30534,7447212811668819219
30535,7447283571842125065
30536,7447877221861166394
30537,7447671148575345970
30538,7447800197951868201
30539,7447777508386295052
30540,7447724070847761715
30541,7447655951567572239
30542,7447641112707222842
30543,7447708722136190265
30544,7447637588069944634
30545,7447694088960347427
30546,7447861898575465786
30547,7447904085598047500
30548,7447567151499627795
30549,7447742394872663333
30550,7447860627915197747
30551,7447755004548500763
30552,7447713868064754984
30553,7447923461151870265
30554,7447666493719858492
30555,7447739451360529690
30556,7447872812582260003
30557,7448028993938296064
30558,7448201241047436553
30559,7447828760843390258
30560,7448178629852400908
30561,7448104311529196860
30562,7448260639224532234
30563,7448125545524645155
30564,7448095786212117820
30565,7448254155967237433
30566,7448062255184219401
30567,7448264744252820773
30568,7447736146924277011
30569,7448189508836805946
30570,7448080176954625291
30571,7448179933823651087
30572,7448147175227346227
30573,7448021526080654619
30574,7447927682282671371
30575,7448264286893296948
30576,7448150169096441124
30577,7448134430821977370
30578,7447936965682547977
30579,7448037823162141988
30580,7447831283117444389
30581,7448586672335310090
30582,7448485960142146851
30583,7448516909621906698
30584,7448637839841054011
30585,7448568437670006073
30586,7448298141268413733
30587,7448466309035183411
30588,7448647404171185466
30589,7448650207803264268
30590,7448526573214469427
30591,7448476413507767588
30592,7448639043564326144
30593,7448424016903228722
30594,7448545913418583336
30595,7448545661240233275
30596,7448414061798149411
30597,7448478505383267642
30598,7448919778359577883
30599,7448882552737156362
30600,7448937480251886874
30601,7448809477178002729
30602,7448797172159565092
30603,7448857416780893500
30604,7448889568071355684
30605,7448979399946358050
30606,7448929729081543946
30607,7448814931916475648
30608,7448867454010330418
30609,7449010864960621850
30610,7449207061272890687
30611,7449210652595358986
30612,7449278415598783759
30613,7449246593120800041
30614,7449316210505829671
30615,7449333053333294390
30616,7449388816663645450
30617,7449341524980026636
30618,7449185518207683898
30619,7449404342261665062
30620,7449301493590543631
30621,7449311457256295737
30622,7449312461989104934
30623,7449337299315330362
30624,7449176709804477705
30625,7449703764023315722
30626,7449575075130445113
30627,7449727769371479296
30628,7449635503097302311
30629,7449605430562589992
30630,7449776707428453689
30631,7449750404184706323
30632,7449586020649127202
30633,7449625815848979738
30634,7449515408706604326
30635,7449720690850270521
30636,7448901940009913654
30637,7449565123041168659
30638,7449550972466122047
30639,7449668749357075771
30640,7450026637355142454
30641,7450049991906692389
30642,7449967647212440866
30643,7449800467183324425
30644,7450101363729632547
30645,7450047373708889381
30646,7449950435697298699
30647,7450067351468346663
30648,7450259401321008436
30649,7450396299138043172
30650,7450467889607347466
30651,7450329629069430073
30652,7450061974953545001
30653,7449995027041766665
30654,7450407390937124105
30655,7450458717042117923
30656,7450440028678802714
30657,7450417087773822266
30658,7450463481670667558
30659,7450403911661407551
30660,7450781757781118244
30661,7450694791664373026
30662,7450761141145390396
30663,7450753749053705513
30664,7450555536946269449
30665,7450753073712041226
30666,7450877992617692474
30667,7450729081139727653
30668,7450729024197791028
30669,7450752946700176650
30670,7450850964514327865
30671,7450724698264046911
30672,7450690318086802738
30673,7450765504630885670
30674,7450547619924823323
30675,7450759984972975369
30676,7450702781435923724
30677,7450616172464114981
30678,7450723512286776636
30679,7450658522624265499
30680,7450647333588487465
30681,7450619338639330623
30682,7450892588866948362
30683,7450886113759153445
30684,7450638227754585353
30685,7450740056408476954
30686,7450660261955947836
30687,7450674608128265491
30688,7450670945150192907
30689,7450728951640558886
30690,7450648545293552915
30691,7450636989772221747
30692,7450853862619090233
30693,7450889112267001151
30694,7450555640201743631
30695,7450527682883865915
30696,7450837557941767482
30697,7450651383847537935
30698,7450519590108482831
30699,7450699582876519690
30700,7450562181810130210
30701,7450872017940712714
30702,7450876943660059941
30703,7450868047008615731
30704,7451213223920962816
30705,7451092200965819682
30706,7451123983413562674
30707,7451056759243836710
30708,7451002359242640674
30709,7451093359197736218
30710,7451227132224638234
30711,7451109068065819904
30712,7450282812239924516
30713,7450914740655656231
30714,7451199876722887972
30715,7451073603103198464
30716,7451248660400049442
30717,7450787255708306740
30718,7451196317402942730
30719,7451112409550359842
30720,7450896293234363686
30721,7451233719395962163
30722,7451202776002071865
30723,7451173111946300723
30724,7450390895117012276
30725,7451414335932353818
30726,7451373874035395874
30727,7451436926340467979
30728,7451461489652763943
30729,7451534879809981737
30730,7451416885561724201
30731,7451433029433658678
30732,7451478868449316146
30733,7451599402784787770
30734,7451430448720383282
30735,7451497443566456098
30736,7451429839753448767
30737,7451445857771113766
30738,7451443558621433115
30739,7451444397222137128
30740,7451434851883896099
30741,7451502717169650984
30742,7451568710373920036
30743,7451539195341901090
30744,7451524660333645094
30745,7451485285726113074
30746,7451431048086375714
30747,7451454159267581210
30748,7451446460551318835
30749,7451429405383036223
30750,7451421798635162889
30751,7451442019949415719
30752,7451596418814364939
30753,7451429163388456243
30754,7451379781834263823
30755,7451409430773550370
30756,7451536646173904163
30757,7451536647188925708
30758,7451496106266987836
30759,7451575200178621715
30760,7451524570894421311
30761,7451317297119038770
30762,7451523590723357952
30763,7451534600423198015
30764,7451444213146832138
30765,7451501287012650250
30766,7451525032628456741
30767,7451297312174837030
30768,7451571277237718311
30769,7451445090179910962
30770,7451622032204254499
30771,7451545031069977914
30772,7451566765487705356
30773,7451445477112827186
30774,7451537361130818852
30775,7451452768793005321
30776,7450850676910902564
30777,7451092314870664482
30778,7451533578925575463
30779,7451628509954313498
30780,7451631513424219419
30781,7451347043370503450
30782,7451586631078907146
30783,7451606070566341925
30784,7451560447259561267
30785,7451208688607530250
30786,7451524322578992444
30787,7451521180982447411
30788,7451566580145671481
30789,7451492605688302899
30790,7451610648372415781
30791,7451420797345828122
30792,7451456679469665577
30793,7447398651040730387
30794,7447732606831021364
30795,7447451559862029618
30796,7447711782707285311
30797,7447518537347812634
30798,7447780824851762483
30799,7447784703127457050
30800,7447451604334202121
30801,7447729902335446310
30802,7447821424221293861
30803,7447433254824660234
30804,7447403967597825317
30805,7447784224507120906
30806,7447788953656151305
30807,7447829099902536996
30808,7448596688807169280
30809,7448582252537269519
30810,7448547626946989372
30811,7447731673988386057
30812,7448841850963742004
30813,7449220727900884233
30814,7449181150792207668
30815,7449211603553242395
30816,7449282879307271435
30817,7449582511719501071
30818,7450410044144782607
30819,7451419781535681846
30820,7447403557826972964
30821,7447240008160857401
30822,7447317838542490937
30823,7447276280992566587
30824,7447297090381712700
30825,7447663182836927753
30826,7447222267265781051
30827,7447425699448720690
30828,7447448277642906932
30829,7447295813656563002
30830,7447539340969774372
30831,7447357753770790184
30832,7449204617453260082
30833,7447333223484493091
30834,7447897924312255785
30835,7447831182848347401
30836,7447662886345788730
30837,7447685856103648563
30838,7451565150961814843
30839,7446986460483357986
30840,7446999545268964648
30841,7446994682313297193
30842,7446998857310850354
30843,7447089045869579574
30844,7446998100796869938
30845,7446998620596915466
30846,7447382922975300924
30847,7447194733757222203
30848,7447189383901367552
30849,7447194108411645235
30850,7447306978868661504
30851,7447335440203517193
30852,7447328337837444379
30853,7447485737445903652
30854,7447449359756660004
30855,7447308654866337083
30856,7447336943018331402
30857,7447303262971104512
30858,7447921912853908796
30859,7448145786535218495
30860,7448897217554844964
30861,7446964548776545571
30862,7446927161358945575
30863,7446973031739575563
30864,7447443471885028671
30865,7447210615506029883
30866,7447335596873288997
30867,7447296326166908172
30868,7447361216420384058
30869,7447355049572863258
30870,7447214535540247845
30871,7447390720928812340
30872,7447435699218877747
30873,7447433762587069755
30874,7447357308671233343
30875,7447668739920710924
30876,7447678094221135139
30877,7447675276420500745
30878,7447727567580204288
30879,7447768957441903899
30880,7449270915847802146
30881,7447112945059908898
30882,7449943009170328870
30883,7447302881671154995
30884,7447465602698022201
30885,7447468698945834299
30886,7447466499695971641
30887,7447492150356348220
30888,7447511540380601657
30889,7447285505672236315
30890,7447499447262514491
30891,7447390590414671155
30892,7447377168931245327
30893,7447344466865704201
30894,7447398524490222885
30895,7447338143956749602
30896,7447847755218685236
30897,7447854162777296169
30898,7447874614774025530
30899,7447883806117203259
30900,7448252592288730404
30901,7448255881210285331
30902,7448062750015769919
30903,7448419157705592104
30904,7448547935391927563
30905,7448703752220986675
30906,7448748566052392244
30907,7449178016522980648
30908,7449544547639512357
30909,7450089056605703475
30910,7450418961486859577
30911,7451606229937425716
30912,7447012890504138042
30913,7447144646632836406
30914,7446816813523979547
30915,7446976895796677898
30916,7447155213439405324
30917,7446872050175610171
30918,7446939392788139314
30919,7447014417549610240
30920,7446925126739709199
30921,7447092218160024891
30922,7447511257214733587
30923,7447523044458892602
30924,7447305316712090907
30925,7447286363709361447
30926,7447492823034694963
30927,7447137018800393526
30928,7447444126842228008
30929,7447439294354033939
30930,7447407302581292303
30931,7447286816748670266
30932,7447413911751626041
30933,7447353356298865979
30934,7447829952252218681
30935,7447879209839611190
30936,7447750372673719606
30937,7447779005677194507
30938,7448049612063132988
30939,7448200065140657465
30940,7448241865016626489
30941,7448102180223077668
30942,7448478593644039483
30943,7448906551206710569
30944,7449006227142626623
30945,7448861960080428338
30946,7448918161774185780
30947,7449388166944918810
30948,7449510650814024986
30949,7449674483238980916
30950,7450557141863124262
30951,7450399897410489615
30952,7450328833363823911
30953,7450513836383177996
30954,7450383851488136508
30955,7450427545285102908
30956,7449945865948564748
30957,7450437301223705893
30958,7450304342931901705
30959,7450306599840730426
30960,7450380705231621433
30961,7450356118754168123
30962,7450346019021262095
30963,7450395520666799370
30964,7450472523449257275
30965,7450368029218606394
30966,7450461865861336360
30967,7450331334473469219
30968,7450506338792262971
30969,7450369385887190326
30970,7450367835223641380
30971,7450438226973674793
30972,7450328484464905510
30973,7450246672384363814
30974,7450215371866639626
30975,7450688425490943242
30976,7450531362278313255
30977,7450669616692481295
30978,7450527462993186084
30979,7450666396851260687
30980,7450705688902241551
30981,7450715404952931603
30982,7450772328977386786
30983,7450570003688017162
30984,7450711173420289340
30985,7450842011667680546
30986,7450914157299387675
30987,7451122703123172647
30988,7451184367113735464
30989,7449923068744584488
30990,7451087389642067263
30991,7451088673736559911
30992,7451201773076811062
30993,7451036137923087627
30994,7451540663553871162
30995,7451507895574809891
30996,7448195677122874661
30997,7448297215879073039
30998,7448529010012835110
30999,7450749950847241491
31000,7450852497465298195
31001,7450796099066973498
31002,7451140836399549735
31003,7450418258726964520
31004,7451507041400573194
31005,7451567550690774329
31006,7451359430555258162
31007,7451493133528911130
31008,7451367421044100406
31009,7451546222550158618
31010,7451531699462196537
31011,7451585768348257593
31012,7451364276951911738
31013,7451534204434795833
31014,7446747335155043593
31015,7447532383424892218
31016,7447484703495441698
31017,7447523684325018880
31018,7447446450503519546
31019,7447879169637092648
31020,7448188503558524170
31021,7448113981337668921
31022,7448129918833151286
31023,7448236902131584290
31024,7448113844716653876
31025,7448133279846354216
31026,7448252502455143719
31027,7448139591191743807
31028,7448245632776654089
31029,7448145036891540794
31030,7448152133263756601
31031,7448129282636926223
31032,7448137904863415591
31033,7448065444000435466
31034,7448201776827780362
31035,7448086566083333430
31036,7448263672901700927
31037,7448146364036304163
31038,7448177058905214243
31039,7448257495128198438
31040,7448119588899884347
31041,7448104530870422799
31042,7448271110832966969
31043,7448096627673337088
31044,7448237212652670258
31045,7448137647324679484
31046,7448234902668987682
31047,7448142306949074226
31048,7448283774934158649
31049,7448203087308754236
31050,7448191512980081960
31051,7448213320584154425
31052,7448265288493108532
31053,7448039029133643043
31054,7448197999211056443
31055,7448174914210663720
31056,7448250931042323752
31057,7448246947338636594
31058,7448049558812151099
31059,7448076414256958754
31060,7448217334575041855
31061,7448122527819369785
31062,7448213162819620111
31063,7448272031495376185
31064,7448246493934341386
31065,7448135185394044194
31066,7448189224433618203
31067,7448097208357932323
31068,7448047469159632154
31069,7448144462846496038
31070,7447959457629261091
31071,7448126379310255371
31072,7448275775461117218
31073,7448214963069472026
31074,7448178604183178548
31075,7448132218309905721
31076,7448169682885971227
31077,7448195094496185659
31078,7448251669227359503
31079,7448053302811561268
31080,7448144559588019465
31081,7448248635466239290
31082,7448106628378873103
31083,7448081263161871673
31084,7448100846908312869
31085,7448238347501178123
31086,7448237388968561946
31087,7448070973884075291
31088,7448083568636513545
31089,7448040647233244479
31090,7448203984755510562
31091,7448262843247381811
31092,7448180817571925305
31093,7447995167266688314
31094,7448091302144527650
31095,7448240209361112346
31096,7448079827334221107
31097,7448228195540684091
31098,7448130425332976954
31099,7448078880063130914
31100,7448262059092921636
31101,7448076424453311802
31102,7448279031193095434
31103,7448239493674487075
31104,7448067242161376521
31105,7448101431174843648
31106,7448089938492525860
31107,7448108017645620515
31108,7448066853202578747
31109,7448049733169319227
31110,7448169560894721337
31111,7448109567461838137
31112,7447930979194277139
31113,7448114845775400204
31114,7448095795359878436
31115,7448136588913134883
31116,7448104879777647872
31117,7448146744635854090
31118,7448251479627926844
31119,7448228412956609804
31120,7448158230582283579
31121,7448288169646198056
31122,7448102707245763880
31123,7448059199575051555
31124,7448117300173016378
31125,7447934159013645619
31126,7448252138221817127
31127,7448112035793063227
31128,7448141378913176867
31129,7448072809122745637
31130,7448096579346566457
31131,7448053970012048690
31132,7448201679847099658
31133,7448005742704987431
31134,7448078564651584828
31135,7447929998754729273
31136,7448224860230225193
31137,7448213532316912923
31138,7448260913678929164
31139,7448254393863933223
31140,7448228937077017893
31141,7448135288116841728
31142,7448119497724022016
31143,7448041909903199507
31144,7447983523295661352
31145,7448065765707664650
31146,7448242002908531995
31147,7448164080415739148
31148,7448080219388349755
31149,7448022576250604840
31150,7448040793983487295
31151,7448220503535389986
31152,7448264615609355571
31153,7448268366231506227
31154,7448250263539944763
31155,7447934081565756723
31156,7448092338670308671
31157,7448169587276893451
31158,7448131615353605433
31159,7448079827799772473
31160,7448155370486369594
31161,7448250749550726458
31162,7448256674927840549
31163,7448065511428017465
31164,7448252345986616617
31165,7448115315281497378
31166,7448087188866125115
31167,7448243245110398248
31168,7448074909772696858
31169,7448150181679303993
31170,7448121842566434105
31171,7448205860716907786
31172,7448091248679849250
31173,7448183047347899667
31174,7448070111790910778
31175,7448252794043206971
31176,7448249476600302907
31177,7448084509326576896
31178,7448075968901631286
31179,7448278480057404707
31180,7448180852275662116
31181,7448220568404512057
31182,7448226499418754362
31183,7448096357220502844
31184,7448225799921995017
31185,7448276693996801315
31186,7448067139866610995
31187,7448107377519283510
31188,7448235881648934202
31189,7448225150304128297
31190,7448177968511225148
31191,7448167181147327784
31192,7448259882525986107
31193,7448141160750566666
31194,7448088343520251176
31195,7448124654226574632
31196,7448283765136248124
31197,7448075661974965561
31198,7448083415607299362
31199,7448007316537953596
31200,7448218803223203113
31201,7448050035004165415
31202,7448073564240022810
31203,7448262142983228706
31204,7448190950716771647
31205,7448117857168198971
31206,7448253168921693476
31207,7448228719623245116
31208,7448230114543865139
31209,7448144914669489423
31210,7448270179248688443
31211,7448233277917334823
31212,7448235366827445567
31213,7448251410241588537
31214,7448151539232935203
31215,7447929495702539554
31216,7448173992625655040
31217,7448159104431852835
31218,7448236223694408979
31219,7448227601820290341
31220,7448056202606529819
31221,7448267230644571411
31222,7448196980129549618
31223,7448292297357135143
31224,7448071675456834873
31225,7447987347486002483
31226,7448196602457509177
31227,7448224307559271738
31228,7448075195228704036
31229,7448079684987833639
31230,7448173856948358441
31231,7448067728490892601
31232,7448257598081584444
31233,7448123774706142483
31234,7447989242917096741
31235,7448173036597038394
31236,7448159370031942947
31237,7448198095684341052
31238,7448051395678178586
31239,7448156614827248911
31240,7448095795783453979
31241,7448260533813366051
31242,7448033778188045620
31243,7448168039285034297
31244,7447951998428745017
31245,7448049549198806324
31246,7448216770931969295
31247,7448598653767273786
31248,7448630963975752997
31249,7448562836357401882
31250,7448638702412139835
31251,7448486094426934569
31252,7448496721946021174
31253,7448585535276289292
31254,7448573594042436874
31255,7448584784055405883
31256,7448459620705766716
31257,7448535489658801465
31258,7448622435072478524
31259,7448458882483064124
31260,7448646405830249739
31261,7448602380175740201
31262,7448607482789875001
31263,7448475307717184828
31264,7448455569599483193
31265,7448459440669412618
31266,7448631407976467775
31267,7448604658194500923
31268,7448514539370401082
31269,7448496892406746427
31270,7448599174683184394
31271,7448502204656291132
31272,7448566777686019368
31273,7448644153149295899
31274,7448581639292194108
31275,7448455345351019814
31276,7448581957967023418
31277,7448609579564289339
31278,7448555052303732003
31279,7448423236632677642
31280,7448544317230091558
31281,7448384771127807272
31282,7448637227451600162
31283,7448603921213345058
31284,7448442096492580096
31285,7448602235572997416
31286,7448541849964268840
31287,7448472634196610358
31288,7448431627778231592
31289,7448450960747138361
31290,7448479139528477991
31291,7448482116632939814
31292,7448542392631741753
31293,7448496360845790483
31294,7448565233083370815
31295,7448449779476073755
31296,7448539197780053302
31297,7448638148239805753
31298,7448549880101932345
31299,7448643388385119545
31300,7448508159385177398
31301,7448468711897320761
31302,7448517825272106298
31303,7448466811005242683
31304,7448567862660304186
31305,7448421254782061861
31306,7448592538950323506
31307,7448447664846277948
31308,7448423392547507514
31309,7448592461615729929
31310,7448586609332604211
31311,7448490578955881778
31312,7448454213052402944
31313,7448629127936085283
31314,7448455077695622426
31315,7448595697999433012
31316,7448493323997695272
31317,7448567918310214947
31318,7448553335646489908
31319,7448638433783860530
31320,7448459663395360009
31321,7448581052706147638
31322,7448583991608806714
31323,7448574450209115451
31324,7448470928129789243
31325,7448356395021372729
31326,7448550948504440099
31327,7448566023717965075
31328,7448583004814839055
31329,7448439546838093082
31330,7448504450131545356
31331,7448603352889363762
31332,7448348370122394899
31333,7448407330745617679
31334,7448474873606737206
31335,7448597242371444027
31336,7448648708310207770
31337,7448564271472069939
31338,7448419361292930316
31339,7448574356189400383
31340,7448481846863695145
31341,7448421997127732530
31342,7448548450809023781
31343,7448633325423578403
31344,7448440338022141221
31345,7448486023828344079
31346,7448467542957444410
31347,7448623315641552165
31348,7448516605794929920
31349,7448533026130218280
31350,7448545776101231932
31351,7448421191435570483
31352,7448543035387874610
31353,7448446895271333154
31354,7448454526299950373
31355,7448586344659422524
31356,7448500277096811830
31357,7448422276665593147
31358,7448595284004736271
31359,7448579696599584059
31360,7448641515808705849
31361,7448564036188261690
31362,7448428213002374426
31363,7448543638340128000
31364,7448606734370852147
31365,7448415593293679908
31366,7448439359688232204
31367,7448450101640531240
31368,7448625647074676026
31369,7448541137251405068
31370,7448521908523371787
31371,7448417338732465466
31372,7448431191289548066
31373,7448651284028181818
31374,7448521703870762274
31375,7448488265268645130
31376,7448624578076626188
31377,7448417020493778211
31378,7448455294532783379
31379,7448605948110769408
31380,7448533274953141515
31381,7448416194488569147
31382,7448589310749658408
31383,7448310848285707578
31384,7448487103857462547
31385,7448639693975031074
31386,7448498441099037963
31387,7448545956938730788
31388,7448565237940325673
31389,7448424285074361657
31390,7448563687582895417
31391,7448618343340281146
31392,7448590329726405914
31393,7448498853554228537
31394,7448566342447287588
31395,7448478941804760347
31396,7448348649991441683
31397,7448565657672699194
31398,7448575777177750810
31399,7448611578477301052
31400,7448377760189336842
31401,7448579143920258313
31402,7448635580692352265
31403,7448604202764356891
31404,7448430675520163112
31405,7448657474443431168
31406,7448452239510752570
31407,7448514660501867810
31408,7448623563990486281
31409,7448567145811758394
31410,7448301724487453962
31411,7448588936206667068
31412,7448562483985435956
31413,7448615064631921983
31414,7448654470466129202
31415,7448453641104723250
31416,7448541656879582504
31417,7448632879375977787
31418,7448545354947104035
31419,7448473734538595599
31420,7448450450292100378
31421,7448542421471874362
31422,7448615603801328906
31423,7448620714720021818
31424,7448474411163831606
31425,7448569764114353468
31426,7448591759644298530
31427,7448481518470565170
31428,7448597860242705727
31429,7448489836744330531
31430,7448452520969604361
31431,7448609896506920219
31432,7448636787368414523
31433,7448504911144275209
31434,7448596315275087130
31435,7448555433196801307
31436,7448490669611535668
31437,7448626974647487803
31438,7448556400126577974
31439,7448501496380919100
31440,7448606431386848566
31441,7448513755702447418
31442,7448466307592228153
31443,7448464701953936666
31444,7448503872961662258
31445,7448432793501191436
31446,7448458245468884224
31447,7448606816017190181
31448,7448639012073508131
31449,7448355766018395402
31450,7448565388385783077
31451,7448554977221414194
31452,7448300562547838265
31453,7448454061319277833
31454,7448621448723320114
31455,7448594022001659155
31456,7448499677349055755
31457,7448572786429136138
31458,7448558037129907497
31459,7448659623105547547
31460,7448399603897994533
31461,7448413641554070842
31462,7448416402731502886
31463,7448512749140757775
31464,7448620479587323136
31465,7448548830779346186
31466,7448551293695560986
31467,7448598239160405305
31468,7448485874465099059
31469,7448504810162146572
31470,7448441644673699124
31471,7448530879334354202
31472,7448588134259903744
31473,7448468502219853094
31474,7448432584155090236
31475,7448619206054055203
31476,7448580945059400979
31477,7448611308443864320
31478,7448640662993407242
31479,7448529046599650560
31480,7448648676597124378
31481,7448561561733549375
31482,7448436603564936508
31483,7448580499053841722
31484,7448446260517850427
31485,7448588626755210536
31486,7448570218542042408
31487,7448610075360398631
31488,7448463577616321850
31489,7448618057011973416
31490,7448458043005685028
31491,7448606221210291482
31492,7448606306904132922
31493,7448303531938942217
31494,7448484727360671016
31495,7448399447949626650
31496,7448464150486846772
31497,7448582312125648167
31498,7448438573709266210
31499,7448335708915305755
31500,7448627918231637306
31501,7448420919589997863
31502,7448507143000460595
31503,7448505584384576794
31504,7448461164230479115
31505,7448473596046970148
31506,7448602986378530088
31507,7448442360477863204
31508,7448546503586499878
31509,7448408677113007410
31510,7448594777370676490
31511,7448602580248284431
31512,7448596048898952474
31513,7448653697212566842
31514,7448335642444008764
31515,7448309115316686115
31516,7448423342895303994
31517,7448524389206854963
31518,7448662406684806452
31519,7448579656875298084
31520,7448497023956864314
31521,7448541011623677184
31522,7448574972974468404
31523,7448445473502874890
31524,7448608020747095347
31525,7448335974435654922
31526,7448638251256122660
31527,7448330154784476428
31528,7448647723043147071
31529,7448380415817075987
31530,7448589014514421051
31531,7448609128613678393
31532,7448600243697929510
31533,7448593021647605055
31534,7448606786371833098
31535,7448620365535874304
31536,7448593812328385850
31537,7448443323179748658
31538,7448450544819096889
31539,7448434901721926953
31540,7448575421827878194
31541,7448569012591627577
31542,7448512280590863676
31543,7448615042125172019
31544,7448515955740691775
31545,7448479459528822028
31546,7448576454448794943
31547,7448621985657130299
31548,7448490661294148922
31549,7448575832290856218
31550,7448537355369057596
31551,7448600711790611769
31552,7448641228716920115
31553,7448435909143432475
31554,7448311392731532603
31555,7448363457428213050
31556,7448626012989967674
31557,7448469559385804032
31558,7448421967733984539
31559,7448581184864423227
31560,7448640577563790619
31561,7448398718488956198
31562,7448563885646368012
31563,7448591959096184122
31564,7448430323345444111
31565,7448421864734510371
31566,7448572280961060134
31567,7448605354226699578
31568,7448630063559445817
31569,7448662105760271650
31570,7448459499947576633
31571,7448623490770455865
31572,7448575793447324943
31573,7448390603244621115
31574,7448567515443219724
31575,7448460480516984121
31576,7448485788624407859
31577,7448587181309889850
31578,7448556687272840483
31579,7448516247785868607
31580,7448491851675422006
31581,7448634058269101346
31582,7448445573335747903
31583,7448592845797182747
31584,7448585601294601482
31585,7448619344424078619
31586,7448299984291630371
31587,7448602552985193743
31588,7448655429531372854
31589,7448655844545252665
31590,7448639753852849468
31591,7448645276362919206
31592,7448590059449781538
31593,7448307316694338854
31594,7448622197867826467
31595,7448470865097821475
31596,7448525671720144143
31597,7448560183329983796
31598,7448600831613619468
31599,7448641177345199401
31600,7448505971544050985
31601,7448467148550262073
31602,7448414653643836735
31603,7448323239551503674
31604,7448455645658893587
31605,7448419204610444602
31606,7448441659471203643
31607,7448617842468998452
31608,7448312215913925900
31609,7448554610563779874
31610,7448443440708193586
31611,7448456867447164196
31612,7448467622225628466
31613,7448377829349150012
31614,7448499629303418153
31615,7448595632207580427
31616,7448544905175059770
31617,7448511395014004004
31618,7448454055443107130
31619,7448458000370502922
31620,7448531583084023066
31621,7448550043646233866
31622,7448552350748396835
31623,7448630243977432320
31624,7448611834665422140
31625,7448645239654370596
31626,7448436032711757106
31627,7448545344914246912
31628,7448457446198136076
31629,7448500760683285811
31630,7448489452755897634
31631,7448606961358212412
31632,7448464442578275611
31633,7448443678403693882
31634,7448518134669069605
31635,7448467942250925372
31636,7448608278528937243
31637,7448451761242672396
31638,7448516687755742522
31639,7448500986110332172
31640,7448558320933162274
31641,7448637698396523839
31642,7448494402185465148
31643,7448592488471727386
31644,7448518944207523132
31645,7448507393735986442
31646,7448435234682440999
31647,7448418546738056500
31648,7448511756596514108
31649,7448332682213346598
31650,7448406360544382234
31651,7448569837141495075
31652,7448310163087379753
31653,7448410699564387641
31654,7448592021620673849
31655,7448469165570116904
31656,7448464813795118370
31657,7448616168836943154
31658,7448443072913984783
31659,7448442361006411027
31660,7448434004761546003
31661,7448612017461660938
31662,7448480455705267515
31663,7448367419539672374
31664,7448512594765188412
31665,7448661602800373018
31666,7448487886137085193
31667,7448621498010586431
31668,7448558125663161615
31669,7448622101822459187
31670,7448534905979489593
31671,7448486001862905098
31672,7448598676861177151
31673,7448550491346242876
31674,7448526430180265268
31675,7448555062902721818
31676,7448641833455865140
31677,7448610771656772898
31678,7448496065436765440
31679,7448614476754046235
31680,7448636736688770314
31681,7448564853628734757
31682,7448586984962018598
31683,7448610447206436155
31684,7448607915922951439
31685,7448615110391680308
31686,7448515158848097593
31687,7448563553923075385
31688,7448479881291140371
31689,7448404963975286042
31690,7448587221105495359
31691,7448571708975369481
31692,7448622784374181178
31693,7448487751525174568
31694,7448551438424362240
31695,7448632381239479606
31696,7448564059407928633
31697,7448594035297553721
31698,7448519037660826907
31699,7448562699438525753
31700,7448468296371801403
31701,7448447573783743795
31702,7448328109897600314
31703,7448459258078825787
31704,7448555323230653756
31705,7448648264271842595
31706,7448429620766068025
31707,7448657496182443264
31708,7448608488126778683
31709,7448545739606609210
31710,7448484926409805110
31711,7448486288136736060
31712,7448457251284700443
31713,7448503175298010404
31714,7448636694586281276
31715,7448639252771949860
31716,7448559380317883687
31717,7448519557561552143
31718,7448633084527775035
31719,7448301338355567931
31720,7448621275108478265
31721,7448618721368706343
31722,7448447304316521768
31723,7448613202516135205
31724,7448487353611586873
31725,7448540641581157670
31726,7448516169775992124
31727,7448532524424236348
31728,7448297838934560038
31729,7448599341134023975
31730,7448568538870189375
31731,7448418375941786895
31732,7448435216345058599
31733,7448623305168276793
31734,7448532357398744379
31735,7448578172347583756
31736,7448433184305368331
31737,7448517509369597242
31738,7448608037000072498
31739,7448551615319018812
31740,7448545707922853160
31741,7448563163810762042
31742,7448473069955468603
31743,7448415321490296098
31744,7448323857443769615
31745,7448522445771803931
31746,7448659479664659772
31747,7448504952177036598
31748,7448647025194814747
31749,7448647016852229395
31750,7448533650020257059
31751,7448568838653840698
31752,7448485473732906251
31753,7448459335530777856
31754,7448646114028408122
31755,7448564880011054336
31756,7448451057417555227
31757,7448442958568885531
31758,7448512398694173962
31759,7448609223300123963
31760,7448545386018426171
31761,7448565758411541794
31762,7448520226636877110
31763,7448585287862734080
31764,7448459075441986876
31765,7448429203415928102
31766,7448466352420949308
31767,7448567165474671931
31768,7448484920327949619
31769,7448456804712844583
31770,7448405093260528948
31771,7448655438125550887
31772,7448302719858740534
31773,7448431846649548066
31774,7448613987043839284
31775,7448569419116072249
31776,7448455875527806217
31777,7448584907263053114
31778,7448629520367750458
31779,7448475188859030793
31780,7448499218064493850
31781,7448573075844599077
31782,7448548129114180876
31783,7448596948728171834
31784,7448509089484639547
31785,7448613985894550842
31786,7448635645636955452
31787,7448587224813145401
31788,7448598655755439410
31789,7448507771697351948
31790,7448395919889829132
31791,7448474992095923513
31792,7448538544617966911
31793,7448490158959250747
31794,7448310760234568975
31795,7448323295574756658
31796,7448571170078641468
31797,7448602734103629116
31798,7448620130348666138
31799,7448459894426029362
31800,7448481225796275471
31801,7448449983788944692
31802,7448522677628767515
31803,7448456407482977594
31804,7448619721584430396
31805,7448442648681139507
31806,7448521528360144166
31807,7448523836183629114
31808,7448441963918920979
31809,7448499465822014779
31810,7448456607849041189
31811,7448595662393888034
31812,7448581585340747048
31813,7448622701834554643
31814,7448498571122330915
31815,7448423845276503353
31816,7448448237415009545
31817,7448615783787138362
31818,7448611417948818707
31819,7448639221331463464
31820,7448562958721994019
31821,7448522685245558056
31822,7448579791906688314
31823,7448561380224978185
31824,7448486405371661622
31825,7448438245693738300
31826,7448319684455173410
31827,7448474922260647179
31828,7448427741021490467
31829,7448530525758737699
31830,7448548795823983872
31831,7448490451419565362
31832,7448628407371304255
31833,7448339441476848959
31834,7448600955509099791
31835,7448627133569715496
31836,7448493905705782585
31837,7448631869639314727
31838,7448421644185439529
31839,7448530596080504099
31840,7448457576309738771
31841,7448536447239474490
31842,7448645437663284540
31843,7448610012156529980
31844,7448620978256563482
31845,7448620432674016549
31846,7448462374350195987
31847,7448297790167403788
31848,7448668656344550682
31849,7448400383124213049
31850,7448463510389984524
31851,7448465410753678655
31852,7448446965953596691
31853,7448500549319806227
31854,7448479203269348623
31855,7448602615597911332
31856,7448651553155583291
31857,7448403613585591578
31858,7448524726189772044
31859,7448503737255071035
31860,7448646078188096806
31861,7448615652786457915
31862,7448573256124075321
31863,7448549379666873652
31864,7448500044258446601
31865,7448452488434339084
31866,7448544239866187019
31867,7448600927512120630
31868,7448559903855234314
31869,7448403418424560955
31870,7448417778513612051
31871,7448624073082555688
31872,7448419967864704290
31873,7448506009129110843
31874,7448469965163760911
31875,7448652737748667708
31876,7448453190166596922
31877,7448422468798123276
31878,7448561816780672291
31879,7448609359543799081
31880,7448379380738428211
31881,7448637983936285989
31882,7448481423666842916
31883,7448438813367569702
31884,7448506314738666809
31885,7448570614861843772
31886,7448586285528206652
31887,7448523682345159976
31888,7448543275146857768
31889,7448351099368590618
31890,7448589215446650169
31891,7448598260643613964
31892,7448331408801631545
31893,7448577871750106405
31894,7448586724671769908
31895,7448515656015678778
31896,7448411707908574476
31897,7448418877500837147
31898,7448633685018021156
31899,7448499356300299529
31900,7448300165372398908
31901,7448504098174815540
31902,7448599646500424975
31903,7448517002374778171
31904,7448358324459916603
31905,7448553832117816611
31906,7448561270443232552
31907,7448562614847819066
31908,7448485674057026868
31909,7448486479061454137
31910,7448617302137802036
31911,7448497080705895715
31912,7448551989803257148
31913,7448522643910741311
31914,7448401455758773544
31915,7448658857007533364
31916,7448647725849038107
31917,7448611240160677179
31918,7448566215447989561
31919,7448459159000976655
31920,7448629052258274601
31921,7448459539227151675
31922,7448624452008430905
31923,7448613791803215161
31924,7448607464406207801
31925,7448305812214222080
31926,7448525965501664551
31927,7448617718019837243
31928,7448537818550390070
31929,7448453672897383692
31930,7448499096840588582
31931,7448357128076594491
31932,7448622993405693242
31933,7448612896549997865
31934,7448591336007011642
31935,7448420977463135488
31936,7448520067815410995
31937,7448314309492395279
31938,7448500924621933883
31939,7448565151814470969
31940,7448632461627493651
31941,7448413727960862011
31942,7448384209460137251
31943,7448503589611359548
31944,7448645499969621259
31945,7448394705735306506
31946,7448486428603911458
31947,7448582264780262694
31948,7448394488520723771
31949,7448459211542908197
31950,7448532704422939954
31951,7448633608199228672
31952,7448654725127474451
31953,7448524831051533620
31954,7448341288111443258
31955,7448597235534744871
31956,7448548564327877946
31957,7448624120172006666
31958,7448407196871707954
31959,7448657996218977590
31960,7448545321942043939
31961,7448482709195787577
31962,7448467490687946042
31963,7448452397631802634
31964,7448310203331743035
31965,7448494925672451338
31966,7448472220491468047
31967,7448481555883887930
31968,7448316089496276284
31969,7448613858987592969
31970,7448342848061132059
31971,7448566111563566394
31972,7448582702372048139
31973,7448497344695241984
31974,7448489579071425802
31975,7448619318629240127
31976,7448577566694280482
31977,7448564356461202747
31978,7448663314017651977
31979,7448461035377347898
31980,7448527474020896050
31981,7448489970991435060
31982,7448480376374267174
31983,7448510770708499751
31984,7448562945484672271
31985,7448298181038820642
31986,7448613125391174971
31987,7448385233499589945
31988,7448309945486904639
31989,7448608125097217330
31990,7448570895523695898
31991,7448582113651150080
31992,7448450265461591322
31993,7448665987995421979
31994,7448427393405979923
31995,7448490455358000395
31996,7448447088490253625
31997,7448490740247809290
31998,7448462066404330811
31999,7448531193999527226
32000,7448523938260405542
32001,7448628799555652903
32002,7448399696235613499
32003,7448643325537586444
32004,7448471731360042278
32005,7448410519645474048
32006,7448606144228117786
32007,7448516547942894911
32008,7448569954871414075
32009,7448633576037420315
32010,7448479929693441317
32011,7448410169496653071
32012,7448436927633558834
32013,7448619794607164731
32014,7448557719776234804
32015,7448597593665342747
32016,7448575307671555387
32017,7448455369354939688
32018,7448651673666358547
32019,7448435219364908325
32020,7448442146203454759
32021,7448644136229457161
32022,7448610365266562341
32023,7448631528629800244
32024,7448493417023229223
32025,7448538216514293027
32026,7448417088407915803
32027,7448570123511745807
32028,7448644378945441082
32029,7448365136819096873
32030,7448383625978055993
32031,7448334335570119970
32032,7448439635589582139
32033,7448441325663407395
32034,7448506701868846362
32035,7448567483725876530
32036,7448588381010873640
32037,7448444960862407975
32038,7448307752574766351
32039,7448606092327800122
32040,7448654138080103699
32041,7448571161438391588
32042,7448460016115289353
32043,7448601091236777270
32044,7448381099681533242
32045,7448461273496423706
32046,7448428054826716479
32047,7448464022095039801
32048,7448610968818535738
32049,7448641483894164777
32050,7448555737103600896
32051,7448482731647831331
32052,7448584042263465276
32053,7448440055032532287
32054,7448600892674215227
32055,7448522125888982306
32056,7448546944030494010
32057,7448490538342436155
32058,7448522783186865435
32059,7448601080964926770
32060,7448408570799869234
32061,7448498760965016892
32062,7448299055580515644
32063,7448544154738593075
32064,7448525001877228858
32065,7448494601964440886
32066,7448544672034737417
32067,7448667703390309682
32068,7448402940647263539
32069,7448399937076858170
32070,7448642045490547994
32071,7448651254420524303
32072,7448519552884821260
32073,7448471933659794747
32074,7448640611533524282
32075,7448598149066738953
32076,7448494949701651769
32077,7448634512218541331
32078,7448518746731236667
32079,7448629277278407994
32080,7448480015785758012
32081,7448362141272329511
32082,7448623691962846524
32083,7448616261543562523
32084,7448640819357109561
32085,7448449020546141481
32086,7448400290446986556
32087,7448650480185658675
32088,7448616222385638665
32089,7448534558770793786
32090,7448443044241739066
32091,7448640066458553660
32092,7448484179743919386
32093,7448463640270851364
32094,7448636394471263538
32095,7448524675967143226
32096,7448607750545886501
32097,7448510934995291443
32098,7448504174095961407
32099,7448596955195870476
32100,7448623905771654450
32101,7448541222626463033
32102,7448466698602073384
32103,7448507330901118246
32104,7448611949820071226
32105,7448640735517084986
32106,7448448385205472569
32107,7448591498909699380
32108,7448631901000109351
32109,7448317147891158287
32110,7448624934143774003
32111,7448484797971827978
32112,7448520999844187452
32113,7448341787548142882
32114,7448336739199995194
32115,7448537424109604115
32116,7448602487579348284
32117,7448412093348449562
32118,7448606100762545417
32119,7448611683024588091
32120,7448617590030732578
32121,7448505546191179023
32122,7448458781773614371
32123,7448553134013697331
32124,7448545510027283748
32125,7448637938897931577
32126,7448644179254709562
32127,7448622143698390307
32128,7448634335084678459
32129,7448553856834735400
32130,7448647503160806696
32131,7448643009660472630
32132,7448624262497275175
32133,7448654422608989479
32134,7448582893372181800
32135,7448400299875667227
32136,7448356683048406313
32137,7448651976147012875
32138,7448551394212072744
32139,7448629789818096950
32140,7448426832459812147
32141,7448404445966109962
32142,7448501804335222035
32143,7448426251116711204
32144,7448612527283375417
32145,7448531026285972770
32146,7448309703924256034
32147,7448603369393917221
32148,7448628736959843647
32149,7448504288952732965
32150,7448571373414403378
32151,7448526822389681408
32152,7448587866311003402
32153,7448535264529501503
32154,7448421294053412155
32155,7448504505986993449
32156,7448580401154624802
32157,7448720887165029673
32158,7448717075826101530
32159,7448673682513333516
32160,7448751213518146827
32161,7448715208421395775
32162,7448675321894735163
32163,7448766602616573199
32164,7448705848639098147
32165,7448761290706668815
32166,7448669550914161979
32167,7449030402318060834
32168,7449037290220834107
32169,7448779560667155722
32170,7448671458953366793
32171,7448703686781504820
32172,7448765469571468602
32173,7448775093657849123
32174,7449034655619124532
32175,7448678647688400128
32176,7448688630190607676
32177,7448717093027007804
32178,7448696667630505226
32179,7448687652494232872
32180,7449034763228187915
32181,7448780711173033268
32182,7448761309501377851
32183,7448717294974405922
32184,7448683169932496163
32185,7448778925766970660
32186,7448767915945397562
32187,7448675811625913634
32188,7449034199211740427
32189,7448770733083249929
32190,7448773883123092796
32191,7448740379295354147
32192,7448671681012321563
32193,7448701447954271503
32194,7448682321848339771
32195,7448764852148948264
32196,7448760351639751977
32197,7448670005966769427
32198,7448813027417165114
32199,7448777208870587707
32200,7448766107244105014
32201,7448723676964424995
32202,7448747508299337000
32203,7448715424079908153
32204,7449032260122185020
32205,7448771169509018880
32206,7448676218024627466
32207,7448785190962384186
32208,7448685646438354185
32209,7448755558380817722
32210,7448668840881425716
32211,7448776323864022329
32212,7448764863146396938
32213,7448695647382834491
32214,7448754176403737890
32215,7448771339059596603
32216,7448767105253510450
32217,7448744449284361522
32218,7448746871427845412
32219,7448777886363831563
32220,7448773969722740020
32221,7448770309466983738
32222,7448777412847897883
32223,7448691954352786747
32224,7448675154575576370
32225,7449028455729089828
32226,7448724403006836028
32227,7449028917391789339
32228,7448757983875452196
32229,7448762539904716066
32230,7448983213336218920
32231,7448678319211564303
32232,7448757628626308379
32233,7449355602830183720
32234,7449056474535415099
32235,7449129672614432059
32236,7449058844149353767
32237,7449047381632470332
32238,7449147419268222258
32239,7449050205426601231
32240,7449734436192636200
32241,7449763169838353721
32242,7449723747289910543
32243,7449697298545675559
32244,7449934838057930021
32245,7450438464253857051
32246,7450339590797413684
32247,7450315257089740067
32248,7450815413333544242
32249,7450697622752365839
32250,7450620249415699750
32251,7450639001029053735
32252,7450776066932673844
32253,7450649248007261455
32254,7450644807254379786
32255,7450640428178672935
32256,7450542248896384295
32257,7450758571169516854
32258,7450868695498296627
32259,7450630945750732082
32260,7450622875217841449
32261,7450640296506952975
32262,7450622256415395109
32263,7450633444163357993
32264,7450657410248740156
32265,7450823737701682471
32266,7450524952853302562
32267,7450529815192505660
32268,7450629881513168186
32269,7450525208655433001
32270,7450790999833480507
32271,7450642596872998201
32272,7450804052226493753
32273,7450719253226966332
32274,7450697315054095655
32275,7450616815660649780
32276,7450555931143834939
32277,7450721336940399912
32278,7450754883860385082
32279,7450824703696031033
32280,7450626214986894618
32281,7450826868036685113
32282,7450848707957837113
32283,7450825522923293993
32284,7450833457149693211
32285,7450757783638543657
32286,7450841699074477327
32287,7450809689358568762
32288,7450812803599863074
32289,7450699440626617659
32290,7450882186896624953
32291,7450846391888350499
32292,7450829251038694715
32293,7450658300695203126
32294,7450651877240278308
32295,7450838315227499814
32296,7450628991410638090
32297,7450739975139642639
32298,7450868329369079099
32299,7450736915889900819
32300,7450642688572951866
32301,7450772144725691689
32302,7450887345802349843
32303,7450695144539442471
32304,7450643323657669948
32305,7450878941696363833
32306,7450866082358807835
32307,7450836475156892968
32308,7450817809120054586
32309,7450749087969758522
32310,7450525764484697403
32311,7450676381110897929
32312,7450752399305608506
32313,7450881267354160434
32314,7450647009767230754
32315,7450687960497868083
32316,7450618718826056972
32317,7450804548614065448
32318,7450840534114995510
32319,7450719214115015973
32320,7450757352455703866
32321,7450698288942091530
32322,7450657655053372711
32323,7450610381661244687
32324,7450778557774810383
32325,7450702759529155878
32326,7450552265548516634
32327,7450675415825321252
32328,7450537644850826553
32329,7450690616742202639
32330,7450888691251268874
32331,7450836442353323322
32332,7450792018781015330
32333,7450833665560431911
32334,7450682708503661883
32335,7450729260160945468
32336,7450855813935058215
32337,7450653833060945164
32338,7450874639976336700
32339,7450681270637530378
32340,7450738744186965259
32341,7450732159419059516
32342,7450837607883361594
32343,7450891138329840922
32344,7450848568279158074
32345,7450831736935648522
32346,7450689949818522932
32347,7450623329519586569
32348,7450796313001610547
32349,7450698937733877029
32350,7450722981929635122
32351,7450860485395713338
32352,7450780054176435456
32353,7450816794119425339
32354,7450753238242037030
32355,7450847838013000997
32356,7450723247894564136
32357,7450640318413753652
32358,7450537596335312188
32359,7450756506456182026
32360,7450807233920716047
32361,7450727565406391603
32362,7450747072287886628
32363,7450821455861812530
32364,7450644094264610088
32365,7450587846076910907
32366,7450676305307176255
32367,7450790766374309157
32368,7450829611421814073
32369,7450524321065356607
32370,7450691213163859254
32371,7450650571947773218
32372,7450686350682098998
32373,7450754343550143803
32374,7450778948595698996
32375,7450631453840264467
32376,7450864676407086351
32377,7450677771291938108
32378,7450741664165039369
32379,7450628933034183995
32380,7450605108997393715
32381,7450809181449293075
32382,7450786542106234150
32383,7450985241252039974
32384,7451189276177337663
32385,7451257575821053244
32386,7451200364507860276
32387,7450964411373669695
32388,7451058698656550159
32389,7451004755662343462
32390,7450990171618643227
32391,7451014091528867098
32392,7451015409274227987
32393,7451135109769596210
32394,7451236129975569723
32395,7451001440178408762
32396,7451031376767225123
32397,7451152422740757818
32398,7451103629202754835
32399,7451064084310576393
32400,7450999419144654131
32401,7451217102125403427
32402,7451105097020443961
32403,7451173288111377674
32404,7450994057494433075
32405,7451185194930834724
32406,7451014745383062795
32407,7451264036995468578
32408,7451011469346344249
32409,7450899792730819892
32410,7451116768204016950
32411,7451071977550384425
32412,7450972795929922826
32413,7451166416520170762
32414,7451149379714420004
32415,7451117794810187019
32416,7451012348686454068
32417,7450965160354680073
32418,7451188428143709467
32419,7451246668885790009
32420,7450974792309542155
32421,7451177030114200870
32422,7451089020265745679
32423,7451213767410601270
32424,7451106295714729270
32425,7451074380492246330
32426,7451039532696358196
32427,7451013708609899839
32428,7451230080212290866
32429,7451128513895173434
32430,7451227705397267722
32431,7451062713201069322
32432,7450919688244104499
32433,7451127442191682873
32434,7451165358234324261
32435,7451241716868255013
32436,7451247413316177190
32437,7451149033571192115
32438,7451127071650221322
32439,7451160167548259596
32440,7451186778389663036
32441,7451024486918343936
32442,7451144413788589323
32443,7450896451653094714
32444,7451016289918750003
32445,7451165606545526076
32446,7451144484437380391
32447,7451114293476494631
32448,7450996168416415010
32449,7451084837688986880
32450,7451030526359637305
32451,7451153238696463670
32452,7451007327836081467
32453,7451115909697113401
32454,7451204914249829689
32455,7451247697152986405
32456,7451087956036668698
32457,7451130819298594083
32458,7451077038133218598
32459,7451263407644282171
32460,7451009860050619708
32461,7451151298268974362
32462,7451219657270299938
32463,7451265471136927039
32464,7451059599781793064
32465,7451147801129438523
32466,7451255364437216563
32467,7451142556085275962
32468,7451029060622224694
32469,7451058317838929202
32470,7451053268710509884
32471,7451118070266940731
32472,7451112341262847241
32473,7451195514617433359
32474,7451168736096177446
32475,7451140433503128870
32476,7450896901517479228
32477,7451255070160604431
32478,7451103070580182298
32479,7450924545457835327
32480,7451072330035481865
32481,7451033966036913418
32482,7451111883932699923
32483,7451225086012575035
32484,7451200907745824034
32485,7451207347747294483
32486,7451014112747785506
32487,7451234753971375369
32488,7451182728726318351
32489,7450967633228221754
32490,7451045006053281081
32491,7451178924748410171
32492,7450907644161690895
32493,7451197612813798713
32494,7451034147243527484
32495,7451143286116388154
32496,7451209981937913114
32497,7451042247749029130
32498,7451018433942064423
32499,7451223776219385122
32500,7450984748446403894
32501,7451077588656704828
32502,7451043448930454793
32503,7451157192427834682
32504,7451185056275647804
32505,7451231837843639561
32506,7451219072395660554
32507,7451240710596070690
32508,7451034539603922211
32509,7450977910275591484
32510,7450979853634948411
32511,7451151601231826203
32512,7451178017335905596
32513,7450920892613283091
32514,7451013389087690035
32515,7451264784663661881
32516,7451257042905369894
32517,7451084442438815012
32518,7451046397610102066
32519,7451145784311024956
32520,7451180739476884786
32521,7451232655238040851
32522,7451161291688873276
32523,7451244244515392825
32524,7451250681161321787
32525,7451080725652163897
32526,7450978831277509915
32527,7451183292495170876
32528,7451198427758628154
32529,7451189346184531257
32530,7451257851550371129
32531,7451067950653623612
32532,7451222251807968522
32533,7451091939597815078
32534,7451233493633240320
32535,7451265259635084604
32536,7451035050881109300
32537,7451145825436192039
32538,7451166865407135036
32539,7451218567262915891
32540,7451218525932260667
32541,7451093662353689867
32542,7451040466822335779
32543,7451005383960743206
32544,7451035754827975948
32545,7451126236941684025
32546,7451177498173295910
32547,7451206969471290681
32548,7451128885204340002
32549,7451238045015149875
32550,7451057834759933221
32551,7451076996819356986
32552,7451104208587164939
32553,7451222140772289802
32554,7451381427750374713
32555,7451376315875331385
32556,7451270680529669415
32557,7451367431769034043
32558,7451353836704320787
32559,7451542965853408570
32560,7451380386279476537
32561,7451581301003390271
32562,7451635247323696418
32563,7451375575639280937
32564,7451359028590005523
32565,7451362548156337459
32566,7451381634886044987
32567,7451373782800796962
32568,7451546504776453403
32569,7451531339431562554
32570,7451372549121822002
32571,7451347838509878578
32572,7451569392363638076
32573,7451434832225176842
32574,7451512185357962547
32575,7451432453648026921
32576,7451542631416401211
32577,7451375037585558842
32578,7451360457501265162
32579,7451438766385941795
32580,7451437922084998460
32581,7451506094142262585
32582,7451395215945911611
32583,7451408889838374155
32584,7451539807915871514
32585,7451595127824354610
32586,7451387667972951337
32587,7451498414874922299
32588,7451432309229686054
32589,7451385093400137012
32590,7451540454270586169
32591,7451609008395390267
32592,7451501356940152115
32593,7451451940560538916
32594,7451593892895477018
32595,7451616208203287835
32596,7451365130983509259
32597,7451630888078609721
32598,7451449882075843900
32599,7451604716338810153
32600,7451546893160680719
32601,7451431979016342793
32602,7451596960831737123
32603,7451536172708416826
32604,7451267888918400314
32605,7451602748501511478
32606,7451373903085178164
32607,7451577641909390651
32608,7451614373262494991
32609,7451452660617825586
32610,7451549484686855487
32611,7451558549483785523
32612,7451526929603104063
32613,7451555022053068089
32614,7451524378220662074
32615,7451585015151922467
32616,7451363941545987386
32617,7451407206441848124
32618,7451513924698017081
32619,7451450909562817807
32620,7451441361842113792
32621,7451561526596554044
32622,7451372405353631035
32623,7451631115678371135
32624,7451536797202451749
32625,7451438413401656635
32626,7451554106541395251
32627,7451458395749600569
32628,7451471114624191778
32629,7451423155098291491
32630,7451349160441154827
32631,7451474433329384763
32632,7451387985993485608
32633,7451401923086945551
32634,7451535478374845733
32635,7451562953314291007
32636,7451599313886645530
32637,7450655729993764150
32638,7451474302223846690
32639,7451619905050316089
32640,7451396518734564608
32641,7451361600713362725
32642,7451463301155786021
32643,7451440080683535626
32644,7451407548932033850
32645,7451446079150673191
32646,7451358676905905467
32647,7450776913724984613
32648,7451576007565315385
32649,7451580101759749434
32650,7451606021199433018
32651,7451418639833517347
32652,7451464150154218812
32653,7451571392044125474
32654,7451596525345475850
32655,7451597982975216959
32656,7451381923185724687
32657,7451435099435912458
32658,7451608997372710163
32659,7451521969729686821
32660,7451480055290580251
32661,7451408076474830138
32662,7451603234700987707
32663,7451441567623171338
32664,7451518633911618856
32665,7451542626429373759
32666,7451460590503071012
32667,7451389714327751947
32668,7451591618366377252
32669,7451606051746549003
32670,7451416916800949564
32671,7451623049482374452
32672,7451394027556998426
32673,7451523719110888738
32674,7451487280474230053
32675,7451604293322394932
32676,7451418298115280137
32677,7451534967131180345
32678,7451514561347308800
32679,7451520535395060992
32680,7451480975575452980
32681,7451444555490020648
32682,7451556598763359523
32683,7451587647497161994
32684,7451581531040140601
32685,7451393463356050715
32686,7451448754860739851
32687,7451526819322367258
32688,7451614220380032271
32689,7451606645223804212
32690,7451273848898571554
32691,7451428657614163200
32692,7451450848418286900
32693,7451488641974553915
32694,7451583102289300762
32695,7451626410361310516
32696,7451601206708915467
32697,7451588610651999526
32698,7451388168399605050
32699,7451272595204312329
32700,7451411615007640859
32701,7451545391255833883
32702,7451559120735456512
32703,7451404605075836214
32704,7451607955444649275
32705,7451560963372846399
32706,7451570300522597692
32707,7451529382461459738
32708,7451570565791517961
32709,7451573010990910754
32710,7451545027173502249
32711,7451569134346767657
32712,7451573108470844709
32713,7451529928207650105
32714,7451496831562894650
32715,7451523929778179387
32716,7451591088223178043
32717,7451522807575481634
32718,7451526339682684200
32719,7451620170562293050
32720,7451573650286824715
32721,7451613245728705851
32722,7451581245999320332
32723,7451519833444715787
32724,7451572128421268773
32725,7451612923383811378
32726,7451526240084757775
32727,7451530384610741564
32728,7451559371860905251
32729,7451529086465264922
32730,7451531491349105974
32731,7451570499475311911
32732,7451488125756493090
32733,7451516021527121161
32734,7451553699907783987
32735,7451602184078232867
32736,7451529678285704474
32737,7451517952903384379
32738,7451603300874587407
32739,7451625367070084391
32740,7448630131700124947
32741,7450851132085193994
32742,7450784853211008293
32743,7451007342440680715
32744,7451542655047191834
32745,7450907315957419273
32746,7450760466843831612
32747,7451222987057007930
32748,7451117420841913652
32749,7451113639597051155
32750,7451063187488787751
32751,7451443642809503016
32752,7451606031337016586
32753,7451624986244091146
32754,7451318805785103667
32755,7451445505504185637
32756,7451398496030035211
32757,7451356442210176290
32758,7451511919476788519
32759,7446952749402475826
32760,7446937878602501386
32761,7446961570925563188
32762,7446820729858952459
32763,7446919798698593546
32764,7447272226405027084
32765,7447222842392874300
32766,7447599898800786746
32767,7447803915065691411
32768,7447745840384314683
32769,7447644444205059368
32770,7448146786738310451
32771,7448034934482013500
32772,7448024286138240314
32773,7448103073542688015
32774,7448105989213048101
32775,7448588097765313851
32776,7448988775398608186
32777,7449044492688149794
32778,7450262101467139338
32779,7451270207173070080
32780,7446993500647755018
32781,7446957629852618024
32782,7446952664094543156
32783,7446986507384048947
32784,7447016635531005184
32785,7447157236675251515
32786,7447277080166944019
32787,7447378401947618587
32788,7447320688941223177
32789,7447373825769098531
32790,7447318361609932084
32791,7447410274052672807
32792,7447339956487458108
32793,7447536268398890280
32794,7447297068491722025
32795,7447839852772511028
32796,7447636901667802427
32797,7447634262733409586
32798,7447758049315491107
32799,7447645361079946534
32800,7447856391177473280
32801,7448186406414929163
32802,7448056158113336614
32803,7448212380338736399
32804,7448132414901128505
32805,7448208397599640890
32806,7448062073830968612
32807,7448213055000907067
32808,7448123171213053203
32809,7448236985895963941
32810,7448246842690702642
32811,7448228916159958307
32812,7448024422121770292
32813,7448197370027838780
32814,7448271669564607779
32815,7448455766492581180
32816,7448416556314348850
32817,7448488563877940514
32818,7448469504062950707
32819,7448472793332616485
32820,7448464816043232552
32821,7448443860511935782
32822,7448601568053660987
32823,7448472861347433786
32824,7448635806627007796
32825,7448613196132404538
32826,7448601363438636298
32827,7448501648827190567
32828,7448486955530210600
32829,7448422949159308583
32830,7448623107226586419
32831,7448557954669841691
32832,7448443397511204105
32833,7448600929940688186
32834,7448595409276046652
32835,7448463419671448889
32836,7448541451497065786
32837,7448617097019641138
32838,7448617693181185306
32839,7448634813709438248
32840,7448607944679148811
32841,7448789677940788495
32842,7448971894801304889
32843,7448696916180733241
32844,7448786636302814504
32845,7448800760453778729
32846,7448676912093859107
32847,7448916811967368457
32848,7448973639602507049
32849,7448904996029992203
32850,7449022788599319868
32851,7448878831462550843
32852,7448783505531718971
32853,7449016301885918518
32854,7448994159542816027
32855,7448839394166836490
32856,7448797556366249256
32857,7448822985718254874
32858,7448855407964982587
32859,7448690276987669817
32860,7448941938461396224
32861,7448748089625693467
32862,7448970103749676326
32863,7448970744731684159
32864,7448916326376017204
32865,7449015993231297807
32866,7449015909215161615
32867,7449155052322786617
32868,7449121086425353511
32869,7449253377587924284
32870,7449180678798806326
32871,7449103936742575420
32872,7449237775372537139
32873,7449382281594129705
32874,7449302330169756954
32875,7449272070418058506
32876,7449352333516967227
32877,7449337146374163748
32878,7449207575611968825
32879,7449188628778995001
32880,7449211125113179429
32881,7449362291004329256
32882,7449342296664902971
32883,7449006163510709564
32884,7449136299723722018
32885,7449333958665309490
32886,7449374997933542713
32887,7449169208140745984
32888,7449123404822662459
32889,7449602930581327164
32890,7449575956806749466
32891,7449492917334461753
32892,7449514813526445366
32893,7449717835389013283
32894,7449506738232888639
32895,7449648862844718377
32896,7449552806106713402
32897,7449977138142350604
32898,7449896553654930715
32899,7450037297258581308
32900,7450080587072802075
32901,7449808379515620666
32902,7450033128250330408
32903,7450092091872513280
32904,7449905319922142502
32905,7450004685609602355
32906,7450047115717299515
32907,7450276351073979707
32908,7450177696169987382
32909,7450502558268886335
32910,7450467539693440283
32911,7450392309700496697
32912,7450271309826690355
32913,7450334235564477696
32914,7450369789710683430
32915,7450885463675620649
32916,7450654554699369767
32917,7450876456739147018
32918,7451201730697628964
32919,7451137798259690802
32920,7451039667790564647
32921,7451046364974239015
32922,7451296416120573242
32923,7451595178252455205
32924,7451558970952617254
32925,7451554489573575973
32926,7447038564744875316
32927,7446931165224750362
32928,7446855887077035323
32929,7447023129165040956
32930,7446820910746602811
32931,7447139315223711035
32932,7447119212428037428
32933,7446975542642986280
32934,7446922007322660156
32935,7446971887546076453
32936,7447022449520069915
32937,7446915224902454579
32938,7446919792113618210
32939,7446997517251775780
32940,7446994045269839164
32941,7446839879545130297
32942,7447376062809410852
32943,7447692941155454262
32944,7447698567520734499
32945,7447684148078120201
32946,7447887679452089612
32947,7447563496591609100
32948,7447561193478212916
32949,7447367552327519526
32950,7447454076150861108
32951,7448491389198798115
32952,7447826310874811689
32953,7448814178816527626
32954,7448859256637410571
32955,7448889674308816164
32956,7449181857645677835
32957,7449291129104764201
32958,7449282439446334757
32959,7449321834069151016
32960,7449236731456392460
32961,7449301251201781043
32962,7449970069167279396
32963,7449899838113697082
32964,7450435619546778943
32965,7450667839255481610
32966,7450705969647996195
32967,7451006234204949799
32968,7451259370253356338
32969,7451506765226577211
32970,7451574820631743784
32971,7451469084950072586
32972,7447104353195789602
32973,7446996636380826921
32974,7447062438387780915
32975,7446782006718909735
32976,7447082359561653564
32977,7447141763942272294
32978,7446959429083254028
32979,7446984867646049570
32980,7447178545014607155
32981,7447085444778528057
32982,7447011580019100928
32983,7447046613706493196
32984,7447073506468138278
32985,7447129725362769210
32986,7446906548951027002
32987,7446875817000439098
32988,7446918075045154098
32989,7446976118076247333
32990,7446918681369595176
32991,7446827239389285651
32992,7447129988672785724
32993,7446918688848022842
32994,7446826443130080569
32995,7447113708465032460
32996,7446823074588052790
32997,7447098586300566795
32998,7447117097726938380
32999,7446827030882159891
33000,7447024841435270457
33001,7446829365154876722
33002,7447493893626613003
33003,7447546966877179186
33004,7447538917907107135
33005,7447447298256145703
33006,7447451604002950463
33007,7447513051940637978
33008,7447090784458837248
33009,7447433296348286220
33010,7447394396229635379
33011,7447388618361965858
33012,7447358311499894075
33013,7447338351109180732
33014,7447462481032678690
33015,7447322571508305211
33016,7447292572000652581
33017,7447350802177445131
33018,7447462250299952436
33019,7447308666509774139
33020,7447327172462677263
33021,7447458846781574436
33022,7447469431749365026
33023,7447188623826488636
33024,7447478153833991481
33025,7447456296116260136
33026,7447487982824606988
33027,7447453694850780435
33028,7447459609620630824
33029,7447281003254664505
33030,7447442661461527866
33031,7447440059000753417
33032,7447466413129878834
33033,7447196696674651433
33034,7447522687422876947
33035,7447304987882949897
33036,7447503296664816908
33037,7447489953967131963
33038,7447529588315507978
33039,7447521377042599208
33040,7447855061889207589
33041,7447719183917370658
33042,7447869073641311526
33043,7447804070305352970
33044,7447818310781013257
33045,7447737115309313318
33046,7447688819924684082
33047,7447686495001005338
33048,7447557667549121852
33049,7447743043689516340
33050,7447896221701737766
33051,7447610638634863891
33052,7447654398706109733
33053,7447558028032773428
33054,7447824127915773221
33055,7447793038258146623
33056,7447775353935777083
33057,7447797957073587456
33058,7447858956908678450
33059,7448013362862034233
33060,7448085768074988851
33061,7448110542733987131
33062,7447827581270904075
33063,7448253133966281994
33064,7448251622867701033
33065,7448197457239969084
33066,7448248241117744384
33067,7448276958674210083
33068,7447948894836690215
33069,7447947657936489769
33070,7447797193634761993
33071,7448240080495463690
33072,7448267892380028186
33073,7448004701548711208
33074,7448160322650754304
33075,7448154703562558777
33076,7448054067458280723
33077,7448278672349416739
33078,7448286133718453564
33079,7448030731957292345
33080,7448100270183042362
33081,7448262996431867196
33082,7447931714954988809
33083,7448272573806284042
33084,7448213483318988069
33085,7448009177793957158
33086,7448185504966643001
33087,7447833822084861196
33088,7448480030851730700
33089,7448580161496190235
33090,7448626607532657959
33091,7448635868023246091
33092,7448563710567730484
33093,7448575945247690034
33094,7448659550825123131
33095,7447839220070124852
33096,7449001677560057138
33097,7448939337783282996
33098,7448930521419238683
33099,7448670902717353275
33100,7448949558547090698
33101,7448956103087377699
33102,7448943121552969014
33103,7448943162262949177
33104,7448872850515119386
33105,7448938185721204025
33106,7448922145326927138
33107,7448943107015494969
33108,7448994026306489609
33109,7448943876762602762
33110,7448862044062764329
33111,7448824721900113178
33112,7449356125813656869
33113,7449253494042791195
33114,7449157596365278500
33115,7449181608466271545
33116,7449348337263775015
33117,7449303891088280873
33118,7449165034342731071
33119,7449390466774207803
33120,7449303250630692136
33121,7449251574158724412
33122,7449215356020804864
33123,7449344736114101561
33124,7449343244250385691
33125,7449298802088873268
33126,7449191974218878243
33127,7449730632361561382
33128,7449677391821032719
33129,7449543238467210523
33130,7449742437196647738
33131,7449553443926150454
33132,7449446617389780251
33133,7449575521173785894
33134,7449684667344637236
33135,7449604968534871315
33136,7449540697075567926
33137,7450116602302876954
33138,7450056310961294649
33139,7450100352193432895
33140,7450050620075117834
33141,7449981163566861568
33142,7449897209031691580
33143,7450113319664454946
33144,7450132882930027814
33145,7450078162999954728
33146,7450032512144903460
33147,7450334437717331241
33148,7450452765563735353
33149,7450494343976062243
33150,7450369891716091199
33151,7450014977710165263
33152,7450252453481663803
33153,7450847310424182079
33154,7450367641358814491
33155,7450733648392850746
33156,7450779646129474866
33157,7450853057233030459
33158,7450805592358243634
33159,7450787432334724404
33160,7450862469158915362
33161,7451082526669458748
33162,7450857901175917859
33163,7451135521411140914
33164,7451186087214550335
33165,7451144972381719866
33166,7451527946356968754
33167,7451545948020280614
33168,7451626581132315964
33169,7451497348984835391
33170,7451519514564365583
33171,7451627215311129915
33172,7451570906763136307
33173,7451489786738527548
33174,7451459879111347516
33175,7451417605585308978
33176,7451492012299160892
33177,7451518473588526355
33178,7451590306488683835
33179,7451535209431829796
33180,7451502071829843226
33181,7446956122117819675
33182,7447177822147235098
33183,7446820073756544266
33184,7447058891646504251
33185,7447104297612987648
33186,7447149937864887611
33187,7446981048677846307
33188,7447047969095912723
33189,7447069328945548578
33190,7446921465674337573
33191,7447155907424800010
33192,7447142238653615412
33193,7446906738390863123
33194,7446949833988001074
33195,7446927390678207782
33196,7447055245852609852
33197,7446842607449246976
33198,7447175110391385359
33199,7447080469801209107
33200,7446990478320373011
33201,7447038791048596736
33202,7447182306500021563
33203,7447037857069305138
33204,7447172567334440228
33205,7447179171475819795
33206,7447103819508485391
33207,7447032976635858228
33208,7446970907563674938
33209,7447009814833679650
33210,7447000150159002915
33211,7446831464949320986
33212,7446946855868583222
33213,7447180592292187450
33214,7447071098912492827
33215,7447103929738923291
33216,7447050929418882364
33217,7446986441441152313
33218,7446986859537763642
33219,7446995030058798393
33220,7447050651009420553
33221,7447118279560170786
33222,7446952945788194085
33223,7447077458131684645
33224,7446817969457384762
33225,7446965457392848169
33226,7446974389859388731
33227,7447178656218107194
33228,7447184314833440050
33229,7447105561373494587
33230,7446963866258574629
33231,7447000281801329979
33232,7446994816270978341
33233,7446948908565007670
33234,7447048480763170106
33235,7446923752723533096
33236,7446981669380295974
33237,7446830147547761980
33238,7447072609663028480
33239,7446916757660470537
33240,7446878248333593897
33241,7447142742645574922
33242,7447159783167216956
33243,7447109685359938850
33244,7447122899724537125
33245,7447115169156615481
33246,7447130826720038201
33247,7446929198368738587
33248,7447116979397201162
33249,7447066615809707314
33250,7447522749062384922
33251,7447365094599658788
33252,7447446857124498707
33253,7447264890923797800
33254,7447201960316374287
33255,7447494927237270803
33256,7447438887502269731
33257,7447078414479002921
33258,7447184650490940706
33259,7447342712501587250
33260,7447425475636415802
33261,7447533225141882170
33262,7447199035208846643
33263,7447391525820009739
33264,7447274256947367226
33265,7447383406683360564
33266,7447294357641710907
33267,7447543725493996852
33268,7447308954457115942
33269,7447248483905506619
33270,7447525724455488831
33271,7447459555363065147
33272,7447391670003387711
33273,7447370019987655995
33274,7447272967907593530
33275,7447184747593256249
33276,7447293240522362171
33277,7447343606647508258
33278,7447428553223851303
33279,7447526948751838500
33280,7447319763388239167
33281,7447549405395291392
33282,7447437813374766372
33283,7447499697712827706
33284,7447522521865342223
33285,7447282606648855827
33286,7447254115354185000
33287,7447406518883863848
33288,7447296638520986918
33289,7447440808921419045
33290,7447256120663477562
33291,7447548635761380618
33292,7447349602073726219
33293,7447282632062274875
33294,7447288288253136186
33295,7447481486346865970
33296,7447375679936564506
33297,7447197729639419187
33298,7447287384875470132
33299,7447456303515045139
33300,7447395475193367843
33301,7447263400633060647
33302,7447276425486273803
33303,7447092732515847482
33304,7447341920055053625
33305,7447186670501236018
33306,7447241683298700601
33307,7447306941526740284
33308,7447358034831052070
33309,7447448790220475674
33310,7447235762862574889
33311,7447299023695908154
33312,7447297692931296539
33313,7447300513160301874
33314,7447186575152139546
33315,7447189745769204992
33316,7447184369980116274
33317,7447335818424782090
33318,7447194168608230716
33319,7447395409854532903
33320,7447549295579893051
33321,7447189614508395802
33322,7447244146647026983
33323,7447226184489815306
33324,7447877120577080610
33325,7447705686626143538
33326,7447832159496277282
33327,7447652334479461673
33328,7447663977145929018
33329,7447781862438718771
33330,7447833409407159606
33331,7447767106227129619
33332,7447916832352193844
33333,7447706006412348706
33334,7447678984785022271
33335,7447863003917192458
33336,7447724028476935476
33337,7447562041356766504
33338,7447621293844827419
33339,7447828593746431295
33340,7447696603231653180
33341,7447805424830598451
33342,7447921852028177674
33343,7447843205908925754
33344,7447895462172020009
33345,7447832369949723944
33346,7447847409108995354
33347,7447649380322086201
33348,7447727589268983100
33349,7447874171054476582
33350,7447844175883603250
33351,7447867880630275388
33352,7447923293052521791
33353,7447707469285002530
33354,7447557541174709531
33355,7447556482809285942
33356,7447863235115633978
33357,7447656514988428604
33358,7447594978672463145
33359,7447672283163806991
33360,7447865553529720076
33361,7447889125337861428
33362,7447910194647993652
33363,7447653217808174377
33364,7447569314930036018
33365,7447722457802345786
33366,7447797485990415625
33367,7447682484562595106
33368,7447644334591085861
33369,7447806574212549948
33370,7447812504824171802
33371,7447603568066039100
33372,7447737620085427490
33373,7447798456409705740
33374,7447558392710827303
33375,7447559099551599887
33376,7447917905460628793
33377,7447863735672130873
33378,7447642123731504393
33379,7447651903573364026
33380,7447608770445823247
33381,7447819026190880050
33382,7448073540466691388
33383,7448011493351755008
33384,7448133277728132411
33385,7448104359600065850
33386,7448198812838989097
33387,7448078480597667132
33388,7447914445956861218
33389,7448198031628881209
33390,7448137565011561737
33391,7448185718305721619
33392,7448097922362707200
33393,7448214438055890236
33394,7448126495375101225
33395,7448171126578023699
33396,7448075566500154674
33397,7448195609749687612
33398,7448175935972576552
33399,7448132895312579874
33400,7448150636136336649
33401,7448056526054493455
33402,7448210201800494390
33403,7447914868134464820
33404,7448071443352407333
33405,7448186023470697785
33406,7448095041907625276
33407,7448156707106147620
33408,7448209227207740722
33409,7448153677732367667
33410,7448160570429295881
33411,7448043267163245861
33412,7448099763033050419
33413,7448106634737454371
33414,7448087022964657417
33415,7447955211638869286
33416,7448065364438568202
33417,7448156714441919755
33418,7448275143547276598
33419,7448165567300766976
33420,7448026936036658489
33421,7448046819889696050
33422,7448195934309174565
33423,7448137767801982267
33424,7448233417851850023
33425,7447882612095438090
33426,7448230440315522363
33427,7448215797563952419
33428,7448132455430720794
33429,7448068817114107162
33430,7448115347195989286
33431,7448261651742215443
33432,7448041735088868635
33433,7448276181830470931
33434,7448216537057561890
33435,7448013085199093055
33436,7448179824453012793
33437,7448051834700188985
33438,7448136619175054651
33439,7448278537351580988
33440,7448204976473541939
33441,7448103898688048419
33442,7447922279725501730
33443,7448229096745684261
33444,7448244031018061113
33445,7448236035391196451
33446,7448271882773712166
33447,7447963182552845626
33448,7448248074176105787
33449,7448202855988628795
33450,7448115297623493923
33451,7448264669199912252
33452,7448237145082432828
33453,7448218856486636809
33454,7448232466290167090
33455,7448145214360898825
33456,7448096809186053385
33457,7448047880285211954
33458,7448065726264479015
33459,7448103660652940579
33460,7448151736138698010
33461,7448029051064782140
33462,7448104514751679807
33463,7448255186910448896
33464,7448238267037699385
33465,7448288709486677306
33466,7448036735902059828
33467,7447924249664179490
33468,7448078904197172507
33469,7448075603829329179
33470,7448033634226933032
33471,7448267099421625638
33472,7448135915224026426
33473,7448233240265051451
33474,7448292726321270051
33475,7448182107446332706
33476,7448058705515482428
33477,7448272629712063801
33478,7448058501252861222
33479,7448162487523921164
33480,7448041102608715018
33481,7448205732211739967
33482,7448241718836743482
33483,7448181131129670939
33484,7448186357882654009
33485,7448230814925589771
33486,7448085862333549833
33487,7448126999610133820
33488,7448102826464578856
33489,7448039362102562067
33490,7448037293622938940
33491,7448128587066002714
33492,7448136340522257718
33493,7448150058324741434
33494,7448067741484977419
33495,7447962223269465401
33496,7448157183306501428
33497,7448201837347491132
33498,7448080913377889593
33499,7448244133174512935
33500,7448044234042641701
33501,7448256601020042506
33502,7448272523533290763
33503,7447930395867352370
33504,7448036234892414249
33505,7448175067109920037
33506,7448182425668111676
33507,7448080976598601019
33508,7448075057798073658
33509,7447790184373947688
33510,7448171722093727016
33511,7448227972907011343
33512,7448143062422932772
33513,7447945382501305635
33514,7448254116796665098
33515,7448232825339366691
33516,7448083128209411378
33517,7448270932956826890
33518,7448286540582702388
33519,7448276337841737023
33520,7448381262688963851
33521,7448443724197088546
33522,7448499516392623397
33523,7448262039740402954
33524,7448640840643136807
33525,7448474806644657460
33526,7448582212619963702
33527,7448605257451523388
33528,7448576387734179129
33529,7448648908957437184
33530,7448156417120341274
33531,7448547686799707455
33532,7448446615410511130
33533,7448453922794032419
33534,7448662787070463272
33535,7448508648025754899
33536,7448634551045328185
33537,7448476178043751714
33538,7448639794109762857
33539,7448438952727448869
33540,7448454018394770698
33541,7448343956460555554
33542,7448444960266816826
33543,7448493255630589243
33544,7448451939303460134
33545,7448435518305553721
33546,7448456465607658779
33547,7448473752242867514
33548,7448537098480651572
33549,7448451111578569994
33550,7448500110708739368
33551,7448463454161128744
33552,7448481927570492730
33553,7448411349304085796
33554,7448627146492300598
33555,7448588260332358946
33556,7448319960021093692
33557,7448548440579067186
33558,7448624866351222054
33559,7448503964913388858
33560,7448494271314791731
33561,7448299022223232268
33562,7448425212472757563
33563,7448610628685679930
33564,7448614416330870016
33565,7448512933975444790
33566,7448492912540781883
33567,7448607642295029007
33568,7448510236152925478
33569,7448454651059440922
33570,7448631780795632937
33571,7448477679877131557
33572,7448400262546459938
33573,7448607682069630220
33574,7448527930625477947
33575,7448638140803239204
33576,7448570690036387072
33577,7448612002563509504
33578,7448422057806712122
33579,7448480511137189179
33580,7448483594747645223
33581,7448520205522701619
33582,7448531877142482186
33583,7448628957668248869
33584,7448620935852166440
33585,7448415704505765156
33586,7448325981674196235
33587,7448421381085170994
33588,7448521983127571769
33589,7448668376236395835
33590,7448446111938841913
33591,7448593993908194600
33592,7448481638570298643
33593,7448665318215470394
33594,7448434257195732261
33595,7448579923083562277
33596,7448647852332535076
33597,7448617980017102107
33598,7448444216100785466
33599,7448439202288536841
33600,7448662714123046154
33601,7448349670100749627
33602,7448541739431906587
33603,7448517598532242707
33604,7448461737289944378
33605,7448639575724985609
33606,7448340004482321722
33607,7448300969181400355
33608,7448649766277369098
33609,7448610744473603378
33610,7448477465636293897
33611,7448488563789925684
33612,7448410166678097209
33613,7448455816073497906
33614,7448584632200695040
33615,7448458717986655514
33616,7448456280936697088
33617,7448609123182087464
33618,7448512076940643611
33619,7448595025635675430
33620,7448448502880931122
33621,7448356449593347363
33622,7448640429622332712
33623,7448403811397291314
33624,7448461136388771112
33625,7448380063696817465
33626,7448461147033832754
33627,7448581976065330484
33628,7448334324081888570
33629,7448199342642498854
33630,7448418974468951307
33631,7448303620577168676
33632,7448472126283156746
33633,7448422588600077587
33634,7448447845155310905
33635,7448615886539214099
33636,7448643665435659579
33637,7448495523897560360
33638,7448567458698513718
33639,7448449089852673332
33640,7448419328845712674
33641,7448480757879786786
33642,7448534579910069519
33643,7448592371400363303
33644,7448662152983940392
33645,7448406577398287653
33646,7448667887285390626
33647,7448376989590801716
33648,7448606670806207779
33649,7448515933397601596
33650,7448585946225741090
33651,7448419043171749156
33652,7448450346403351849
33653,7448635390715530533
33654,7448621579589700921
33655,7448590565580573967
33656,7448622017055706425
33657,7448499843108031796
33658,7448447738208963900
33659,7448502720232705340
33660,7448493819537984818
33661,7448628652503272723
33662,7448440746757164303
33663,7448609008719645978
33664,7448484652815306043
33665,7448484580195175718
33666,7448580670152019239
33667,7448402594956889382
33668,7448602248126467354
33669,7448629706250833209
33670,7448581547977886986
33671,7448467280763145482
33672,7448559309115378944
33673,7448561098665528610
33674,7448198858145877274
33675,7448836230864735542
33676,7448664545205177634
33677,7448880559104838963
33678,7448839969050791222
33679,7449021842188242228
33680,7449036885101481242
33681,7448923225540595007
33682,7448796926197189888
33683,7449038077797977402
33684,7448804723072814394
33685,7448971824513158463
33686,7448824999869254946
33687,7448787340249632026
33688,7448887498320661760
33689,7448959321691507995
33690,7448877990022237476
33691,7448925429253016868
33692,7448921322870082875
33693,7448737963522936074
33694,7448835370512436518
33695,7448791543537798457
33696,7448829028204580159
33697,7448664911086963977
33698,7448948416358501691
33699,7448824241983606068
33700,7448875189561052476
33701,7448987489458605362
33702,7448864510112222515
33703,7448930711668641024
33704,7448919913298775353
33705,7448876921141693756
33706,7449011264103140608
33707,7448988732964867367
33708,7448995414243593491
33709,7448815071641357577
33710,7448976356722969894
33711,7448674413253283135
33712,7449035362740997385
33713,7448860645262363943
33714,7448859431657295144
33715,7448968798754868516
33716,7448821203650874676
33717,7448935620828728635
33718,7448834260645006604
33719,7449005613088099621
33720,7448898394942147898
33721,7448979702397570331
33722,7449007282127392050
33723,7448815431067962659
33724,7448841800141278476
33725,7448847068292042047
33726,7448978602374237492
33727,7448885912051666234
33728,7448980981853244683
33729,7448799854622461193
33730,7448848584402947347
33731,7448793108986350900
33732,7448977160271957298
33733,7448930215373327655
33734,7448738558757686537
33735,7448718293298449716
33736,7448891961924193572
33737,7448858304014568764
33738,7448999962152668426
33739,7448806223069056294
33740,7448968538611649827
33741,7449017772023074105
33742,7448966251105307916
33743,7448669878640233747
33744,7448968672351145251
33745,7448907015084100916
33746,7448830023726812426
33747,7448963209471495484
33748,7448877490887576871
33749,7448917984971656499
33750,7448679750844845331
33751,7448941833805188393
33752,7448894793641463100
33753,7449019694029344041
33754,7448807470157352192
33755,7448823968888278308
33756,7448770930748296508
33757,7448930390967897370
33758,7448744963556347177
33759,7449015943738527010
33760,7448917585392831784
33761,7448970913585925391
33762,7448761128961740073
33763,7449037368276962586
33764,7448977220497853746
33765,7448695566067862820
33766,7448638394000854291
33767,7448957629365292345
33768,7448920344687070474
33769,7448993641013595431
33770,7448987380771458364
33771,7448969238087339321
33772,7448900887726034176
33773,7448945693655321897
33774,7448814692316810555
33775,7449034570130918714
33776,7449264922732662066
33777,7449401536481987898
33778,7449209591348481292
33779,7449080525295340815
33780,7449217341826551052
33781,7449347932362493242
33782,7449042849091325243
33783,7449182515341937977
33784,7449347756566711609
33785,7449228642330152244
33786,7449225779038145827
33787,7449080362153594138
33788,7449140210035707176
33789,7448568055841525002
33790,7449118450414341426
33791,7449303578839174451
33792,7449375916314266880
33793,7449251291391348020
33794,7449140681202797839
33795,7449040921519328572
33796,7449373430786411834
33797,7449376141011324175
33798,7449139906389069115
33799,7449146365378120995
33800,7449392245691731237
33801,7449358328745987388
33802,7449195279460388154
33803,7449228575548411147
33804,7449259612018183484
33805,7449155750443633970
33806,7449340995033992502
33807,7449293566402186546
33808,7449140889798102283
33809,7449042017390284084
33810,7449232523105733947
33811,7449203170426883364
33812,7449220747769285939
33813,7449105669405281536
33814,7449280998564564239
33815,7449251728974777600
33816,7449305040306638080
33817,7449049679439924538
33818,7449111609739463974
33819,7449298113820462371
33820,7449008793612012811
33821,7449204616429948186
33822,7449299570657365300
33823,7449227936961432886
33824,7449255522051738889
33825,7449312885710327055
33826,7449300959253056826
33827,7449232500930448680
33828,7449743344051260683
33829,7449588972365286697
33830,7449592165665082651
33831,7449590851069660452
33832,7449674526079733002
33833,7449556044423908618
33834,7449589302033534235
33835,7449662038458142006
33836,7449652332079451449
33837,7449685980920974652
33838,7449649136305065231
33839,7449657951490526476
33840,7449685904056208691
33841,7449692115224841483
33842,7449518880906644786
33843,7449599532347804962
33844,7449704523708370234
33845,7449625075751357756
33846,7449672073305132315
33847,7449652344817454395
33848,7449711338625977651
33849,7449407967096540475
33850,7449741862228741412
33851,7449311564752047375
33852,7449633615140425012
33853,7449533192916241716
33854,7449654553949080866
33855,7449627193891704103
33856,7449672440545938703
33857,7449669100206427419
33858,7449232183916645686
33859,7449778260449201434
33860,7449917759472848155
33861,7449890795567500604
33862,7450010256609955122
33863,7449720925106244921
33864,7450097528202120459
33865,7450059953252928831
33866,7449977481924185381
33867,7449878919668387081
33868,7449784704363973900
33869,7449762554857016614
33870,7449876333292768512
33871,7449893441904971065
33872,7449811852789320969
33873,7449885572866395452
33874,7449809465462754610
33875,7450044641119964466
33876,7450050451275369738
33877,7449875159625911603
33878,7450022642205068571
33879,7450037110431616282
33880,7449849168484470075
33881,7450069139323981115
33882,7449889545488715066
33883,7449914499815050505
33884,7450377691909393705
33885,7450291358700424487
33886,7450392727818112282
33887,7450334937594531126
33888,7450409362813750555
33889,7450324088838507803
33890,7450300191208377609
33891,7450265730945125684
33892,7450030163292687631
33893,7450815840817106210
33894,7450755068418084115
33895,7450706100887866663
33896,7450685648148647206
33897,7450705385633221899
33898,7450710499639053568
33899,7450780858962676992
33900,7450629471167696186
33901,7450685860523167033
33902,7450657805180177722
33903,7450669258381479226
33904,7450765608154615092
33905,7450806000925330748
33906,7450838698603679003
33907,7450782736828190004
33908,7450551002505284918
33909,7450783138386644258
33910,7450717865524612362
33911,7450689640245349692
33912,7450418215185911051
33913,7450806830692945211
33914,7450791886194740537
33915,7450536353151946018
33916,7450640483010776347
33917,7450700426825059611
33918,7450884330093645096
33919,7450417741682756883
33920,7450607503659846948
33921,7450652036833529147
33922,7450860559844527419
33923,7451028263515786505
33924,7451151269097426233
33925,7451174995293719818
33926,7451162012182170921
33927,7451216395674701082
33928,7451110941980200232
33929,7451172877677710627
33930,7451142853893295418
33931,7451067465133509945
33932,7450757966145375523
33933,7451027557916364092
33934,7451231359332404540
33935,7450881183073799475
33936,7451077081250762042
33937,7450903050903948579
33938,7451018150268636435
33939,7451066314317188411
33940,7451101500916452617
33941,7451203824469019964
33942,7451182019620424960
33943,7451418852476341563
33944,7451604524160027931
33945,7451582776156917049
33946,7451377813019512090
33947,7451380919581019392
33948,7451542409248312616
33949,7451380022218214706
33950,7451284728008756537
33951,7451603596732419365
33952,7446920660472974631
33953,7447000469869759744
33954,7447164023826648377
33955,7446842259909217593
33956,7447050860590435603
33957,7447280504203660601
33958,7447688668447378748
33959,7448069457538338089
33960,7448114162170957115
33961,7448230136014540042
33962,7448166643659722038
33963,7448110499939503395
33964,7448049846629535035
33965,7448082053058432306
33966,7448114569039367478
33967,7448115952484453643
33968,7448050175303535913
33969,7448144931694071059
33970,7448192589792070966
33971,7448182293312703763
33972,7448183449967545641
33973,7448175737078598953
33974,7448178114577960228
33975,7448172910285458729
33976,7448373879359278371
33977,7448659835710721331
33978,7448635285895761179
33979,7448509426006297866
33980,7448475581315845434
33981,7448439434665610547
33982,7449027846263115046
33983,7448734504379813170
33984,7449402319239712035
33985,7449050490563792163
33986,7449156118678474042
33987,7449249131438034233
33988,7449379746795883830
33989,7449237123271544098
33990,7449264478308322619
33991,7449695543061662991
33992,7449728640742362402
33993,7449723456536595753
33994,7449689253061135670
33995,7449732392245349647
33996,7449690046996712743
33997,7449676185207967015
33998,7449426132375588147
33999,7449758039747464458
34000,7450025013521976586
34001,7450090903907159296
34002,7450012782042352953
34003,7450045957816765734
34004,7449927937316474172
34005,7450033703151078697
34006,7450275441069395254
34007,7450652430016007436
34008,7450777993846328612
34009,7450692171272932658
34010,7450650851019885860
34011,7450730480695135507
34012,7450681082892045579
34013,7450613308853472552
34014,7450654608881388809
34015,7450818156035083546
34016,7451055281779330323
34017,7451165358871907594
34018,7451205821855206715
34019,7451191579974389052
34020,7450801908551355657
34021,7451463350665415993
34022,7451524295005621538
34023,7451444478692314394
34024,7451583287023193407
34025,7451571804910456127
34026,7451590622282026276
34027,7451587527636520228
34028,7451568971100343615
34029,7451497192084213042
34030,7451583949677120809
34031,7451383295260085564
34032,7451380808109116684
34033,7451437830024285490
34034,7451582640207039756
34035,7451569541500456233
34036,7447518334859382035
34037,7447726605864029503
34038,7447885484124081435
34039,7448580259760360761
34040,7448990392910925114
34041,7449392600085187867
34042,7449084323023703350
34043,7449942704785476927
34044,7450096621444025658
34045,7449923858532027648
34046,7450110920736476454
34047,7450092259590032650
34048,7450036018897521931
34049,7450140845174541583
34050,7449969266645830912
34051,7449982563294121226
34052,7450446537357856034
34053,7450506551971843385
34054,7450521093019864383
34055,7450428598399339835
34056,7450171788912299290
34057,7450349099087334671
34058,7450464422268554505
34059,7450424046048611594
34060,7450369070655999271
34061,7450385939953732915
34062,7450457729296190755
34063,7450367951246511423
34064,7450420488142081330
34065,7450757876550749440
34066,7450621103745027366
34067,7450486790881938751
34068,7450857363805982002
34069,7450803475052514596
34070,7450860179266047268
34071,7450632391015681315
34072,7450782351811939620
34073,7450729430613380386
34074,7450477777192652068
34075,7450859176357645607
34076,7450732817580903739
34077,7450720069623090468
34078,7450660564621151529
34079,7450461375307975947
34080,7451222957155749120
34081,7451182257760374051
34082,7451234139757415740
34083,7451223919467466042
34084,7451064302552911140
34085,7451560055985458447
34086,7451526101500824842
34087,7451431674115657010
34088,7451383871020535049
34089,7451501590676016438
34090,7451465996856085823
34091,7451505186150894885
34092,7451508930036911396
34093,7451503041229983033
34094,7451406124164697394
34095,7451434240366906664
34096,7451401610741222696
34097,7449411820852481289
34098,7450022579328273698
34099,7450101936189164837
34100,7451203499309698315
34101,7451253474299235610
34102,7451217851790200102
34103,7451193899315514634
34104,7451263906678328635
34105,7451259323138755852
34106,7451261436656880933
34107,7451224874418294016
34108,7451166219060792633
34109,7451233463228747062
34110,7451255522541522187
34111,7451200393138244924
34112,7451259649141099833
34113,7451197340918041913
34114,7451164662378319114
34115,7451254299864108325
34116,7451258326614084905
34117,7451403101589884175
34118,7451386892186144010
34119,7451384850201775372
34120,7451463668543294720
34121,7451435552030690599
34122,7451396239347797263
34123,7451423428671819017
34124,7451432378041404724
34125,7451471765928217895
34126,7451376077806619963
34127,7451525777981558057
34128,7451476328722861364
34129,7451272385157778728
34130,7451451523327986954
34131,7451517934138068243
34132,7451456698918653210
34133,7451629468847738171
34134,7451455858304650523
34135,7451460795847707913
34136,7451483484805139748
34137,7451367968748932415
34138,7451538892269931803
34139,7451290989701909814
34140,7451442056477642025
34141,7451412392069598501
34142,7451477476250864948
34143,7451471660412095783
34144,7451478678522891580
34145,7451393858065255690
34146,7451432412057242939
34147,7451466184626605321
34148,7451509922702970124
34149,7450477909707443471
34150,7451453455165820197
34151,7451428984434330880
34152,7451449300086721804
34153,7451436276634438952
34154,7451455650799979787
34155,7451503219274026259
34156,7451450163807210793
34157,7451506324925386042
34158,7451427317299055929
34159,7451460261946461459
34160,7451460400031272192
34161,7451509725134376230
34162,7451429472403803426
34163,7451429584123284771
34164,7451436805884333323
34165,7451558452549274880
34166,7451450076217494819
34167,7451498464250268979
34168,7451533160048872764
34169,7451433529830821147
34170,7451584130371915048
34171,7451493226520775970
34172,7451511617554025768
34173,7451438529067961619
34174,7451453074943511858
34175,7451457808156986660
34176,7451491145621818675
34177,7451461911452962105
34178,7451450202944261416
34179,7451521862825184550
34180,7451536598686010662
34181,7451497458342956339
34182,7451512477247999286
34183,7451466729076690191
34184,7451434181956996403
34185,7451499067890355483
34186,7451455161836375311
34187,7451428366835600690
34188,7451496306943544617
34189,7451534693666704674
34190,7451553534614572324
34191,7451593189632249129
34192,7451462084199533881
34193,7451569685616790819
34194,7451617073471425830
34195,7451517951972281626
34196,7451488287413292351
34197,7451470811891780890
34198,7451581105792175375
34199,7451558273720798527
34200,7451487562763390268
34201,7451510824830569763
34202,7451540075264953619
34203,7451593279063330089
34204,7451491401512062223
34205,7451497401195449638
34206,7451567343802551603
34207,7451593774628654390
34208,7451545879804202276
34209,7451530671442447653
34210,7451533666490043711
34211,7451587731173494026
34212,7451605236243828028
34213,7451460564598918459
34214,7451510168518446362
34215,7451521680666660134
34216,7451603188462963983
34217,7451451104749047094
34218,7451558604546657548
34219,7451458850198261049
34220,7451577629561359673
34221,7451498180207824154
34222,7451505916899364107
34223,7451470994071457035
34224,7451579874801683771
34225,7451603879365463353
34226,7451494760939900198
34227,7451534116614360356
34228,7451583783414910271
34229,7451487222152334650
34230,7451589617003908406
34231,7451601043579800889
34232,7451453696367480123
34233,7451496140337417506
34234,7451556979509628217
34235,7451525454227311899
34236,7451502161285926202
34237,7451514551130000652
34238,7451549194415885578
34239,7451519820937415996
34240,7451501542621859132
34241,7451458462271212858
34242,7451444156863368485
34243,7451514301543648575
34244,7451587368215137573
34245,7451542821846125864
34246,7451545771989683495
34247,7451439021558893839
34248,7451428956290534692
34249,7451456236307926299
34250,7451595641504959794
34251,7451451537655598396
34252,7451423862748761385
34253,7451437416835075338
34254,7451455890605002024
34255,7451598377495629066
34256,7451505219646639410
34257,7451467471900445967
34258,7451433711842643240
34259,7451529715430460681
34260,7449132658736532794
34261,7451378377329511706
34262,7451514183507594530
34263,7451431640871554358
34264,7451521090611924235
34265,7451472261845945610
34266,7451508575605771532
34267,7451562854190189851
34268,7451465146477661466
34269,7451569281994591547
34270,7451451194913967370
34271,7451610451261033755
34272,7451442189768346938
34273,7451462764658248972
34274,7451382599915801894
34275,7451612097856802085
34276,7451405490971528474
34277,7451478962011704634
34278,7451497098131803404
34279,7451422592247811385
34280,7451471526873861433
34281,7451422858531589402
34282,7447683469662047503
34283,7451630243888123194
34284,7451588274260299059
34285,7451555557472767267
34286,7451636447813094715
34287,7451633181578530106
34288,7451607642604096822
34289,7451531544587488563
34290,7451611135658298635
34291,7451601458585193778
34292,7451623821158747452
34293,7451540951849291048
34294,7451537532778597692
34295,7451619932199996712
34296,7451619421891677500
34297,7451594558040788251
34298,7451619746530823439
34299,7451637564324302118
34300,7451604446829727027
34301,7451609066620734747
34302,7451616387430255883
34303,7451527165604089128
34304,7451615545046076672
34305,7451599993867111739
34306,7451608713972026624
34307,7451609765119003931
34308,7451585678472711474
34309,7451565365827538176
34310,7451624437520026892
34311,7451526538249424143
34312,7451607246485703988
34313,7451615450787499323
34314,7451579090273963316
34315,7451619210108620089
34316,7451619523272265017
34317,7451571568070724899
34318,7451116850450074889
34319,7451521299937103144
34320,7451548378065833266
34321,7451454702757219610
34322,7451561241497161019
34323,7451636523507748156
34324,7451603993412898111
34325,7451605310436920591
34326,7451465668119022899
34327,7451597651587501370
34328,7451062129714580746
34329,7451171358626598196
34330,7451144375121267983
34331,7451210444582260026
34332,7451243875055799589
34333,7451143754439855420
34334,7451208072514506018
34335,7451450139283164425
34336,7451511183959395621
34337,7451401935384628495
34338,7451234242052345138
34339,7451535877928455451
34340,7451382470576049442
34341,7451554853697932604
34342,7451459945670741259
34343,7451285101649874234
34344,7451542131228904742
34345,7451597535392632074
34346,7451486105762811151
34347,7451463770724994314
34348,7451521912758422796
34349,7451508274521771316
34350,7451515055453080842
34351,7451516427598679296
34352,7451620838161304843
34353,7451446391626321186
34354,7451264171007642895
34355,7451591740210842906
34356,7451438963610438921
34357,7451512084455623975
34358,7451430935628647734
34359,7451522744061037833
34360,7451418703477951795
34361,7451412621967887655
34362,7451543204131884338
34363,7451499934567730451
34364,7451513075896749349
34365,7451534011584793856
34366,7450672815730298149
34367,7450759591702433075
34368,7450861468821507337
34369,7450695934733831478
34370,7450855230821977401
34371,7450691631554071868
34372,7451149074662722870
34373,7451377211577322779
34374,7451553376535383307
34375,7451370163233967396
34376,7451395601859677466
34377,7451514605563645218
34378,7451430121283554586
34379,7451404215924034827
34380,7451376978923359498
34381,7451387613614722340
34382,7451377801044790528
34383,7451409612085005606
34384,7451536015388396839
34385,7451547714258505011
34386,7451522180686318886
34387,7451515201742032178
34388,7451571556414737691
34389,7451523808235752730
34390,7451518593793133863
34391,7451525838891224354
34392,7451561868981767450
34393,7451541645373263115
34394,7451616022307605775
34395,7451530646947712290
34396,7451573986359528756
34397,7451537691310689588
34398,7451573468946025780
34399,7451588236054416700
34400,7451514370946780473
34401,7451567885551504692
34402,7451569589734886713
34403,7451519795310234932
34404,7451631453646982427
34405,7451529392402091276
34406,7451531922368400680
34407,7451404994013596938
34408,7451428689620815119
34409,7451389848549625126
34410,7451429740684086566
34411,7451118190093962535
34412,7451246043259227446
34413,7451616144554757387
34414,7451589543460932874
34415,7451579440506654010
34416,7451633546180955426
34417,7451387153373809920
34418,7451550367067737401
34419,7451606591096360249
34420,7451419896413523239
34421,7451608705335971087
34422,7451527384307682594
34423,7451533222204263718
34424,7451507942089608467
34425,7451562489684167976
34426,7451549153064258873
34427,7451558439941147938
34428,7451612855343811891
34429,7451443162658245925
34430,7451542792230243595
34431,7451487088739994899
34432,7451428899994537251
34433,7451560810297576767
34434,7451573279774543167
34435,7451598274047544603
34436,7451600101002235175
34437,7447114992014396707
34438,7447144815218806056
34439,7447408019345771826
34440,7447371425708641594
34441,7447291394655374632
34442,7447432082483154176
34443,7447838996345982248
34444,7447643172760505638
34445,7447876028002733370
34446,7447836292026551615
34447,7448147278285557007
34448,7448033576391691577
34449,7448033139324177721
34450,7448029117066382618
34451,7448029994116189450
34452,7448240347395771648
34453,7448516012925897999
34454,7448430530061782331
34455,7448316661649673513
34456,7448450972197735740
34457,7448929070995295514
34458,7448915768185490726
34459,7449025049220238646
34460,7448817137633873178
34461,7448864205840583988
34462,7448865742180732211
34463,7449240433965698341
34464,7449190895477411107
34465,7449201548040736012
34466,7449158263297297699
34467,7449370581989854464
34468,7449211069681257778
34469,7449262874620415273
34470,7449725810921065786
34471,7449559899102629131
34472,7449561696462589221
34473,7449614377382055206
34474,7449725696756206900
34475,7449572714760752411
34476,7449717271548726580
34477,7449758558440279332
34478,7449711491911142715
34479,7449595245165022524
34480,7449747154853170490
34481,7450053772371299641
34482,7449973270968880435
34483,7450085530819120443
34484,7449899556440935717
34485,7449924802254556426
34486,7450068445590261018
34487,7449807478897806592
34488,7450049724494712114
34489,7450022083456716032
34490,7450114592459476260
34491,7449933878699035955
34492,7449922212666150201
34493,7450012694058454330
34494,7450514261564001590
34495,7449851177824439578
34496,7449851062313389321
34497,7450347522037501241
34498,7450360904199228724
34499,7450355515923647755
34500,7450302640048606502
34501,7450177824700255546
34502,7450314120093650210
34503,7450439315257052451
34504,7450835808312954151
34505,7450839198145269055
34506,7451221475257830656
34507,7451150792305806626
34508,7451181798593236239
34509,7451149893747461428
34510,7451184510881811766
34511,7451162640975400207
34512,7451131961445338426
34513,7451104522207792447
34514,7451253331068079396
34515,7451143616162041151
34516,7451127743061740819
34517,7451192371418598666
34518,7451119290230557963
34519,7451257064187366716
34520,7451222232694607164
34521,7451245234916166972
34522,7451209048613080380
34523,7451117072135818523
34524,7451249843248336162
34525,7451218878392192315
34526,7451138949252205864
34527,7451224227610447155
34528,7451257140720831756
34529,7451198654460841257
34530,7451251491937029413
34531,7451227621318511891
34532,7451179608654777611
34533,7451132250294357257
34534,7451261937855335731
34535,7451156663006006586
34536,7451024615331237135
34537,7451197615460388136
34538,7451065978751962387
34539,7451248359127387450
34540,7451245301651819816
34541,7451228334656195878
34542,7451184697381555508
34543,7451224631102475572
34544,7451242097631366435
34545,7451255459421359396
34546,7451186807699459387
34547,7451253149358230794
34548,7451201541396008250
34549,7451222295697231163
34550,7451230319153335587
34551,7451158123579985203
34552,7451236419969748282
34553,7451242046041378074
34554,7451218728332659968
34555,7451490581588610354
34556,7451537855534386469
34557,7451379143859588403
34558,7451437791365336330
34559,7451523563359653132
34560,7451431712573148443
34561,7451267015936888079
34562,7451519901354806538
34563,7451446319366868261
34564,7451536303625129270
34565,7451418980520070458
34566,7451504567977659711
34567,7451515698385358114
34568,7451500197424680252
34569,7451303872078892324
34570,7451374004121750838
34571,7451374760090504500
34572,7451559209306459404
34573,7451608339919768890
34574,7451523191878601994
34575,7451368432345435407
34576,7451526570428091698
34577,7451530246051941672
34578,7451362918043618617
34579,7451598262848605500
34580,7451368038479203618
34581,7451598016919670066
34582,7451371708679802172
34583,7451608183484812584
34584,7451532036180823348
34585,7447338587458112783
34586,7447341597320154383
34587,7447395818971090228
34588,7447688966112840972
34589,7448119034731711759
34590,7448559715447016719
34591,7449184062150823209
34592,7449749529668242688
34593,7449630242152402228
34594,7449672284492533019
34595,7450057874274782521
34596,7450334862076120372
34597,7450395908212149540
34598,7450391899594181927
34599,7450478825202289980
34600,7450711662639746344
34601,7450766041845615907
34602,7451633685020888372
34603,7451636878643711242
34604,7451516783770569999
34605,7451468150538816808
34606,7449914402704329999
34607,7451048495995194678
34608,7451621610005515531
34609,7451606649510382899
34610,7451636466616241465
34611,7451611850950675738
34612,7451610309044751667
34613,7451632996047703315
34614,7448282488025206056
34615,7448614162852220171
34616,7448615008784682303
34617,7448923789649349907
34618,7448927518695902523
34619,7448986440110804250
34620,7448999525873749287
34621,7448861385859058984
34622,7448935935271669043
34623,7449318783535156516
34624,7449317460446055716
34625,7449247727659044096
34626,7449373080826301705
34627,7449280309159284008
34628,7449715167534894355
34629,7449519028722257178
34630,7449610358265777446
34631,7450053024879332619
34632,7450142182733892902
34633,7450054998920170789
34634,7450491813493837116
34635,7450747756458642729
34636,7450747167305698579
34637,7451156692408012044
34638,7451058100737461542
34639,7451191193163058492
34640,7451633631426104587
34641,7449243374458080524
34642,7449372468608879929
34643,7449279696828681531
34644,7449195685024386367
34645,7449893520619490569
34646,7450327559096569103
34647,7450344005541334291
34648,7451448156283309353
34649,7451451913553366298
34650,7451411556467854632
34651,7451624635054951739
34652,7451400082613669135
34653,7451536071105482044
34654,7451439576096329017
34655,7451392930742291751
34656,7451516548180659491
34657,7451438120785956123
34658,7451596374547762469
34659,7451159879563136268
34660,7451195689129856307
34661,7451191386361040155
34662,7451214274170490123
34663,7451221151742741811
34664,7451195954377624842
34665,7451187008208129343
34666,7451175374110641408
34667,7451203557585440058
34668,7451227435724573992
34669,7451153147961101619
34670,7451170771008900409
34671,7451193644431822090
34672,7451191840688065811
34673,7451191261760851209
34674,7451193014904458555
34675,7451189899635510538
34676,7451193110085995803
34677,7451260846690291004
34678,7451193026124320011
34679,7451203525394124095
34680,7451259881388084490
34681,7451214095996570938
34682,7451218476217224482
34683,7451192148168346921
34684,7451166252166303036
34685,7451265272113040649
34686,7451151034535136521
34687,7451616811725917459
34688,7451278675422481691
34689,7451546342654086436
34690,7451304692899958074
34691,7451630015680236836
34692,7451575719932562724
34693,7451559234036059451
34694,7451595498491759931
34695,7451455970825243931
34696,7451396870594743612
34697,7451379311573028153
34698,7451465159203163427
34699,7451454482547871039
34700,7451461876598197561
34701,7451465540322774332
34702,7451395157980613922
34703,7451533785050385722
34704,7451438073054858535
34705,7451543100964490533
34706,7451425273951636746
34707,7451562494503537930
34708,7451547163768737082
34709,7451461272706534682
34710,7451211486531308809
34711,7451524567538978060
34712,7451565606291131687
34713,7451529891230567743
34714,7451536644668198207
34715,7451536709835033907
34716,7451402418761338172
34717,7451531687982320896
34718,7451574735009320230
34719,7451560300593106215
34720,7451558375923518755
34721,7451503973313285411
34722,7451591518445489460
34723,7451463761933684025
34724,7451437101347786044
34725,7451630904528604475
34726,7451577873183313164
34727,7451585293888638267
34728,7451473916230520104
34729,7451447858550557986
34730,7451555094824291595
34731,7451519181343788299
34732,7451442946722778426
34733,7451576898968112438
34734,7451532499693473061
34735,7451373230436257024
34736,7451521231142112571
34737,7451384649445543180
34738,7451416598658747683
34739,7451368905332788543
34740,7451402699263757608
34741,7451506824311754011
34742,7451572212907265315
34743,7451433279716183315
34744,7451523506711350554
34745,7451611852309548326
34746,7451454136890969396
34747,7451319177140260105
34748,7451365516419124495
34749,7451524067942845747
34750,7451631958582463785
34751,7451404153772903691
34752,7451586062582861116
34753,7451532040928906511
34754,7451582474544500006
34755,7451605580789058873
34756,7451406165889617186
34757,7451609834522168626
34758,7451589122013007116
34759,7451577422924844314
34760,7451521141702741308
34761,7451541203826314507
34762,7451544573878275338
34763,7450391411742051636
34764,7450907288493215033
34765,7451184339217370427
34766,7447514245605903654
34767,7447823142803819814
34768,7447798841308482852
34769,7448668122757844262
34770,7448394948589669669
34771,7449489505012190527
34772,7449447047494700314
34773,7449655539140791610
34774,7449411396229532979
34775,7449610063959969078
34776,7449687538635197696
34777,7449415933573090618
34778,7449760485081107763
34779,7449746544334556426
34780,7449612450716077327
34781,7449633196708351244
34782,7449656240927427855
34783,7449503965051374859
34784,7449624144561409314
34785,7449421685809286412
34786,7449500715485089084
34787,7449522285746212156
34788,7449601975257189669
34789,7449471517584395572
34790,7449742645355760906
34791,7449489650399366460
34792,7449603176262683954
34793,7449725245004565800
34794,7449671985170271527
34795,7449770909331672357
34796,7449423898300402982
34797,7450100009883700520
34798,7450149427068636442
34799,7451182467261779258
34800,7447318379041426748
34801,7447320574524787983
34802,7447676128296275259
34803,7447659312773614908
34804,7447687365134486835
34805,7447871579578486074
34806,7448070977314901285
34807,7448134329827446076
34808,7448136040470039808
34809,7448577301027032360
34810,7448544676073721103
34811,7448519544601185574
34812,7448837603157200185
34813,7449138362146999586
34814,7449407333198777659
34815,7449160880903802175
34816,7449363099741719866
34817,7449373067555507494
34818,7449286578439998759
34819,7449234343127567676
34820,7449296445389147433
34821,7449240143195688249
34822,7449623003723353379
34823,7449554344153779508
34824,7449769126798675200
34825,7449531860801097020
34826,7450108325116579130
34827,7449933105042951478
34828,7450128385998621986
34829,7449976705881607434
34830,7449989994569076025
34831,7449925358444399910
34832,7450091090557799737
34833,7450251906263289088
34834,7450438800007875877
34835,7450479526255152403
34836,7450190841018076474
34837,7450370708816792858
34838,7450480787222187273
34839,7450192082934795579
34840,7450312334683229477
34841,7450497371315785011
34842,7450417301058358568
34843,7450847676050050338
34844,7450723050992995636
34845,7450863047775751484
34846,7451204209761865020
34847,7451221650793598243
34848,7451162642271489306
34849,7451131913877605672
34850,7451222994560552227
34851,7450999506839031067
34852,7451133013527760138
34853,7451115474957372731
34854,7451622622699228479
34855,7451430864296152378
34856,7451545514065055013
34857,7451575483797376290
34858,7447460226434895167
34859,7447401258803105050
34860,7447413562449956147
34861,7447383451487063315
34862,7447376489223294265
34863,7447366236998061369
34864,7447736567638052150
34865,7447920320436079910
34866,7447768013543099658
34867,7448228242185571642
34868,7448848914389798154
34869,7448865864805371186
34870,7449152892495318326
34871,7449092492223319354
34872,7449408767004888379
34873,7449140464789228852
34874,7449398599517064498
34875,7449212839845170468
34876,7449121598474341658
34877,7449405479228345609
34878,7449050560994561338
34879,7449082090135555386
34880,7449142245107715391
34881,7449152273508338953
34882,7449147982127058234
34883,7449404752787508539
34884,7449401141093305652
34885,7449399836970880290
34886,7449141517647744306
34887,7449113748456983827
34888,7449126073402445115
34889,7449132032929664315
34890,7449403782372314387
34891,7449146356335168808
34892,7449141268019547449
34893,7449402078956506428
34894,7449404547744779578
34895,7449151367748357413
34896,7449067160078519603
34897,7449135419771424010
34898,7449062730826321212
34899,7449148363867475219
34900,7449133017861197090
34901,7449068785790766394
34902,7449066347444686139
34903,7449111338196012298
34904,7449151836147158287
34905,7449054675921358099
34906,7449154823187926322
34907,7449150668620746020
34908,7449146920921992508
34909,7449147166574120249
34910,7449155709930851643
34911,7449132363377823036
34912,7449142851532786978
34913,7449139118728154406
34914,7449398680001531163
34915,7449501457369419017
34916,7449511029114932492
34917,7449520064459525387
34918,7449485285525556507
34919,7449518661427006779
34920,7449488421078289675
34921,7449485322536209722
34922,7449460228640296203
34923,7449519927838461203
34924,7449418795229252891
34925,7449484598544813364
34926,7449498941885910322
34927,7449515049028291903
34928,7449411447777479974
34929,7449471007783472444
34930,7449415279639137551
34931,7449505911523052810
34932,7449513889538133308
34933,7449413851616922895
34934,7449513153123126568
34935,7449492534595718436
34936,7449509607333973298
34937,7449475337844477223
34938,7449414951829064972
34939,7449500650255273273
34940,7449417860385869071
34941,7449419333387701541
34942,7449590339720989952
34943,7449441285485694219
34944,7449455843608644879
34945,7449478673658334501
34946,7449982114814004537
34947,7450142912110759231
34948,7450449962485255462
34949,7450494879790075190
34950,7450742346880273702
34951,7451197425202646323
34952,7451339146544663858
34953,7448187257992924452
34954,7447810585439309090
34955,7448946746408914187
34956,7449288673876544768
34957,7450412881134308646
34958,7451284064562154789
34959,7447536627775327498
34960,7447497184750144828
34961,7447468563020909824
34962,7447445168476753164
34963,7447858503277890866
34964,7447875550506421556
34965,7447758994552163623
34966,7447846340765240576
34967,7447699645272231228
34968,7447799608010476839
34969,7447783180242914571
34970,7447782607724514598
34971,7447745264728673551
34972,7447758028134255911
34973,7447803821805374731
34974,7447734217930231040
34975,7447702121266400538
34976,7447700913541696778
34977,7447806397242232074
34978,7447693419188620559
34979,7448158952451329339
34980,7448263369926167823
34981,7448126205733195017
34982,7448056842258894140
34983,7448096724725402918
34984,7448099683009940796
34985,7448026335705910564
34986,7448193986927316233
34987,7448063147904109875
34988,7448053621754809638
34989,7448467915524853030
34990,7448511974423498044
34991,7448470177613663545
34992,7448425369914363188
34993,7448299474415340851
34994,7448624428193205555
34995,7448608567529114932
34996,7448421418443820303
34997,7448928304725314828
34998,7448775399057739008
34999,7448929239929244964
35000,7448863425955908914
35001,7448948591437122828
35002,7448923908406955291
35003,7448830882913258787
35004,7448990062525582655
35005,7448950117522050363
35006,7448996546747632907
35007,7448817532531723546
35008,7448816905114160419
35009,7448796091224558883
35010,7448751975107235132
35011,7449024784467348774
35012,7449357116302822707
35013,7449231385610571045
35014,7449206820712762664
35015,7449167585582533945
35016,7449197620439911732
35017,7449335007929191740
35018,7449273426138664251
35019,7449264369390718248
35020,7449237287566691622
35021,7449137129487093042
35022,7449375012445818151
35023,7449254241505512764
35024,7449127415646850362
35025,7449647292082064680
35026,7449734265706794290
35027,7449657696078286131
35028,7449635858715512083
35029,7449755139969240347
35030,7449588530935876898
35031,7449725685473594675
35032,7449690511432027418
35033,7449668532226247994
35034,7449944580042034443
35035,7449749002737782051
35036,7450026625141460258
35037,7449943930776358163
35038,7449998006532803855
35039,7450051976945208603
35040,7449795529569094975
35041,7449968792542760244
35042,7450481035999055164
35043,7450376510248176956
35044,7449998842881232128
35045,7450242864568749350
35046,7450324436286197052
35047,7450368376112729403
35048,7450477189117529353
35049,7450370711929015592
35050,7450526180064775474
35051,7450642287001963833
35052,7450856429885459770
35053,7450644278667136292
35054,7450670745992170790
35055,7450985927310183731
35056,7451236167078481190
35057,7451260896640388403
35058,7451174709674167579
35059,7450915212036738354
35060,7451549265505078528
35061,7451407466048310537
35062,7451602428480212283
35063,7451398681665785114
35064,7451397356966186281
35065,7451445909117766951
35066,7447428639127342387
35067,7447553382144904508
35068,7447452291520597275
35069,7447916190862757179
35070,7447719459306966281
35071,7447759266309557540
35072,7447793674894757178
35073,7447831861306395916
35074,7447781184773393714
35075,7447557343455350074
35076,7447671271527042363
35077,7448159423584931123
35078,7448124023705373963
35079,7448113608954842387
35080,7448109587288313140
35081,7448562192540011813
35082,7448420454911560969
35083,7448642832174239016
35084,7448601859004108091
35085,7448547836284751131
35086,7448448714084977972
35087,7448572922412813607
35088,7448601841920658748
35089,7448624177780739388
35090,7448526421888109863
35091,7448608761528274233
35092,7448593087380688187
35093,7448459740440481060
35094,7448960129380207882
35095,7448813911689743675
35096,7448891907356380431
35097,7448958703597882663
35098,7449013404687191311
35099,7448878447713176891
35100,7448909146910510363
35101,7448254950557142310
35102,7448818204941520138
35103,7449018248487636284
35104,7448982042961923366
35105,7448923695122287907
35106,7449022313825193226
35107,7449033146164579599
35108,7449302909231156537
35109,7449392546788298047
35110,7449158176903138618
35111,7449356317833170228
35112,7449179927645080892
35113,7449409734861507894
35114,7449351678052060468
35115,7449174039530097978
35116,7449336354518912294
35117,7449360116064750867
35118,7449378013021506874
35119,7449372929730678016
35120,7449173006309543180
35121,7449709349502602533
35122,7449609225061338408
35123,7449774379417783589
35124,7449508391677857087
35125,7449711155058167077
35126,7449556723620220217
35127,7449727185310502178
35128,7449732186904743208
35129,7449751145632861455
35130,7449678581057342747
35131,7449696049490398483
35132,7449535009079184649
35133,7449555087321615675
35134,7449725101076925755
35135,7449759647382162739
35136,7449972562022468876
35137,7450125936172731684
35138,7449929760462966051
35139,7449953648802581796
35140,7450061525471055163
35141,7449787776486231355
35142,7450138660931931426
35143,7450031939110636858
35144,7449959009529974073
35145,7450017923109883195
35146,7449907635517689126
35147,7449785521481551162
35148,7449901240105880895
35149,7450032492284824890
35150,7449856526749093180
35151,7450032914722573628
35152,7449820282090540298
35153,7450128147338546447
35154,7450137075623529780
35155,7449919293170519323
35156,7449918385774742784
35157,7450141715890965779
35158,7450044745985936698
35159,7449949066366127420
35160,7450418333603745035
35161,7450485662957964603
35162,7450084701424995638
35163,7450456420266282266
35164,7450410540876238132
35165,7450480451921218826
35166,7450085014508768548
35167,7450692645250256168
35168,7450763809964199205
35169,7450873982603087143
35170,7450866532638297403
35171,7450558353392061715
35172,7450782370539539770
35173,7450799125030817050
35174,7450851607870229760
35175,7451027265619512628
35176,7451022758693162298
35177,7450984493353028900
35178,7451214800861924642
35179,7451114262455504186
35180,7451547637532183865
35181,7451574291159633161
35182,7451367715501034791
35183,7451544574092217627
35184,7451403878102289664
35185,7451433055006297353
35186,7451438343742688571
35187,7451607442661592331
35188,7451466157086821659
35189,7451563067718028602
35190,7451505759361191179
35191,7451503950966132006
35192,7451443516992982335
35193,7451466196517440827
35194,7451413171111251219
35195,7451523136878546213
35196,7451516968710049078
35197,7451532420324674835
35198,7451416363052043546
35199,7451623430941609253
35200,7446986769825877259
35201,7447665916378172681
35202,7450611103123524924
35203,7451548437297859874
35204,7451552113097870643
35205,7447278598093917467
35206,7447877808291843364
35207,7447729895926533402
35208,7447725492993641786
35209,7448273136757329189
35210,7448452373615332627
35211,7449023601933602105
35212,7449006670920813839
35213,7449399097171152179
35214,7449378033737289017
35215,7449312365973196044
35216,7449688774394645801
35217,7449761271269903631
35218,7449784477137521932
35219,7450099605225753883
35220,7449938353065119033
35221,7450017390647102778
35222,7450353048561503547
35223,7450367939473050891
35224,7450287699707088138
35225,7450275744732761382
35226,7450484039108136252
35227,7450399393611615542
35228,7450716702922329354
35229,7450713001620933925
35230,7450776451512651042
35231,7450717045261454655
35232,7450809984348212480
35233,7451091798962752806
35234,7451007810910948649
35235,7451465960231406911
35236,7451574114155892027
35237,7451401571449015611
35238,7451438424076209446
35239,7451505078038564150
35240,7451476645791141170
35241,7451616992794135866
35242,7448147372032462091
35243,7447794242254163259
35244,7448202634953018643
35245,7447815004172127497
35246,7448153447100091663
35247,7447831772844412211
35248,7447825048578116915
35249,7447863378472750393
35250,7448184056962878777
35251,7448546268370062644
35252,7447885531804978458
35253,7448214609632185637
35254,7448489804146232576
35255,7449894525272591631
35256,7450792793967955227
35257,7450813892940320060
35258,7447741285470866723
35259,7448069080906566970
35260,7448197815173401865
35261,7448095238842879242
35262,7448198787207646479
35263,7448117752444816691
35264,7448082754689846587
35265,7448229042773429555
35266,7448251198618078505
35267,7448278857511177532
35268,7448207704461479183
35269,7448089563479772476
35270,7448168573241003324
35271,7448562990976175375
35272,7448477342785113395
35273,7448578830140198171
35274,7448460928279907622
35275,7448603904872303926
35276,7448549072773991695
35277,7448582671028014393
35278,7448538383829273894
35279,7448592809822637346
35280,7448570095971896602
35281,7448565815462448420
35282,7448637014318107962
35283,7450337069936807195
35284,7450176559870250274
35285,7450653500645674297
35286,7450827526412209418
35287,7450406573769379083
35288,7450805669189455139
35289,7450808892885404966
35290,7450828794086165797
35291,7450715385122327866
35292,7450795585017236763
35293,7450672995175075072
35294,7450807233178324233
35295,7450798829667929402
35296,7450762875318062393
35297,7451127575780298020
35298,7451069348606709004
35299,7451040475647069494
35300,7451131666258480444
35301,7451243586475085114
35302,7451108144157052220
35303,7451189337363926322
35304,7451143678787112227
35305,7450391747894447400
35306,7450693647479196943
35307,7450851236888186122
35308,7450779888405073192
35309,7450731997686795579
35310,7449688987955924259
35311,7449966104375512320
35312,7450712086939700495
35313,7450386030366133539
